player_id,player_name,position,team,salary,site_player_id,season_avg,recent_form,matchup_factor,vegas_factor,final_projection,opponent,implied_total,over_under,chalk_score,estimated_ownership_pct
00-0033040,Tyreek Hill,WR,KC,9100,5485,23.645454545454548,38.13100000000001,0.9391459085260084,1.3351877607788596,38.731863941879226,DEN,32.0,51.0,89.70238095238095,22.102805722053866
00-0033873,Patrick Mahomes II,QB,KC,8200,1523,26.48909090909091,27.9808,1.0118890981803046,1.3351877607788596,36.79609821862336,DEN,32.0,51.0,100.0,38.09581510231824
00-0033893,Dalvin Cook,RB,MIN,9500,5559,25.15,21.452,1.1717193894042237,1.2830319888734354,35.02963893857923,JAX,30.75,51.0,88.55793650793652,19.82281876186022
00-0029604,Kirk Cousins,QB,MIN,6400,1415,17.31090909090909,21.747,1.2099881308106206,1.2830319888734354,30.317793405544872,JAX,30.75,51.0,79.0079365079365,9.399284193932212
00-0031381,Davante Adams,WR,GB,9000,5263,25.422222222222224,22.375,0.9709512285244702,1.2100139082058414,28.077629571592272,PHI,29.0,50.0,84.7936507936508,15.93401096271847
00-0023459,Aaron Rodgers,QB,GB,6800,1252,23.58181818181818,24.7602,0.9406126719831156,1.2100139082058414,27.510340719901965,PHI,29.0,50.0,76.77744708994709,8.100568482676211
00-0030035,Adam Thielen,WR,MIN,7300,5333,18.31,19.352,1.0963945713755463,1.2830319888734354,26.48974296957025,JAX,30.75,51.0,85.97089947089947,17.23494698775434
00-0036322,Justin Jefferson,WR,MIN,6900,5835,16.527272727272727,19.376,1.0963945713755463,1.2830319888734354,25.25273395761872,JAX,30.75,51.0,85.41534391534391,16.608291972788706
00-0030506,Travis Kelce,TE,KC,7300,4582,19.26909090909091,21.041,0.9190735377193532,1.3351877607788596,24.732976594786265,DEN,32.0,51.0,89.16021227768215,14.182732678435478
00-0035640,D.K. Metcalf,WR,SEA,8200,5725,19.445454545454545,20.119,0.9856192099523322,1.241307371349096,24.2026923782494,NYG,29.75,48.5,84.35449735449735,15.474275236861782
00-0032764,Derrick Henry,RB,TEN,9200,5445,20.09090909090909,23.097,0.911380670972306,1.2100139082058414,23.81345218476523,CLE,29.0,54.0,81.7399470899471,12.58242638392081
00-0029701,Ryan Tannehill,QB,TEN,6200,1410,19.865454545454547,17.46,1.0435797400119058,1.2100139082058414,23.56628420780483,CLE,29.0,54.0,70.37119708994709,5.284885261816338
00-0035676,A.J. Brown,WR,TEN,7600,5728,17.533333333333335,17.104,1.0678488028054984,1.2100139082058414,22.37765534851616,CLE,29.0,54.0,81.94179894179894,13.175149243929468
00-0029263,Russell Wilson,QB,SEA,7700,1412,24.77636363636364,16.995199999999997,0.8596599430858454,1.241307371349096,22.287264232463144,NYG,29.75,48.5,75.78042328042328,7.579642146335535
00-0034367,Nyheim Hines,RB,IND,5300,5623,12.636363636363637,16.291999999999998,1.3305767483274482,1.116133518776078,21.48077533895664,HOU,26.75,50.0,74.5436507936508,7.787719131231512
00-0036355,Justin Herbert,QB,LAC,6900,1552,23.51,21.2954,0.8962837981864645,1.0326842837273993,20.73545056520403,NE,24.75,47.0,66.68154761904762,4.1324658112352015
00-0033594,Chris Carson,RB,SEA,6300,5565,16.985714285714288,13.968000000000002,1.066334900683657,1.241307371349096,20.485932246118114,NYG,29.75,48.5,83.33042328042328,13.98986102869896
00-0034857,Josh Allen,QB,BUF,7100,1529,23.49272727272728,22.2636,0.914395595381033,0.9700973574408902,20.29413798539563,SF,23.25,48.0,58.17294973544973,2.343473941006877
00-0030431,Robert Woods,WR,LA,5900,5217,16.400000000000002,18.748,1.0746148413765997,1.0744089012517386,20.290514247937697,ARI,25.75,49.0,76.06481481481481,8.904292647266447
00-0035685,David Montgomery,RB,CHI,5500,5713,13.57,15.179000000000002,1.4347902982844527,0.980528511821975,20.22280551543304,DET,23.5,44.0,69.9904761904762,5.74886847802961
00-0034791,Nick Chubb,RB,CLE,7700,5622,16.685714285714287,18.316000000000003,1.1069274444871349,1.0431154381084842,20.207419061346258,TEN,25.0,54.0,77.70952380952382,9.617710317534709
00-0030279,Keenan Allen,WR,LAC,8100,5198,19.318181818181817,21.577,0.9509494356682948,1.0326842837273993,20.080158677418357,NE,24.75,47.0,71.81349206349206,6.706733110335001
00-0033537,Deshaun Watson,QB,HOU,7500,1518,23.39454545454545,27.0976,0.8126293094866898,0.9700973574408902,19.90222504410436,IND,23.25,50.0,56.61044973544973,2.111646029147862
00-0022942,Philip Rivers,QB,IND,5900,1231,14.983636363636364,17.481,1.0502841069292324,1.116133518776078,19.02845341932976,HOU,26.75,50.0,63.1374007936508,3.262839480330121
00-0031428,Allen Robinson,WR,CHI,6700,5258,16.70909090909091,18.549,1.0845416570904054,0.980528511821975,18.74715033377933,DET,23.5,44.0,69.83862433862434,5.879396468890763
00-0031610,Darren Waller,TE,LV,6100,5419,13.29090909090909,11.195,1.252284323131966,1.1578581363004172,17.751887327357306,NYJ,27.75,48.0,83.18273092369478,9.521253013196768
00-0032211,Tyler Lockett,WR,SEA,7400,5386,17.736363636363635,11.144000000000002,0.9856192099523322,1.241307371349096,17.66693272770504,NYG,29.75,48.5,75.2063492063492,8.408998982188777
00-0022924,Ben Roethlisberger,QB,PIT,6500,1232,18.481818181818184,18.6502,0.9298056327730968,1.0222531293463144,17.64693070329651,WAS,24.5,43.5,55.926752645502646,2.017558154879937
00-0035228,Kyler Murray,QB,ARI,7600,1537,26.505454545454544,21.3284,0.7450853144240722,0.9700973574408902,17.287281663070548,LA,23.25,49.0,48.01669973544973,1.1907115686838377
00-0031280,Derek Carr,QB,LV,5800,1441,15.476363636363637,9.7252,1.178167404247788,1.1578581363004172,17.18936552597795,NYJ,27.75,48.0,58.489583333333336,2.393467916075435
00-0033699,Austin Ekeler,RB,LAC,7100,5575,17.22,18.257,0.9312866299528576,1.0326842837273993,17.059560090296852,NE,24.75,47.0,72.61904761904762,6.849948570246453
00-0033293,Aaron Jones,RB,GB,7200,5543,18.83333333333333,13.271,0.8735203176171397,1.2100139082058414,16.966686426767225,PHI,29.0,50.0,77.83994708994709,9.701699816578772
00-0033906,Alvin Kamara,RB,NO,7000,5562,23.91818181818182,15.686999999999998,0.845027474370468,1.0118219749652295,16.931559159016338,ATL,24.25,46.0,70.7510582010582,6.047884348283458
00-0036223,Jonathan Taylor,RB,IND,5700,5820,12.25,10.547,1.3305767483274482,1.116133518776078,16.927927260518583,HOU,26.75,50.0,76.14365079365079,8.664330793741742
00-0033871,Corey Davis,WR,TEN,5100,5550,13.544444444444444,12.059,1.0678488028054984,1.2100139082058414,16.541257665505192,CLE,29.0,54.0,76.12698412698413,8.941274148092445
00-0033908,Cooper Kupp,WR,LA,6100,5552,14.327272727272726,14.102,1.0746148413765997,1.0744089012517386,16.41187445462711,ARI,25.75,49.0,71.36111111111111,6.507486175329708
00-0035831,James Robinson,RB,JAX,7300,5849,18.27272727272728,19.349,1.027303608564929,0.8449235048678722,16.327697311570855,MIN,20.25,51.0,61.90978835978836,3.354459071820662
00-0033757,Robert Tonyan,TE,GB,3700,4744,12.48,12.517,1.060248742389326,1.2100139082058414,16.034522182023785,PHI,29.0,50.0,81.06585070440492,8.26807002532339
00-0031547,DeVante Parker,WR,MIA,6400,5380,12.745454545454544,14.581999999999995,1.0439454256637972,1.116133518776078,15.920735648212444,CIN,26.75,43.0,71.46957671957672,6.554712614202263
00-0035311,Myles Gaskin,RB,MIA,5900,5789,14.071428571428571,15.089,0.974611364204646,1.116133518776078,15.860304776989354,CIN,26.75,43.0,75.9936507936508,8.578119261891809
00-0036261,Brandon Aiyuk,WR,SF,5400,5830,14.4625,17.866,0.9361332928118686,1.0326842837273993,15.626467648697052,BUF,24.75,48.0,69.18386243386243,5.628276805323204
00-0034521,Allen Lazard,WR,GB,5000,5711,13.64,12.891,0.9709512285244702,1.2100139082058414,15.585164901436,PHI,29.0,50.0,74.53439153439155,8.040612498397342
00-0030520,Mike Glennon,QB,JAX,4800,1420,18.0,18.0,1.0245673562165023,0.8449235048678722,15.582258748577823,MIN,20.25,51.0,60.85978835978836,2.803187026329695
00-0031588,Stefon Diggs,WR,BUF,7500,5424,18.045454545454547,16.988000000000003,0.9156376285271456,0.9700973574408902,15.559366894493534,SF,23.25,48.0,59.12433862433864,2.878209504574076
00-0031687,Raheem Mostert,RB,SF,6200,5414,15.720000000000002,13.237000000000002,1.0265229827225546,1.0326842837273993,15.34828359731748,BUF,24.75,48.0,71.96904761904761,6.559456906722111
00-0034855,Baker Mayfield,QB,CLE,5300,1528,13.083636363636366,12.604,1.13814133309957,1.0431154381084842,15.248345286032382,TEN,25.0,54.0,56.77827380952381,2.135404357939815
00-0027939,Cam Newton,QB,NE,5800,1378,17.266,13.966,1.0473822167709863,0.9283727399165508,15.184390911420577,LAC,22.25,47.0,39.99917328042328,0.6977107374513
00-0033357,Taysom Hill,QB,NO,6300,1530,7.743636363636364,15.0974,1.3028085898033377,1.0118219749652295,15.054645387683852,ATL,24.25,46.0,42.8885582010582,0.8459246267702845
00-0033106,Jared Goff,QB,LA,5800,1490,16.03090909090909,11.489,1.017162533054082,1.0744089012517386,15.03754540344418,ARI,25.75,49.0,46.09953703703704,1.047849782938914
00-0031382,Jarvis Landry,WR,CLE,6200,5335,10.94,14.215799999999998,1.1065189356607712,1.0431154381084842,14.517751586419626,TEN,25.0,54.0,65.26322751322752,4.3337259141847415
00-0035719,Deebo Samuel,WR,SF,6300,5726,13.24,16.259,0.9361332928118686,1.0326842837273993,14.258786184602268,BUF,24.75,48.0,63.85052910052911,3.944206392359328
DST_PIT,Pittsburgh,DST,PIT,4300,7024,11.272727272727272,11.272727272727272,1.0,1.2614035087719295,14.219457735247207,WAS,24.5,43.5,78.71693121693121,15.421411559766534
00-0033923,Kareem Hunt,RB,CLE,5400,5560,14.154545454545456,10.337,1.1069274444871349,1.0431154381084842,14.139619517493312,TEN,25.0,54.0,69.25952380952381,5.475441382626667
00-0033869,Mitchell Trubisky,QB,CHI,5400,1519,13.616,12.4634,1.0936123289471775,0.980528511821975,13.982705929721307,DET,23.5,44.0,41.34672619047619,0.7632926131809944
00-0035243,Miles Sanders,RB,PHI,6700,5714,13.6625,10.521,1.3192576736130168,0.8762169680111266,13.977530464803094,GB,21.0,50.0,61.44391534391535,3.2518768628311063
DST_MIA,Miami,DST,MIA,4400,7016,9.454545454545457,9.454545454545457,1.0,1.4748717948717949,13.944242424242429,CIN,26.75,43.0,81.32936507936509,18.355314705289867
00-0031549,Nelson Agholor,WR,LV,5200,5378,10.427272727272728,10.82,1.115161685660353,1.1578581363004172,13.71722897876708,NYJ,27.75,48.0,69.94444444444446,5.921020341447756
00-0034837,Calvin Ridley,WR,ATL,7200,5631,17.91,14.79,0.9188971799555592,0.9075104311543812,13.63440848707704,NO,21.75,46.0,51.25396825396825,1.7031458533903956
00-0032385,Sterling Shepard,WR,NYG,5300,5456,12.242857142857144,13.124999999999998,1.3588872356485655,0.7823365785813631,13.484375669535108,SEA,18.75,48.5,53.53439153439153,1.982790630335718
00-0026143,Matt Ryan,QB,ATL,5600,1301,17.438181818181818,14.2114,0.9378108470027404,0.9075104311543812,13.46805426895343,NO,21.75,46.0,32.264384920634924,0.4166106294609898
00-0034272,Marquez Valdes-Scantling,WR,GB,4400,5656,10.01,12.828,0.9709512285244702,1.2100139082058414,13.415777619350774,PHI,29.0,50.0,70.49735449735451,6.14334547379554
00-0032950,Carson Wentz,QB,PHI,5400,1514,17.585454545454546,15.1792,0.9238017221008642,0.8762169680111266,13.260686999076784,GB,21.0,50.0,35.34391534391534,0.5115544705490392
00-0035229,T.J. Hockenson,TE,DET,5000,4749,11.818181818181818,11.093,1.3450381542489755,0.8553546592489569,13.17948152169668,CHI,20.5,44.0,67.99905973098745,3.460045409079864
00-0027944,Julio Jones,WR,ATL,6600,5089,16.337500000000002,15.125,0.9188971799555592,0.9075104311543812,13.118427431946827,NO,21.75,46.0,53.1058201058201,1.926941118867617
00-0035659,Terry McLaurin,WR,WAS,6800,5757,16.754545454545454,17.160000000000004,0.9694696142388278,0.7927677329624478,13.032753226964482,PIT,19.0,43.5,47.06613756613756,1.2882546663575791
00-0031045,Carlos Hyde,RB,SEA,5300,2933,9.383333333333336,10.262,1.066334900683657,1.241307371349096,13.001766570056244,NYG,29.75,48.5,72.43042328042327,6.764350095491959
00-0035216,Diontae Johnson,WR,PIT,6500,5754,14.06,16.725,0.817851085674732,1.0222531293463144,12.868912426484716,WAS,24.5,43.5,57.7010582010582,2.6176658911439588
00-0033118,Kenyan Drake,RB,ARI,5700,5446,13.53,17.369,0.8579078007696483,0.9700973574408902,12.85790957047775,LA,23.25,49.0,62.53544973544973,3.497335124002337
00-0033857,JuJu Smith-Schuster,WR,PIT,5800,5553,14.654545454545454,15.862000000000002,0.817851085674732,1.0222531293463144,12.756691603488246,WAS,24.5,43.5,59.2936507936508,2.910881274964317
00-0036326,Chase Claypool,WR,PIT,6300,5861,15.11818181818182,15.047,0.817851085674732,1.0222531293463144,12.609812673287992,WAS,24.5,43.5,57.62698412698413,2.604771011416809
00-0033948,Jamaal Williams,RB,GB,6100,5541,11.11,12.401,0.8735203176171397,1.2100139082058414,12.42523121218499,PHI,29.0,50.0,72.78994708994709,6.928438355719613
00-0030564,DeAndre Hopkins,WR,ARI,7800,5206,17.790909090909093,14.004,0.79809622853283,0.9700973574408902,12.308302802377693,LA,23.25,49.0,52.050264550264544,1.7960026811787704
00-0034777,D.J. Chark,WR,JAX,5400,5659,13.155555555555557,12.107000000000005,1.1438062285161106,0.8449235048678722,12.207230214570464,MIN,20.25,51.0,51.59126984126984,1.741877954605257
00-0029000,Cole Beasley,WR,BUF,5000,5163,13.318181818181818,13.914,0.9156376285271456,0.9700973574408902,12.094596828779547,SF,23.25,48.0,57.01322751322752,2.500342344429888
00-0034983,Hunter Renfrow,WR,LV,4300,5761,9.172727272727274,9.398,1.115161685660353,1.1578581363004172,11.989252530055545,NYJ,27.75,48.0,65.64814814814815,4.446374459623887
00-0036212,Tua Tagovailoa,QB,MIA,5900,1551,9.896,11.226200000000002,1.0130598607613897,1.116133518776078,11.94154208988652,CIN,26.75,43.0,39.2311507936508,0.6628860475892683
00-0036328,Antonio Gibson,RB,WAS,6800,5827,16.527272727272727,24.664,0.7294948496990321,0.7927677329624478,11.91086797290917,PIT,19.0,43.5,53.87169312169312,1.9628892816807453
00-0032765,Michael Thomas,WR,NO,7000,5459,9.6,10.563,1.1652896356579288,1.0118219749652295,11.886750456914651,ATL,24.25,46.0,54.48809523809524,2.112950915498947
00-0033319,Nick Mullens,QB,SF,5400,1534,10.254285714285714,10.2834,1.1077215190269247,1.0326842837273993,11.746802530889545,BUF,24.75,48.0,36.99404761904762,0.5710420729412704
00-0031325,Sammy Watkins,WR,KC,4800,5252,10.216666666666669,8.341999999999999,0.9391459085260084,1.3351877607788596,11.635691260771972,DEN,32.0,51.0,68.92460317460318,5.531833805875438
00-0034115,Jeff Wilson Jr.,RB,SF,4000,5703,10.3,11.34,1.0265229827225546,1.0326842837273993,11.470002315362445,BUF,24.75,48.0,68.51904761904763,5.211708926563297
00-0034799,Kalen Ballage,RB,LAC,4000,5628,10.45,13.203,0.9312866299528576,1.0326842837273993,11.37384149775323,NE,24.75,47.0,68.06904761904762,5.05767964993824
00-0030710,Trey Burton,TE,IND,3500,4618,9.325,9.325,1.0810519991750434,1.116133518776078,11.25152981721362,HOU,26.75,50.0,76.2303977816026,5.989677572421104
00-0033950,Wayne Gallman,RB,NYG,5600,5547,10.677777777777775,16.921,1.0386226832793604,0.7823365785813631,11.21272816746684,SEA,18.75,48.5,51.49735449735449,1.6755278826932247
00-0033943,Josh Reynolds,WR,LA,4200,5582,8.981818181818182,10.403999999999998,1.0746148413765997,1.0744089012517386,11.19119779293591,ARI,25.75,49.0,61.69444444444444,3.4161315632572844
00-0036252,Michael Pittman Jr.,WR,IND,4900,5837,8.387500000000001,10.700000000000005,1.0504645285206249,1.116133518776078,11.189652437225517,HOU,26.75,50.0,61.87698412698413,3.4579575150205444
00-0034829,Mike Gesicki,TE,MIA,4200,4719,8.445454545454545,8.308,1.1915244662440256,1.116133518776078,11.14021291062278,CIN,26.75,43.0,77.37497609485561,6.464610765030783
00-0031236,Brandin Cooks,WR,HOU,5600,5255,12.9,12.946000000000002,0.8833384371001363,0.9700973574408902,11.074032516404634,IND,23.25,50.0,51.79100529100529,1.7652273850125817
00-0026498,Matthew Stafford,QB,DET,5700,1340,16.503636363636364,14.956,0.8227358924516146,0.8553546592489569,11.06956034763656,CHI,20.5,44.0,20.95651455026455,0.1960351575890025
00-0032054,Breshad Perriman,WR,NYJ,3900,5379,10.742857142857144,14.315000000000005,1.0368830642355673,0.8449235048678722,10.976429851327303,LV,20.25,48.0,50.85052910052909,1.6579486736098423
00-0031387,Eric Ebron,TE,PIT,4400,4601,9.572727272727272,11.428,1.017924875135625,1.0222531293463144,10.92643572658793,WAS,24.5,43.5,72.85634601899662,4.783157048385403
00-0027981,Kyle Rudolph,TE,MIN,3400,4537,5.945454545454546,8.956000000000001,1.121941159064212,1.2830319888734354,10.72522055471038,JAX,30.75,51.0,79.18865939950278,7.295480335060605
00-0036425,DeeJay Dallas,RB,SEA,4000,5873,7.585714285714286,8.514999999999999,1.066334900683657,1.241307371349096,10.655850180909477,NYG,29.75,48.5,74.08042328042328,7.550895672504048
00-0032775,Demarcus Robinson,WR,KC,3800,5515,7.2,9.758,0.9391459085260084,1.3351877607788596,10.632124383944843,DEN,32.0,51.0,66.88756613756614,4.829374237866022
00-0029608,T.Y. Hilton,WR,IND,4300,5151,7.980000000000001,10.101,1.0504645285206249,1.116133518776078,10.59961261126258,HOU,26.75,50.0,61.02513227513228,3.267051766392244
00-0033536,Mike Williams,WR,LAC,4800,5594,10.9,10.672,0.9509494356682948,1.0326842837273993,10.592181370292469,NE,24.75,47.0,56.257936507936506,2.3775604157708266
00-0034414,Boston Scott,RB,PHI,6000,5624,7.154545454545455,10.919,1.3192576736130168,0.8762169680111266,10.446111282399675,GB,21.0,50.0,54.89391534391535,2.10131987508544
00-0034960,Jakobi Meyers,WR,NE,5500,5749,12.494285714285716,13.014,0.8798319499574485,0.9283727399165508,10.417736910533993,LAC,22.25,47.0,47.7063492063492,1.3444286220567456
00-0027685,Emmanuel Sanders,WR,NO,4700,3983,10.633333333333333,7.032,1.1652896356579288,1.0118219749652295,10.414293957821238,ATL,24.25,46.0,54.08068783068784,2.0563344709156564
00-0032009,Adam Humphries,WR,TEN,3200,5412,9.316666666666666,6.641,1.0678488028054984,1.2100139082058414,10.309545524092636,CLE,29.0,54.0,68.53439153439153,5.389783740080437
00-0035704,Drew Lock,QB,DEN,5000,1547,11.935,14.8892,0.9655289012728812,0.7927677329624478,10.266159945416335,KC,19.0,51.0,31.71544312169312,0.4016399029434759
00-0030513,Latavius Murray,RB,NO,5900,2899,9.754545454545456,13.957,0.845027474370468,1.0118219749652295,10.13689159308528,ATL,24.25,46.0,58.30105820105821,2.637175653824189
00-0035140,Mecole Hardman,WR,KC,3400,5727,8.545454545454545,7.497000000000001,0.9391459085260084,1.3351877607788596,10.058106625253812,DEN,32.0,51.0,67.88756613756614,5.162306979143293
00-0032187,David Johnson,RB,HOU,5400,5395,11.8625,9.812,0.9457282080367868,0.9700973574408902,9.94261805733839,IND,23.25,50.0,55.835449735449735,2.237445064483992
00-0033589,David Moore,WR,SEA,3400,5655,8.618181818181819,7.499999999999999,0.9856192099523322,1.241307371349096,9.85994627561383,NYG,29.75,48.5,65.46560846560845,4.3925930459246665
00-0034681,Chase Edmonds,RB,ARI,4900,5619,11.772727272727272,11.906000000000002,0.8579078007696483,0.9700973574408902,9.853358814742627,LA,23.25,49.0,54.28544973544974,2.0177868366301657
00-0031941,Jamison Crowder,WR,NYJ,5100,5410,14.085714285714284,8.369,1.0368830642355673,0.8449235048678722,9.8361402087807,LV,20.25,48.0,43.1468253968254,0.99203276055539
00-0031062,James White,RB,NE,5000,2954,9.044444444444444,10.488,1.07023802989553,0.9283727399165508,9.703521241234444,LAC,22.25,47.0,52.08042328042328,1.7419401515651871
00-0036410,Tee Higgins,WR,CIN,4600,5839,14.61,14.521999999999998,0.9813225285239688,0.6780250347705147,9.691651844032076,MIA,16.25,43.0,40.85978835978836,0.8517448376861794
DST_IND,Indianapolis,DST,IND,3000,7013,9.272727272727272,9.272727272727272,1.0,1.0308243727598565,9.558553274682303,HOU,26.75,50.0,68.65079365079366,7.88278341728382
00-0034845,Sony Michel,RB,NE,4000,5615,9.2,10.01875,1.07023802989553,0.9283727399165508,9.547681007638404,LAC,22.25,47.0,57.98042328042328,2.5814024977436043
00-0034400,Jordan Wilkins,RB,IND,4200,5625,5.58,7.074999999999999,1.3305767483274482,1.116133518776078,9.396978527080872,HOU,26.75,50.0,57.7936507936508,2.5494594489439724
DST_NO,New Orleans,DST,NO,3600,7019,8.454545454545455,8.454545454545455,1.0,1.1019157088122604,9.31619644723093,ATL,24.25,46.0,65.7010582010582,6.475540228392262
00-0033681,Keelan Cole,WR,JAX,3800,5570,10.80909090909091,8.448,1.1438062285161106,0.8449235048678722,9.305303316334069,MIN,20.25,51.0,45.29497354497355,1.144777996919571
DST_KC,Kansas City,DST,KC,3700,7015,7.363636363636363,7.363636363636363,1.0,1.2614035087719295,9.288516746411482,DEN,32.0,51.0,72.55952380952381,10.229370850434028
00-0035657,Damien Harris,RB,NE,5200,5715,9.35,9.313000000000002,1.07023802989553,0.9283727399165508,9.27159001732972,LAC,22.25,47.0,51.28042328042328,1.651470640712673
00-0030472,Jordan Reed,TE,SF,3200,4573,7.966666666666666,6.826,1.2116103693474771,1.0326842837273993,9.254373525937645,BUF,24.75,48.0,68.29675846242111,3.529401447984706
00-0033009,Tyler Boyd,WR,CIN,4700,5455,15.176363636363636,12.541200000000002,0.9813225285239688,0.6780250347705147,9.221096276549504,MIA,16.25,43.0,37.93386243386243,0.7008019115560361
00-0032972,Devontae Booker,RB,LV,5500,5468,6.8,7.4940000000000015,1.0764830366345268,1.1578581363004172,8.9081254503525,NYJ,27.75,48.0,61.38333333333334,3.2387696667567325
00-0033881,Evan Engram,TE,NYG,4900,4701,9.427272727272728,12.262,1.038010778239076,0.7823365785813631,8.806645069874973,SEA,18.75,48.5,53.95518582265569,1.356656819545232
00-0032392,Austin Hooper,TE,CLE,3800,4677,7.355555555555556,7.33,1.1413097084853971,1.0431154381084842,8.741707473951958,TEN,25.0,54.0,69.66795754446356,3.867241906210544
00-0034351,Dallas Goedert,TE,PHI,4300,4725,11.685714285714283,13.746,0.7835654271392832,0.8762169680111266,8.730368290901984,GB,21.0,50.0,61.44331293427679,2.234979211204234
00-0029293,Marvin Jones,WR,DET,5700,5168,11.20909090909091,13.883,0.8124184999607089,0.8553546592489569,8.718321625315333,CHI,20.5,44.0,41.152116402116405,0.8685069012713387
00-0031868,Damiere Byrd,WR,NE,3900,5531,9.23,12.116,0.8798319499574485,0.9283727399165508,8.717834455167564,LAC,22.25,47.0,45.85449735449735,1.1882864558834596
00-0034286,Richie James,WR,SF,3300,5674,8.580000000000002,9.445,0.9361332928118686,1.0326842837273993,8.712655377384179,BUF,24.75,48.0,56.92460317460318,2.485613153662638
00-0033090,Hunter Henry,TE,LAC,4800,4675,10.563636363636364,12.554999999999998,0.7245272190887814,1.0326842837273993,8.648772861891619,NE,24.75,47.0,65.88711990820426,3.005625576357799
00-0032257,Duke Johnson,RB,HOU,5800,2997,7.477777777777778,11.227,0.9457282080367868,0.9700973574408902,8.580334554053618,IND,23.25,50.0,52.78544973544973,1.8257690314033843
00-0036309,Darnell Mooney,WR,CHI,3400,5857,8.018181818181818,8.083,1.0845416570904054,0.980528511821975,8.561191724057299,DET,23.5,44.0,51.87566137566137,1.7752180333962948
DST_LA,LA Rams,DST,LA,3200,7025,8.272727272727273,8.272727272727273,1.0,1.0308243727598565,8.52772890192245,ARI,25.75,49.0,67.03703703703704,7.078749676838397
00-0023500,Frank Gore,RB,NYJ,4400,2467,7.1,10.255,1.162742192216916,0.8449235048678722,8.52502077757245,LV,20.25,48.0,44.15978835978836,1.027323825824047
00-0027891,Golden Tate,WR,NYG,3800,3995,7.924444444444443,8.1,1.3588872356485655,0.7823365785813631,8.517851057251221,SEA,18.75,48.5,39.01587301587301,0.7532214735207696
00-0034775,Christian Kirk,WR,ARI,5200,5636,11.99,9.757,0.79809622853283,0.9700973574408902,8.4186012382668,LA,23.25,49.0,45.01322751322751,1.123476235561106
00-0035535,Darius Slayton,WR,NYG,4600,5767,10.20909090909091,5.551,1.3588872356485655,0.7823365785813631,8.377332985101779,SEA,18.75,48.5,35.71957671957672,0.6046236628934004
00-0033251,Zach Pascal,WR,IND,3500,5647,7.7,6.567,1.0504645285206249,1.116133518776078,8.36373392649097,HOU,26.75,50.0,54.025132275132265,2.048732503726633
00-0034309,Chad Beebe,WR,MIN,3500,5692,4.075,7.683,1.0963945713755463,1.2830319888734354,8.270044018804287,JAX,30.75,51.0,57.82275132275132,2.638989065901599
00-0036255,Denzel Mims,WR,NYJ,4100,5838,9.08,9.71,1.0368830642355673,0.8449235048678722,8.230836169693452,LV,20.25,48.0,39.40608465608466,0.773072949021758
00-0032977,Rashard Higgins,WR,CLE,4000,5475,7.6875,6.458000000000001,1.1065189356607712,1.0431154381084842,8.163558903541087,TEN,25.0,54.0,49.89285714285714,1.5554055294064202
00-0034353,Anthony Miller,WR,CHI,3100,5632,7.781818181818182,7.246000000000001,1.0845416570904054,0.980528511821975,7.990471389096316,DET,23.5,44.0,55.505291005291,2.261206588972037
00-0030496,Le'Veon Bell,RB,KC,4400,2888,6.014285714285714,5.858,1.0070073366631904,1.3351877607788596,7.981404495519754,DEN,32.0,51.0,60.85238095238096,3.126132757189873
00-0032144,Melvin Gordon,RB,DEN,5100,2991,11.81,7.904999999999999,1.0136426563233742,0.7927677329624478,7.921321302202179,KC,19.0,51.0,41.02169312169312,0.8333936698700697
00-0031806,Malcolm Brown,RB,LA,4000,5441,8.736363636363636,7.295,0.9133322355782424,1.0744089012517386,7.865726716819597,ARI,25.75,49.0,61.43703703703704,3.250386044201293
00-0036414,Cam Akers,RB,LA,4500,5819,6.6000000000000005,9.281,0.9133322355782424,1.0744089012517386,7.791951378762836,ARI,25.75,49.0,54.23703703703704,2.011284901110222
00-0034830,Hayden Hurst,TE,ATL,4000,4720,9.536363636363635,7.992000000000001,0.9770357152464556,0.9075104311543812,7.770937997160512,NO,21.75,46.0,59.980875884490345,2.0273633839912444
00-0036251,Zack Moss,RB,BUF,4500,5824,8.875,9.543,0.8680559367205176,0.9700973574408902,7.754887575908658,SF,23.25,48.0,47.73544973544973,1.3038672011108547
00-0035592,Travis Fulgham,WR,PHI,5200,5809,12.9625,5.43,0.9482331428112832,0.8762169680111266,7.640777600743123,GB,21.0,50.0,37.5383597883598,0.6825654529792604
00-0032241,Todd Gurley,RB,ATL,5300,2992,13.920000000000002,10.3,0.6869507412896182,0.9075104311543812,7.54955520688981,NO,21.75,46.0,45.57063492063492,1.128640296786838
00-0036357,Henry Ruggs III,WR,LV,4500,5833,6.48888888888889,5.187,1.115161685660353,1.1578581363004172,7.537948209887229,NYJ,27.75,48.0,49.833333333333336,1.549245515575271
00-0033307,Kendrick Bourne,WR,SF,3900,5598,7.92,7.622,0.9361332928118686,1.0326842837273993,7.512459909864348,BUF,24.75,48.0,45.10978835978836,1.1307318184391364
00-0036196,Gabriel Davis,WR,BUF,4300,5858,7.4,9.483,0.9156376285271456,0.9700973574408902,7.498226900202088,SF,23.25,48.0,41.05026455026455,0.8626296085416566
00-0034869,Sam Darnold,QB,NYJ,5000,1524,9.482857142857142,7.0576,1.0517850845972905,0.8449235048678722,7.349569690564186,LV,20.25,48.0,28.98478835978836,0.3347929471613146
00-0032791,Jakeem Grant,WR,MIA,3500,5486,5.963636363636363,6.539999999999999,1.0439454256637972,1.116133518776078,7.284509022079494,CIN,26.75,43.0,49.02513227513228,1.4679809859103663
00-0035664,Darrell Henderson,RB,LA,4300,5716,9.71818181818182,5.034,0.9133322355782424,1.0744089012517386,7.238101093000559,ARI,25.75,49.0,49.88703703703703,1.504971215521636
00-0034765,Tre'Quan Smith,WR,NO,3000,5639,7.709999999999999,4.458,1.1652896356579288,1.0118219749652295,7.173435478834374,ATL,24.25,46.0,61.41402116402117,3.352860639384742
00-0033455,Anthony Firkser,TE,TEN,2500,4738,6.32,3.161,1.2381524555913237,1.2100139082058414,7.102130309715832,CLE,29.0,54.0,71.5477784152483,4.383567798216018
DST_SEA,Seattle,DST,SEA,3300,7028,5.545454545454546,5.545454545454546,1.0,1.278222222222222,7.088323232323233,NYG,29.75,48.5,57.38756613756614,3.720281110723583
00-0036268,Laviska Shenault Jr.,WR,JAX,3600,5847,8.933333333333334,5.734,1.1438062285161106,0.8449235048678722,7.087466437831082,MIN,20.25,51.0,34.62830687830688,0.5621984474602248
DST_WAS,Washington,DST,WAS,2700,7031,7.181818181818182,7.181818181818182,1.0,0.9782312925170068,7.025479282622139,PIT,19.0,43.5,44.907407407407405,1.6189675816672475
00-0035250,Devin Singletary,RB,BUF,4400,5717,9.181818181818182,7.460000000000001,0.8680559367205176,0.9700973574408902,7.007027313427767,SF,23.25,48.0,44.335449735449735,1.0394252872680398
00-0030456,Giovani Bernard,RB,CIN,5200,2889,9.672727272727274,10.914,0.995297949027572,0.6780250347705147,6.94634187967387,MIA,16.25,43.0,37.83756613756614,0.6740005932710993
00-0035644,Noah Fant,TE,DEN,4000,4748,9.75,5.975999999999999,1.109746146465688,0.7927677329624478,6.917638875251781,KC,19.0,51.0,51.34458468795818,1.1399488315491868
00-0036254,Collin Johnson,WR,JAX,3300,5860,4.9375,9.235,1.1438062285161106,0.8449235048678722,6.84835585360854,MIN,20.25,51.0,38.33201058201058,0.7196525147949203
00-0034411,Russell Gage,WR,ATL,4500,5680,8.9,7.512,0.9188971799555592,0.9075104311543812,6.843055415593526,NO,21.75,46.0,35.58730158730158,0.5993153243332334
00-0027061,Jared Cook,TE,NO,3700,4437,7.25,2.048,1.418351700576573,1.0118219749652295,6.671870178339089,ATL,24.25,46.0,60.41491362274495,2.0868838498916675
00-0036387,Jalen Reagor,WR,PHI,4500,5834,8.299999999999999,7.706999999999999,0.9482331428112832,0.8762169680111266,6.649771757786879,GB,21.0,50.0,33.427248677248684,0.5189379660920312
DST_CHI,Chicago,DST,CHI,3100,7006,5.636363636363637,5.636363636363637,1.0,1.1691056910569104,6.58950480413895,DET,23.5,44.0,43.333333333333336,1.4576861928992744
00-0033217,Mo Alie-Cox,TE,IND,2700,4736,6.68,4.157,1.0810519991750434,1.116133518776078,6.537953277702091,HOU,26.75,50.0,64.18220501051826,2.682702633261888
00-0033375,Tim Patrick,WR,DEN,4200,5651,11.03,8.385,0.8469894999590369,0.7927677329624478,6.518255668130515,KC,19.0,51.0,30.36243386243386,0.4230385723736706
DST_SF,San Francisco,DST,SF,2500,7027,6.2727272727272725,6.2727272727272725,1.0,1.0308243727598565,6.466080156402736,BUF,24.75,48.0,57.44047619047619,3.733426966718527
00-0032128,Chris Conley,WR,JAX,3000,5385,6.62,6.6240000000000006,1.1438062285161106,0.8449235048678722,6.399691298302454,MIN,20.25,51.0,49.739417989418,1.5395759561358453
DST_GB,Green Bay,DST,GB,3800,7012,5.545454545454546,5.545454545454546,1.0,1.1412698412698412,6.328860028860029,PHI,29.0,50.0,53.69708994708995,2.908878136641724
00-0029632,Mohamed Sanu,WR,DET,3000,5159,8.549999999999999,9.658333333333331,0.8124184999607089,0.8553546592489569,6.3265395791881165,CHI,20.5,44.0,50.59656084656084,1.6301138882880086
00-0036370,Joshua Kelley,RB,LAC,4000,5829,7.1000000000000005,5.883,0.9312866299528576,1.0326842837273993,6.243038268521126,NE,24.75,47.0,53.21904761904762,1.879315868573589
00-0025394,Adrian Peterson,RB,DET,4900,2553,7.927272727272728,8.427,0.8883522086222564,0.8553546592489569,6.213447769871578,CHI,20.5,44.0,40.00026455026455,0.7785326151948394
00-0027696,Jimmy Graham,TE,CHI,3600,4492,9.21818181818182,6.714,0.763264317931152,0.980528511821975,5.961841760410154,DET,23.5,44.0,56.2205966724039,1.5778305634558156
00-0036407,Jerry Jeudy,WR,DEN,4600,5832,9.80909090909091,7.798999999999999,0.8469894999590369,0.7927677329624478,5.911616707346855,KC,19.0,51.0,27.843915343915345,0.3576526013449957
00-0036422,Adam Trautman,TE,NO,2500,4784,4.0,4.231,1.418351700576573,1.0118219749652295,5.906233968370514,ATL,24.25,46.0,61.19804615286544,2.198731949913686
00-0024243,Marcedes Lewis,TE,GB,2500,4324,3.825,5.382000000000001,1.060248742389326,1.2100139082058414,5.905902537500221,PHI,29.0,50.0,68.29476636705553,3.5289327521570995
00-0033896,Adam Shaheen,TE,MIA,2500,4709,4.175,4.548,1.1915244662440256,1.116133518776078,5.800360573737778,CIN,26.75,43.0,65.20630139606044,2.872256115740698
00-0034301,Darrel Williams,RB,KC,4000,5708,4.022222222222222,4.589,1.0070073366631904,1.3351877607788596,5.7890830300405325,DEN,32.0,51.0,60.20238095238095,2.993560155261364
00-0032602,J.D. McKissic,RB,WAS,4400,5586,9.645454545454546,10.332,0.7294948496990321,0.7927677329624478,5.776680538646175,PIT,19.0,43.5,34.57169312169312,0.5421301617353217
00-0035457,Tyron Johnson,WR,LAC,3000,5878,5.783333333333334,5.881000000000001,0.9509494356682948,1.0326842837273993,5.727365762572539,NE,24.75,47.0,53.33201058201058,1.956218353771886
00-0034798,Durham Smythe,TE,MIA,2500,4737,4.300000000000001,4.131,1.1915244662440256,1.116133518776078,5.606195116036136,CIN,26.75,43.0,64.12196404666284,2.671950332521332
DST_NYG,New York G,DST,NYG,2200,7020,6.909090909090909,6.909090909090909,1.0,0.8056022408963585,5.565979118920295,SEA,18.75,48.5,52.53306878306879,2.691681458550706
00-0026035,Danny Amendola,WR,DET,3700,3851,7.699999999999999,8.317,0.8124184999607089,0.8553546592489569,5.565154294179739,CHI,20.5,44.0,28.411375661375654,0.3714420325566907
DST_NE,New England,DST,NE,2400,7018,5.727272727272728,5.727272727272728,1.0,0.9683501683501684,5.546005509641874,LAC,22.25,47.0,48.99470899470899,2.1260704640047
DST_ARI,Arizona,DST,ARI,2900,7001,5.909090909090909,5.909090909090909,1.0,0.9307443365695792,5.49985289791115,LA,23.25,49.0,31.87830687830688,0.6792146660310105
DST_PHI,Philadelphia,DST,PHI,2300,7023,6.636363636363637,6.636363636363637,1.0,0.8264367816091953,5.48453500522466,GB,21.0,50.0,51.77248677248677,2.558600958424551
DST_CLE,Cleveland,DST,CLE,2500,7008,6.636363636363637,6.636363636363637,1.0,0.8264367816091953,5.48453500522466,TEN,25.0,54.0,50.59523809523809,2.3654714893945137
00-0030578,Cordarrelle Patterson,WR,CHI,3600,5208,4.545454545454546,5.7410000000000005,1.0845416570904054,0.980528511821975,5.469431406891688,DET,23.5,44.0,33.542328042328045,0.5229345474007203
00-0022127,Jason Witten,TE,LV,2500,4262,3.5875,3.955,1.252284323131966,1.1578581363004172,5.468190283214899,NYJ,27.75,48.0,64.86947791164658,2.8084786331498464
DST_BUF,Buffalo,DST,BUF,2700,7004,5.636363636363637,5.636363636363637,1.0,0.9683501683501684,5.457973676155494,SF,23.25,48.0,32.235449735449734,0.6955805020416361
00-0033733,Greg Ward,WR,PHI,3400,5793,8.181818181818182,4.93,0.9482331428112832,0.8762169680111266,5.447029314593057,GB,21.0,50.0,31.612433862433864,0.4598023374166221
00-0023436,Alex Smith,QB,WAS,5100,1254,8.996,9.552400000000002,0.7364797091272055,0.7927677329624478,5.414809829597902,PIT,19.0,43.5,22.80919312169312,0.2218066204837722
DST_LAC,LA Chargers,DST,LAC,2600,7026,5.0,5.0,1.0,1.0771535580524343,5.385767790262172,NE,24.75,47.0,40.11904761904762,1.176524395853726
00-0033119,Jacoby Brissett,QB,IND,4400,1496,3.346666666666667,5.8244,1.0502841069292324,1.116133518776078,5.375424905966435,HOU,26.75,50.0,48.1374007936508,1.2003315646559642
DST_ATL,Atlanta,DST,ATL,2400,7002,5.2727272727272725,5.2727272727272725,1.0,0.9883161512027492,5.211121524523586,NO,21.75,46.0,44.920634920634924,1.620395872339244
00-0033110,Tyler Higbee,TE,LA,3400,4680,8.02,4.956000000000001,0.7438957685099667,1.0744089012517386,5.185522550565485,ARI,25.75,49.0,56.66053101294065,1.6247919851649666
00-0030061,Zach Ertz,TE,PHI,3900,4569,8.299999999999999,6.751,0.7835654271392832,0.8762169680111266,5.166807540779006,GB,21.0,50.0,49.21439727162618,0.9890314801043402
00-0029738,Darren Fells,TE,HOU,2700,4609,7.166666666666667,6.816,0.7603949032020875,0.9700973574408902,5.157206575374598,IND,23.25,50.0,49.82581118123287,1.0301782130752628
00-0030181,Jack Doyle,TE,IND,2500,4594,4.675,3.868,1.0810519991750434,1.116133518776078,5.15398494522552,HOU,26.75,50.0,63.03762669726525,2.485613500946372
00-0035414,Jalen Guyton,WR,LAC,3100,5801,6.245454545454546,4.167000000000001,0.9509494356682948,1.0326842837273993,5.112674163516632,NE,24.75,47.0,42.51719576719577,0.9512537228907376
00-0033895,Gerald Everett,TE,LA,3200,4705,6.8,5.883,0.7438957685099667,1.0744089012517386,5.06843268409541,ARI,25.75,49.0,55.57619366354306,1.511482023224791
00-0034597,Ryan Nall,RB,CHI,4000,5815,2.957142857142857,4.244,1.4347902982844527,0.980528511821975,5.065473981315865,DET,23.5,44.0,46.94047619047619,1.236563773351338
00-0034104,Cam Sims,WR,WAS,3000,5812,5.4375,7.670000000000001,0.9694696142388278,0.7927677329624478,5.036977810933379,PIT,19.0,43.5,40.58465608465608,0.8362644108629982
00-0034349,Kerryon Johnson,RB,DET,4400,5621,5.67,7.539999999999999,0.8883522086222564,0.8553546592489569,5.018850205617875,CHI,20.5,44.0,35.90026455026455,0.5923380794208832
00-0035217,Benny Snell,RB,PIT,5400,5740,4.98,6.928,0.8161443182026089,1.0222531293463144,4.967458419854069,WAS,24.5,43.5,47.94550264550265,1.3222543833353635
00-0034073,Ross Dwelley,TE,SF,2500,4745,3.9625,3.927,1.2116103693474771,1.0326842837273993,4.935714538705104,BUF,24.75,48.0,58.7786861732645,1.8712190979245629
00-0031585,MyCole Pruitt,TE,TEN,2500,4669,3.5666666666666664,2.9,1.2381524555913237,1.2100139082058414,4.844120803307919,CLE,29.0,54.0,63.41524829476637,2.548982561126243
00-0033885,David Njoku,TE,CLE,2500,4702,5.033333333333334,3.0570000000000004,1.1413097084853971,1.0431154381084842,4.815842825912566,TEN,25.0,54.0,58.34265633964429,1.817608247125692
00-0030549,Tyler Eifert,TE,JAX,3000,4568,5.44,6.766,0.9232341890764968,0.8449235048678722,4.76072001457555,MIN,20.25,51.0,43.97725823930644,0.6975565315290666
DST_MIN,Minnesota,DST,MIN,3500,7017,4.0,4.0,1.0,1.1835390946502056,4.734156378600822,JAX,30.75,51.0,44.90079365079365,1.618253908510781
00-0035848,De'Michael Harris,WR,IND,3000,5882,4.5600000000000005,3.437,1.0504645285206249,1.116133518776078,4.6880759942628645,HOU,26.75,50.0,52.50661375661376,1.851482636329076
00-0036415,Van Jefferson,WR,LA,3000,5844,3.466666666666667,4.612,1.0746148413765997,1.0744089012517386,4.663716316841337,ARI,25.75,49.0,50.91666666666667,1.6652749925744688
00-0034366,Keke Coutee,WR,HOU,3500,5670,5.266666666666667,5.581250000000001,0.8833384371001363,0.9700973574408902,4.647921608833646,IND,23.25,50.0,28.05026455026455,0.362606687639059
DST_TEN,Tennessee,DST,TEN,2900,7030,4.818181818181818,4.818181818181818,1.0,0.9586666666666666,4.619030303030303,CLE,29.0,54.0,36.91137566137566,0.950012504112422
00-0036412,KJ Hamler,WR,DEN,3000,5842,7.6125,6.019,0.8469894999590369,0.7927677329624478,4.5765440195787335,KC,19.0,51.0,37.25132275132275,0.6696281925061919
00-0034011,Dan Arnold,TE,ARI,2800,4741,4.65,5.203,0.9519283363671416,0.9700973574408902,4.549441275390994,LA,23.25,49.0,46.99448588002805,0.852976560810277
00-0034439,Ryan Izzo,TE,NE,2500,4751,3.2555555555555555,4.995000000000001,1.1649823800001793,0.9283727399165508,4.4616441990005145,LAC,22.25,47.0,48.85271243704979,0.9654688507492192
00-0036142,Isaiah Wright,WR,WAS,3000,5867,5.914285714285714,5.666,0.9694696142388278,0.7927677329624478,4.450096676492537,PIT,19.0,43.5,35.91798941798942,0.6126744590130399
00-0034364,Jordan Akins,TE,HOU,2900,4729,6.987500000000001,4.841000000000001,0.7603949032020875,0.9700973574408902,4.362688422104876,IND,23.25,50.0,45.48846178364251,0.77149520927064
00-0033387,Jacob Hollister,TE,SEA,3000,4707,4.6125,3.703,0.8378691008868285,1.241307371349096,4.32428073975577,NYG,29.75,48.5,57.437049786447375,1.7111192981283172
00-0034109,Phillip Lindsay,RB,DEN,4200,5630,6.3500000000000005,4.314,1.0136426563233742,0.7927677329624478,4.284705572745831,KC,19.0,51.0,29.92169312169312,0.3976237170021532
00-0034676,James Washington,WR,PIT,3300,5635,6.118181818181818,3.959,0.817851085674732,1.0222531293463144,4.212518119991744,WAS,24.5,43.5,31.701058201058203,0.4625270238116298
00-0034928,Steven Sims Jr.,WR,WAS,3100,5753,5.628571428571429,5.293,0.9694696142388278,0.7927677329624478,4.1969645581719055,PIT,19.0,43.5,25.76984126984127,0.3114661059092886
00-0036365,Bryan Edwards,WR,LV,3000,5854,3.516666666666667,2.982,1.115161685660353,1.1578581363004172,4.195536051501045,NYJ,27.75,48.0,50.12962962962963,1.5801521418256688
00-0036247,Freddie Swain,WR,SEA,3000,5853,3.675,3.169,0.9856192099523322,1.241307371349096,4.186667768828603,NYG,29.75,48.5,52.24338624338624,1.8192753132870287
00-0032404,Tyler Ervin,RB,GB,4000,5470,3.728571428571428,4.075,0.8735203176171397,1.2100139082058414,4.124077209850739,PHI,29.0,50.0,54.43994708994709,2.0386770834250423
00-0031260,Logan Thomas,TE,WAS,3400,1463,8.401818181818182,9.493,0.5767523605419607,0.7927677329624478,4.091029775983808,PIT,19.0,43.5,41.82651239880156,0.6043784068456219
00-0033891,Zay Jones,WR,LV,3000,5557,4.114285714285715,2.195,1.115161685660353,1.1578581363004172,4.073271800395912,NYJ,27.75,48.0,49.46296296296297,1.511460935811458
00-0034279,Equanimeous St. Brown,WR,GB,3500,5672,3.0250000000000004,3.885869565217391,0.9709512285244702,1.2100139082058414,4.059667626030995,PHI,29.0,50.0,35.9047619047619,0.6121344198598199
00-0027942,A.J. Green,WR,CIN,3100,5091,6.972727272727273,5.2090000000000005,0.9813225285239688,0.6780250347705147,4.052624591041574,MIA,16.25,43.0,23.119047619047617,0.2610131910084399
00-0032058,Tevin Coleman,RB,SF,4400,2994,3.8,3.6,1.0265229827225546,1.0326842837273993,3.922274359227453,BUF,24.75,48.0,41.71904761904762,0.873053138853262
00-0035624,N'Keal Harry,WR,NE,3000,5724,6.1625,3.4130000000000003,0.8798319499574485,0.9283727399165508,3.910691643654877,LAC,22.25,47.0,38.076719576719576,0.7075080990124292
00-0032434,Brandon Allen,QB,CIN,4800,1504,6.140000000000001,6.140000000000001,0.9259030908361456,0.6780250347705147,3.854602818699991,MIA,16.25,43.0,25.043816137566136,0.2574384831271737
00-0032141,Geoff Swaim,TE,TEN,2500,4668,2.18,2.935,1.2381524555913237,1.2100139082058414,3.831599676637114,CLE,29.0,54.0,56.90922419838083,1.6519548498971934
00-0033025,Jalen Richard,RB,LV,4000,5490,3.922222222222222,2.208,1.0764830366345268,1.1578581363004172,3.820399369952024,NYJ,27.75,48.0,52.28333333333334,1.7656640616819697
DST_HOU,Houston,DST,HOU,2800,7032,4.181818181818182,4.181818181818182,1.0,0.8959501557632398,3.746700651373548,IND,23.25,50.0,20.09259259259259,0.3095819819375964
DST_DEN,Denver,DST,DEN,1900,7010,5.0,5.0,1.0,0.7489583333333333,3.7447916666666665,KC,19.0,51.0,41.87169312169312,1.3223463525270225
00-0033466,Isaiah McKenzie,WR,BUF,3000,5574,4.688000000000001,3.693,0.9156376285271456,0.9700973574408902,3.722243656375863,SF,23.25,48.0,38.53174603174603,0.7292992734941933
00-0035527,Andy Isabella,WR,ARI,3200,5734,5.21,3.931,0.79809622853283,0.9700973574408902,3.5386229787555448,LA,23.25,49.0,28.34656084656085,0.3698404987155389
00-0032975,Jonathan Williams,RB,DET,4000,5451,4.6,4.6,0.8883522086222564,0.8553546592489569,3.4953385232160823,CHI,20.5,44.0,38.40026455026455,0.6997647580606983
DST_NYJ,New York J,DST,NYJ,2100,7021,4.0,4.0,1.0,0.8636636636636636,3.4546546546546546,LV,20.25,48.0,35.68121693121693,0.8752106189126405
00-0034419,Braxton Berrios,WR,NYJ,3000,5641,5.418181818181818,2.428,1.0368830642355673,0.8449235048678722,3.436968446145931,LV,20.25,48.0,32.73941798941799,0.4956792137384612
00-0034159,Will Dissly,TE,SEA,3300,4727,3.63,2.858,0.8378691008868285,1.241307371349096,3.373932227711555,NYG,29.75,48.5,57.196085931025685,1.683851046421518
DST_LV,Las Vegas,DST,LV,3400,7022,2.8181818181818183,2.8181818181818183,1.0,1.1835390946502056,3.33542835765058,NYJ,27.75,48.0,33.86904761904762,0.7756126841688064
00-0032104,Ameer Abdullah,RB,MIN,4000,2995,1.8333333333333333,2.516,1.1717193894042237,1.2830319888734354,3.2692926546112586,JAX,30.75,51.0,53.65793650793651,1.9351156075069
00-0034378,Ito Smith,RB,ATL,4700,5658,3.711111111111111,6.718,0.6869507412896182,0.9075104311543812,3.2508319608638008,NO,21.75,46.0,34.77063492063492,0.5493682106283253
00-0033555,Mack Hollins,WR,MIA,3000,5578,2.5,3.032,1.0439454256637972,1.116133518776078,3.2228947434315933,CIN,26.75,43.0,44.50661375661376,1.08616528909092
00-0028087,Dion Lewis,RB,NYG,4000,2816,4.109090909090909,3.77,1.0386226832793604,0.7823365785813631,3.2010875728537087,SEA,18.75,48.5,33.697354497354496,0.5114331494759518
00-0033567,Brian Hill,RB,ATL,4800,5608,5.7,4.343,0.6869507412896182,0.9075104311543812,3.130478238761121,NO,21.75,46.0,34.27063492063492,0.5313577784127059
00-0034652,Cameron Batson,WR,TEN,3000,5679,2.4857142857142853,2.236,1.0678488028054984,1.2100139082058414,3.0504916161717444,CLE,29.0,54.0,46.71957671957672,1.258831958592849
00-0034457,Josh Adams,RB,NYJ,4000,5661,3.433333333333333,2.59375,1.162742192216916,0.8449235048678722,2.9605883402378157,LV,20.25,48.0,35.85978835978836,0.5907418614216422
00-0032135,Jesse James,TE,DET,2500,4653,3.077777777777778,1.989,1.3450381542489755,0.8553546592489569,2.914625034478685,CHI,20.5,44.0,39.86652961050552,0.5303488427741491
00-0034646,Brandon Powell,WR,ATL,3000,5689,2.190909090909091,4.787000000000001,0.9188971799555592,0.9075104311543812,2.9094698144080406,NO,21.75,46.0,34.216931216931215,0.5469896346732407
00-0029141,Alfred Morris,RB,NYG,4000,2871,3.775000000000001,3.354347826086957,1.0386226832793604,0.7823365785813631,2.896484758451878,SEA,18.75,48.5,32.797354497354505,0.4816496014757432
DST_JAX,Jacksonville,DST,JAX,2000,7014,3.5454545454545454,3.5454545454545454,1.0,0.7794037940379404,2.763340724316334,MIN,20.25,51.0,33.895502645502646,0.7769818147653543
00-0033955,Jeremy McNichols,RB,TEN,4000,5542,2.563636363636364,2.392,0.911380670972306,1.2100139082058414,2.7324964804878515,CLE,29.0,54.0,49.48994708994709,1.465653340078042
00-0036398,John Hightower,WR,PHI,3000,5856,3.5875,2.9490000000000003,0.9482331428112832,0.8762169680111266,2.7154515583665857,GB,21.0,50.0,33.0568783068783,0.5062815776919042
DST_DET,Detroit,DST,DET,2500,7011,2.636363636363636,2.636363636363636,1.0,1.0198581560283688,2.688716956802063,CHI,20.5,44.0,17.22883597883598,0.2557769650750157
00-0035689,Dawson Knox,TE,BUF,2900,4750,4.016666666666667,4.5600000000000005,0.6391621308991131,0.9700973574408902,2.65897891412931,SF,23.25,48.0,41.15111238605215,0.5777688271534668
DST_CIN,Cincinnati,DST,CIN,2300,7007,2.909090909090909,2.909090909090909,1.0,0.8959501557632398,2.606400453129425,MIA,16.25,43.0,20.60185185185185,0.3202729366950047
00-0035537,Ty Johnson,RB,NYJ,4000,5742,2.4,2.871,1.162742192216916,0.8449235048678722,2.589189542989593,LV,20.25,48.0,33.60978835978836,0.5084562321337935
00-0035726,Jakob Johnson,RB,NE,4000,5778,2.733333333333333,2.398,1.07023802989553,0.9283727399165508,2.5491946047754683,LAC,22.25,47.0,36.83042328042328,0.6302320809396067
00-0036277,Quintez Cephus,WR,DET,3000,5852,4.2,3.132,0.8124184999607089,0.8553546592489569,2.5475252097724828,CHI,20.5,44.0,31.92989417989418,0.4696373105057038
00-0034407,Ray-Ray McCloud,WR,PIT,3000,5665,2.663636363636364,3.225,0.817851085674732,1.0222531293463144,2.461599664611004,WAS,24.5,43.5,38.44179894179894,0.7249391361247387
00-0028097,Lee Smith,TE,BUF,2500,4535,4.2,3.716666666666667,0.6391621308991131,0.9700973574408902,2.454362581056009,SF,23.25,48.0,42.71737744629311,0.6413603749367194
00-0033526,Samaje Perine,RB,CIN,4000,5538,3.257142857142857,3.871,0.995297949027572,0.6780250347705147,2.405167008670924,MIA,16.25,43.0,29.237566137566137,0.3798960481522852
00-0036233,Donovan Peoples-Jones,WR,CLE,3000,5874,2.2750000000000004,1.8880000000000003,1.1065189356607712,1.0431154381084842,2.402523467918528,TEN,25.0,54.0,40.52248677248677,0.8328055846947302
00-0031951,James O'Shaughnessy,TE,JAX,2500,4664,3.53,2.419,0.9232341890764968,0.8449235048678722,2.3202952127404517,MIN,20.25,51.0,37.04954739593293,0.4395432720104145
00-0035631,Drew Sample,TE,CIN,2900,4756,4.472727272727273,4.521,0.7603949032020875,0.6780250347705147,2.3184335081700778,MIA,16.25,43.0,32.01106011346975,0.3141394568716052
00-0033367,C.J. Board,WR,NYG,3000,5784,2.571428571428572,1.783,1.3588872356485655,0.7823365785813631,2.314612162652962,SEA,18.75,48.5,27.12698412698413,0.3409605268358626
00-0034772,Antonio Callaway,WR,MIA,3000,5642,2.0,1.95,1.0439454256637972,1.116133518776078,2.301235400678741,CIN,26.75,43.0,41.83994708994709,0.9092598446551916
00-0032741,Peyton Barber,RB,WAS,4000,5507,3.6000000000000005,3.743,0.7294948496990321,0.7927677329624478,2.1233017999748234,PIT,19.0,43.5,30.77169312169312,0.4208063661859275
00-0035480,Malik Taylor,WR,GB,3000,5879,2.3000000000000003,1.2999999999999998,0.9709512285244702,1.2100139082058414,2.114756083267483,PHI,29.0,50.0,44.05291005291005,1.0538040228436294
00-0033114,Mike Thomas,WR,CIN,3000,5503,3.7875,2.334,0.9813225285239688,0.6780250347705147,2.036504419993216,MIA,16.25,43.0,25.26719576719577,0.3012019056759201
00-0034426,Javon Wims,WR,CHI,3000,5671,2.4166666666666665,1.411,1.0845416570904054,0.980528511821975,2.035216331270337,DET,23.5,44.0,34.98677248677249,0.5757955237355598
00-0027688,Colt McCoy,QB,NYG,4800,1361,1.94,1.94,1.3187589791559022,0.7823365785813631,2.0015239721889824,SEA,18.75,48.5,24.497354497354497,0.2482285799644369
00-0036290,Cole Kmet,TE,CHI,2500,4778,2.34,2.875,0.763264317931152,0.980528511821975,1.9514593252418115,DET,23.5,44.0,42.00372920252438,0.6115611540477645
00-0035287,KeeSean Johnson,WR,ARI,3000,5731,2.5333333333333337,2.3125,0.79809622853283,0.9700973574408902,1.875897296198765,LA,23.25,49.0,33.1984126984127,0.5110812698014814
00-0034270,Tyler Conklin,TE,MIN,2500,4732,1.15,1.4130434782608696,1.121941159064212,1.2830319888734354,1.8447331105704048,JAX,30.75,51.0,51.77902084528591,1.1734472535018738
00-0034988,Kaden Smith,TE,NYG,2500,4770,2.27,2.25,1.038010778239076,0.7823365785813631,1.8352867897585885,SEA,18.75,48.5,31.7262701600051,0.3082314681151608
00-0036336,Anthony McFarland,RB,PIT,4200,5864,2.1375,2.235,0.8161443182026089,1.0222531293463144,1.8240016745727168,WAS,24.5,43.5,32.24550264550265,0.4642516518504246
00-0032394,Nick Vannett,TE,DEN,2500,4688,1.85,2.196,1.109746146465688,0.7927677329624478,1.7797766049388728,KC,19.0,51.0,32.308440109644934,0.3204295215293541
00-0032464,Kalif Raymond,WR,TEN,3000,5520,2.4909090909090907,0.168,1.0678488028054984,1.2100139082058414,1.7178040430190946,CLE,29.0,54.0,42.71957671957672,0.9641750703253372
00-0035264,Jarrett Stidham,QB,NE,4700,1542,1.7800000000000002,1.626666666666667,1.0473822167709863,0.9283727399165508,1.656255070811116,LAC,22.25,47.0,32.49917328042328,0.4231829538749249
00-0030107,Theo Riddick,RB,LV,4000,2907,1.3,1.3,1.0764830366345268,1.1578581363004172,1.6203390353236673,NYJ,27.75,48.0,45.083333333333336,1.0925635968777758
00-0035329,Donald Parham,TE,LAC,2500,4787,2.914285714285714,1.196,0.7245272190887814,1.0326842837273993,1.537674064386017,NE,24.75,47.0,42.51362593230063,0.6327074000467204
00-0030108,Ryan Griffin,TE,NYJ,2500,4592,1.5625,1.964,0.9953999695124685,0.8449235048678722,1.4829581922357964,LV,20.25,48.0,32.712197998342575,0.3291717144850958
00-0035021,Ashton Dulin,WR,IND,3000,5798,1.2285714285714284,1.1389999999999998,1.0504645285206249,1.116133518776078,1.3879398248078465,HOU,26.75,50.0,39.83994708994709,0.7957599561193592
00-0035628,D'Ernest Johnson,RB,CLE,4000,5746,1.9,0.4640000000000001,1.1069274444871349,1.0431154381084842,1.364799971540814,TEN,25.0,54.0,41.35952380952381,0.8523763624592773
00-0034192,Nick Keizer,TE,KC,2500,4786,0.8666666666666667,1.353,0.9190735377193532,1.3351877607788596,1.3619161474655186,DEN,32.0,51.0,49.76262191623638,1.0258475941604766
00-0030443,Levine Toilolo,TE,NYG,2500,4577,1.7333333333333332,1.60625,1.038010778239076,0.7823365785813631,1.3559940652576594,SEA,18.75,48.5,29.01542678651112,0.257270517611314
00-0035342,Patrick Laird,RB,MIA,4000,5788,1.55,0.8530000000000001,0.974611364204646,1.116133518776078,1.3069873882597156,CIN,26.75,43.0,42.89365079365079,0.9441672306248498
00-0029137,Alshon Jeffery,WR,PHI,3000,5153,1.1666666666666667,1.5312499999999998,0.9482331428112832,0.8762169680111266,1.1207927815869632,GB,21.0,50.0,29.05687830687831,0.3877754075461931
00-0033572,Jamal Agnew,WR,DET,3000,5855,1.7000000000000002,1.516,0.8124184999607089,0.8553546592489569,1.1174087663159171,CHI,20.5,44.0,27.929894179894184,0.3597085248696763
00-0031339,Donte Moncrief,WR,NE,3000,5344,1.25,1.0416666666666667,0.8798319499574485,0.9283727399165508,0.9359304144301356,LAC,22.25,47.0,30.076719576719576,0.4150569515583709
00-0034788,Jaeden Graham,TE,ATL,2500,4765,0.76,0.939,0.9770357152464556,0.9075104311543812,0.7532262526654607,NO,21.75,46.0,33.89653853509275,0.3562153910441777
00-0035652,Ryan Finley,QB,CIN,4800,1545,1.1,1.1,0.9259030908361456,0.6780250347705147,0.6905640228941352,MIA,16.25,43.0,20.825066137566136,0.1943247621403696
00-0028042,Luke Stocker,TE,ATL,2500,4532,0.7142857142857143,0.8220000000000001,0.9770357152464556,0.9075104311543812,0.6810893064125424,NO,21.75,46.0,33.35436986039396,0.3435700429917849
00-0036389,Jalen Hurts,QB,PHI,5300,1554,0.88,0.2732,0.9238017221008642,0.8762169680111266,0.4667292989804112,GB,21.0,50.0,17.375165343915345,0.1543985744702076
00-0033576,Eric Saubert,TE,JAX,2500,4726,0.65,0.5416666666666667,0.9232341890764968,0.8449235048678722,0.4647871006638154,MIN,20.25,51.0,30.0013546248486,0.2747486422669344
00-0036364,Lynn Bowden,WR,MIA,3000,5848,0.45,0.3347826086956522,1.0439454256637972,1.116133518776078,0.4572074736626447,CIN,26.75,43.0,38.50661375661376,0.7280783665857389
00-0035645,Gunner Olszewski,WR,NE,3000,5752,0.6625,0.3829999999999999,0.8798319499574485,0.9283727399165508,0.4269884719796536,LAC,22.25,47.0,29.41005291005291,0.3970139025300756
00-0033338,Cethan Carter,TE,CIN,2500,4711,0.8,0.7649999999999999,0.7603949032020875,0.6780250347705147,0.4034310058843829,MIA,16.25,43.0,25.986963727927584,0.2102359753042343
00-0036382,K.J. Hill,WR,LAC,3000,5868,0.6142857142857142,0.144,0.9509494356682948,1.0326842837273993,0.3723298635368097,NE,24.75,47.0,34.66534391534392,0.5635883069447264
00-0032450,Dwayne Washington,RB,NO,4000,5483,0.375,0.4728260869565217,0.845027474370468,1.0118219749652295,0.3624530147030311,ATL,24.25,46.0,37.3510582010582,0.6524908582163085
00-0034331,Jaylen Samuels,RB,PIT,4000,5688,0.5499999999999999,0.2239999999999999,0.8161443182026089,1.0222531293463144,0.3228764542296815,WAS,24.5,43.5,37.59550264550265,0.6632111558987129
00-0033854,Dare Ogunbowale,RB,JAX,4000,5697,0.3,0.375,1.027303608564929,0.8449235048678722,0.2929476258603312,MIN,20.25,51.0,29.10978835978836,0.3766736411838876
00-0034487,Trent Sherfield,WR,ARI,3000,5699,0.32,0.32,0.79809622853283,0.9700973574408902,0.2477539335306365,LA,23.25,49.0,30.198412698412696,0.4184379529086179
00-0032543,Alex Erickson,WR,CIN,3000,5480,0.3818181818181818,0.36,0.9813225285239688,0.6780250347705147,0.2467885332196452,MIA,16.25,43.0,21.26719576719577,0.2306990751266232
00-0033528,Jeremy Sprinkle,TE,WAS,2500,4714,0.4,0.4347826086956521,0.5767523605419607,0.7927677329624478,0.1908441021276899,PIT,19.0,43.5,27.42892203735577,0.2314493700536206
00-0036439,Tyrie Cleveland,WR,DEN,3000,5862,0.34,0.136,0.8469894999590369,0.7927677329624478,0.1598088950826744,KC,19.0,51.0,22.917989417989418,0.2575379444247799
00-0027691,Andre Roberts,WR,BUF,3000,3978,0.3545454545454545,0.0,0.9156376285271456,0.9700973574408902,0.1574638550386248,SF,23.25,48.0,29.198412698412703,0.3914516277483433
00-0031763,DeAndre Carter,WR,CHI,3000,5654,0.18,0.0,1.0845416570904054,0.980528511821975,0.0957081615332214,DET,23.5,44.0,30.320105820105823,0.4218464954675773
00-0034370,DaeSean Hamilton,WR,DEN,3000,5640,4.833333333333333,6.017000000000001,1.0,1.0,0.0,BYE_OR_UNKNOWN,0.0,0.0,16.083333333333336,0.0
00-0033481,Marcus Kemp,WR,KC,3000,5666,0.7000000000000001,0.91875,1.0,1.0,0.0,BYE_OR_UNKNOWN,0.0,0.0,16.083333333333336,0.0
00-0032956,Andy Janovich,RB,CLE,4000,5482,0.0,0.0,1.0,1.0,0.0,BYE_OR_UNKNOWN,0.0,0.0,17.32037037037037,0.0
00-0033725,Corey Clement,RB,PHI,4000,5583,2.4,2.967,1.0,1.0,0.0,BYE_OR_UNKNOWN,0.0,0.0,17.32037037037037,0.0
00-0035908,Gabe Nabers,RB,LAC,4000,5876,0.0,0.0,1.0,1.0,0.0,BYE_OR_UNKNOWN,0.0,0.0,17.32037037037037,0.0
00-0034838,Royce Freeman,RB,DEN,4000,5620,3.65,4.176,1.0,1.0,0.0,BYE_OR_UNKNOWN,0.0,0.0,17.32037037037037,0.0
00-0035671,Jace Sternberger,TE,GB,2900,4773,3.675,3.5660000000000003,1.0,1.0,0.0,BYE_OR_UNKNOWN,0.0,0.0,15.897478804105312,0.0
00-0028063,Taiwan Jones,RB,BUF,4000,2820,0.0,0.0,1.0,1.0,0.0,BYE_OR_UNKNOWN,0.0,0.0,17.32037037037037,0.0
00-0030470,Vance McDonald,TE,PIT,2700,4572,2.5166666666666666,2.434,1.0,1.0,0.0,BYE_OR_UNKNOWN,0.0,0.0,13.72880410531013,0.0
00-0031558,Maxx Williams,TE,ARI,2500,4650,3.825,4.081521739130435,1.0,1.0,0.0,BYE_OR_UNKNOWN,0.0,0.0,16.379406514948684,0.0
00-0031209,Senorise Perry,RB,TEN,4000,2974,0.3,0.28125,1.0,1.0,0.0,BYE_OR_UNKNOWN,0.0,0.0,17.32037037037037,0.0
00-0033925,D'Onta Foreman,RB,TEN,4000,5539,3.4,3.293,1.0,1.0,0.0,BYE_OR_UNKNOWN,0.0,0.0,17.32037037037037,0.0
00-0032980,Marcus Johnson,WR,IND,3000,5587,5.642857142857143,3.492,1.0,1.0,0.0,BYE_OR_UNKNOWN,0.0,0.0,16.083333333333336,0.0
00-0034132,Christian Blake,WR,ATL,3000,5790,3.2750000000000004,3.893,1.0,1.0,0.0,BYE_OR_UNKNOWN,0.0,0.0,16.083333333333336,0.0
00-0036345,K.J. Osborn,WR,MIN,3000,5859,0.0,0.0,1.0963945713755463,1.2830319888734354,0.0,JAX,30.75,51.0,38.47089947089948,0.0
00-0035869,Austin Mack,WR,NYG,3000,5880,4.733333333333333,4.60625,1.0,1.0,0.0,BYE_OR_UNKNOWN,0.0,0.0,16.083333333333336,0.0
00-0031787,Jake Kumerow,WR,BUF,3000,5704,0.0,0.0,1.0,1.0,0.0,BYE_OR_UNKNOWN,0.0,0.0,16.083333333333336,0.0
00-0028411,Dontrelle Inman,WR,WAS,3200,5097,6.614285714285715,5.742000000000001,1.0,1.0,0.0,BYE_OR_UNKNOWN,0.0,0.0,6.898148148148149,0.0
00-0035291,Trayveon Williams,RB,CIN,4000,5888,2.1500000000000004,2.1416666666666666,1.0,1.0,0.0,BYE_OR_UNKNOWN,0.0,0.0,17.32037037037037,0.0
00-0026293,Matthew Slater,WR,NE,3000,3760,0.0,0.0,1.0,1.0,0.0,BYE_OR_UNKNOWN,0.0,0.0,16.083333333333336,0.0
00-0031376,Jerick McKinnon,RB,SF,4200,2935,10.381818181818184,8.040000000000001,1.0,1.0,0.0,BYE_OR_UNKNOWN,0.0,0.0,9.720370370370372,0.0
00-0035099,Khari Blasingame,RB,TEN,4000,5800,0.0,0.0,0.911380670972306,1.2100139082058414,0.0,CLE,29.0,54.0,37.78994708994709,0.0
00-0032577,D.J. Foster,RB,ARI,4000,5495,0.475,0.2478260869565217,1.0,1.0,0.0,BYE_OR_UNKNOWN,0.0,0.0,17.32037037037037,0.0
00-0035310,Chandler Cox,RB,MIA,4000,5737,0.0,0.0,1.0,1.0,0.0,BYE_OR_UNKNOWN,0.0,0.0,17.32037037037037,0.0
00-0034449,Buddy Howell,RB,HOU,4000,5763,0.0,0.0,0.9457282080367868,0.9700973574408902,0.0,IND,23.25,50.0,27.935449735449737,0.0
00-0032897,Derek Watt,RB,PIT,4000,5504,0.0,0.0,1.0,1.0,0.0,BYE_OR_UNKNOWN,0.0,0.0,17.32037037037037,0.0
00-0028074,Anthony Sherman,RB,KC,4000,2822,0.0,0.0,1.0,1.0,0.0,BYE_OR_UNKNOWN,0.0,0.0,17.32037037037037,0.0
00-0035184,Devine Ozigbo,RB,JAX,4000,5813,1.1666666666666667,1.09375,1.0,1.0,0.0,BYE_OR_UNKNOWN,0.0,0.0,17.32037037037037,0.0
00-0030968,Keith Smith,RB,ATL,4000,5492,0.0,0.0,0.6869507412896182,0.9075104311543812,0.0,NO,21.75,46.0,25.62063492063492,0.0
00-0035835,Nathan Cottrell,RB,JAX,4000,5893,0.0,0.0,1.027303608564929,0.8449235048678722,0.0,MIN,20.25,51.0,22.809788359788364,0.0
00-0035006,Olabisi Johnson,WR,MIN,3700,5747,4.6571428571428575,6.490999999999999,1.0,1.0,0.0,BYE_OR_UNKNOWN,0.0,0.0,5.564814814814813,0.0
00-0034054,River Cracraft,WR,SF,3000,5694,1.65,1.925,1.0,1.0,0.0,BYE_OR_UNKNOWN,0.0,0.0,16.083333333333336,0.0
00-0031595,Michael Burton,RB,NO,4000,5415,0.0,0.0,1.0,1.0,0.0,BYE_OR_UNKNOWN,0.0,0.0,17.32037037037037,0.0
00-0034208,Mike Boone,RB,MIN,4000,5662,0.4857142857142857,0.528,1.0,1.0,0.0,BYE_OR_UNKNOWN,0.0,0.0,17.32037037037037,0.0
00-0035148,Darwin Thompson,RB,KC,4000,5744,0.8,0.6543478260869566,1.0,1.0,0.0,BYE_OR_UNKNOWN,0.0,0.0,17.32037037037037,0.0
00-0028292,Nick Bellore,RB,SEA,4000,5663,0.0,0.0,1.0,1.0,0.0,BYE_OR_UNKNOWN,0.0,0.0,17.32037037037037,0.0
00-0035621,Nsimba Webster,WR,LA,3000,5802,0.0,0.0,1.0746148413765997,1.0744089012517386,0.0,ARI,25.75,49.0,32.75,0.0
00-0036078,Xavier Jones,RB,LA,4000,5885,0.0,0.0,1.0,1.0,0.0,BYE_OR_UNKNOWN,0.0,0.0,17.32037037037037,0.0
00-0035125,Alec Ingold,RB,LV,4000,5764,0.0,0.0,1.0764830366345268,1.1578581363004172,0.0,NYJ,27.75,48.0,36.53333333333334,0.0
00-0032813,Elijhaa Penny,RB,NYG,4000,5588,0.0,0.0,1.0386226832793604,0.7823365785813631,0.0,SEA,18.75,48.5,20.197354497354496,0.0
00-0032725,Stephen Anderson,TE,LAC,2500,4679,0.0,0.0,0.7245272190887814,1.0326842837273993,0.0,NE,24.75,47.0,31.12808376362593,0.0
00-0029892,Kyle Juszczyk,RB,SF,4000,2908,0.0,0.0,1.0265229827225546,1.0326842837273993,0.0,BUF,24.75,48.0,32.06904761904762,0.0
00-0036429,Charlie Woerner,TE,SF,2500,4797,0.0,0.0,1.2116103693474771,1.0326842837273993,0.0,BUF,24.75,48.0,31.12808376362593,0.0
00-0033439,Pharaoh Brown,TE,HOU,2500,4753,2.9285714285714284,3.454,1.0,1.0,0.0,BYE_OR_UNKNOWN,0.0,0.0,16.379406514948684,0.0
00-0033112,Temarrick Hemingway,TE,WAS,2500,4788,0.6666666666666666,0.5,1.0,1.0,0.0,BYE_OR_UNKNOWN,0.0,0.0,16.379406514948684,0.0
00-0031384,Richard Rodgers,TE,PHI,3300,4629,8.8125,12.433,1.0,1.0,0.0,BYE_OR_UNKNOWN,0.0,0.0,19.27097278000892,0.0
00-0030615,James Winchester,TE,KC,2500,4759,0.0,0.0,1.0,1.0,0.0,BYE_OR_UNKNOWN,0.0,0.0,16.379406514948684,0.0
00-0032918,C.J. Ham,RB,MIN,4000,5581,0.0,0.0,1.1717193894042237,1.2830319888734354,0.0,JAX,30.75,51.0,39.70793650793651,0.0
00-0033246,Johnny Mundt,TE,LA,2500,4747,3.1,2.8125,1.0,1.0,0.0,BYE_OR_UNKNOWN,0.0,0.0,16.379406514948684,0.0
00-0034766,Chris Herndon,TE,NYJ,2500,4734,3.9125,3.356,1.0,1.0,0.0,BYE_OR_UNKNOWN,0.0,0.0,16.379406514948684,0.0
00-0030155,Demetrius Harris,TE,CHI,2500,4642,1.15,0.42,1.0,1.0,0.0,BYE_OR_UNKNOWN,0.0,0.0,16.379406514948684,0.0
00-0029119,Derek Carrier,TE,LV,2500,4599,0.4800000000000001,0.8400000000000001,1.0,1.0,0.0,BYE_OR_UNKNOWN,0.0,0.0,16.379406514948684,0.0
00-0036232,Harrison Bryant,TE,CLE,2500,4780,5.155555555555555,5.5520000000000005,1.0,1.0,0.0,BYE_OR_UNKNOWN,0.0,0.0,16.379406514948684,0.0
00-0032986,J.P. Holtz,TE,CHI,2500,4763,0.0,0.0,0.763264317931152,0.980528511821975,0.0,DET,23.5,44.0,28.449512335054507,0.0
00-0035660,Kahale Warring,TE,HOU,2500,4795,0.0,0.0,0.7603949032020875,0.9700973574408902,0.0,IND,23.25,50.0,26.99448588002805,0.0
00-0034981,Foster Moreau,TE,LV,2500,4760,4.1,3.3065217391304347,1.0,1.0,0.0,BYE_OR_UNKNOWN,0.0,0.0,16.379406514948684,0.0
00-0034319,Deon Yelder,TE,KC,2500,4764,1.4,1.36875,1.0,1.0,0.0,BYE_OR_UNKNOWN,0.0,0.0,16.379406514948684,0.0
00-0033798,Mason Schreck,TE,CIN,2500,4796,0.0,0.0,0.7603949032020875,0.6780250347705147,0.0,MIA,16.25,43.0,18.39660228214445,0.0
00-0036187,Reggie Gilliam,TE,BUF,2500,4783,2.4,1.6054347826086957,1.0,1.0,0.0,BYE_OR_UNKNOWN,0.0,0.0,16.379406514948684,0.0
00-0035102,Brandon Dillon,TE,MIN,2500,4754,1.6,1.6,1.0,1.0,0.0,BYE_OR_UNKNOWN,0.0,0.0,16.379406514948684,0.0
00-0030216,Josh Hill,TE,NO,2500,4586,2.1875,2.898000000000001,1.0,1.0,0.0,BYE_OR_UNKNOWN,0.0,0.0,16.379406514948684,0.0
00-0036225,Dalton Keene,TE,NE,2500,4791,1.8,1.8,1.0,1.0,0.0,BYE_OR_UNKNOWN,0.0,0.0,16.379406514948684,0.0
00-0032098,Daniel Brown,TE,NYJ,2500,5436,0.0,0.0,0.9953999695124685,0.8449235048678722,0.0,LV,20.25,48.0,21.868824504366675,0.0
00-0035039,Stephen Carlson,TE,CLE,2500,4769,0.6833333333333332,0.895,1.0,1.0,0.0,BYE_OR_UNKNOWN,0.0,0.0,16.379406514948684,0.0
