player_id,player_name,team,position,status,raw_status,last_updated,match_method
00-0037263,Tyler Allgeier,ARI,RB,ACTIVE,,,auto_fallback_name_only
00-0041561,Carson Beck,ARI,QB,QUESTIONABLE,Questionable,2026-08-20T21:21Z,auto_fallback_name_only
00-0039921,Trey Benson,ARI,RB,QUESTIONABLE,Questionable,2026-08-21T01:25Z,auto_fallback_name_only
00-0033307,Kendrick Bourne,ARI,WR,ACTIVE,,,auto_fallback_name_only
00-0033119,Jacoby Brissett,ARI,QB,ACTIVE,,,auto_fallback_name_only
00-0038640,Jalen Brooks,ARI,WR,ACTIVE,,,auto_fallback_name_only
00-0033553,James Conner,ARI,RB,QUESTIONABLE,Questionable,2026-08-15T15:51Z,auto_fallback_name_only
00-0036331,Devin Duvernay,ARI,WR,ACTIVE,,,auto_fallback_name_only
00-0040046,Rivaldo Fairweather,ARI,TE,ACTIVE,,,auto_fallback_name_only
00-0036646,Simi Fehoko,ARI,WR,ACTIVE,,,auto_fallback_name_only
00-0040383,Bryson Green,ARI,WR,ACTIVE,,,auto_fallback_name_only
00-0039849,Marvin Harrison Jr.,ARI,WR,ACTIVE,,,auto_fallback_name_only
00-0039041,Elijah Higgins,ARI,TE,QUESTIONABLE,Questionable,2026-08-19T12:07Z,auto_fallback_name_only
00-0038397,Evan Hull,ARI,RB,ACTIVE,,,auto_fallback_name_only
00-0040556,Corey Kiner,ARI,RB,ACTIVE,,,auto_fallback_name_only
00-0037157,Bam Knight,ARI,RB,ACTIVE,,,auto_fallback_name_only
00-0041027,Jeremiyah Love,ARI,RB,QUESTIONABLE,Questionable,2026-08-18T16:23Z,auto_fallback_name_only
00-0037744,Trey McBride,ARI,TE,ACTIVE,,,auto_fallback_name_only
00-0035289,Gardner Minshew II,ARI,QB,ACTIVE,,,auto_fallback_name_only
00-0037277,Teagan Quitoriano,ARI,TE,ACTIVE,,,auto_fallback_name_only
00-0039737,Tip Reiman,ARI,TE,OUT,Out,2026-08-21T01:06Z,auto_fallback_name_only
00-0039577,Kedon Slovis,ARI,QB,ACTIVE,,,auto_fallback_name_only
00-0036635,Ihmir Smith-Marsette,ARI,WR,ACTIVE,,,auto_fallback_name_only
00-0041070,Reggie Virgil,ARI,WR,ACTIVE,,,auto_fallback_name_only
00-0041368,Harrison Wallace III,ARI,WR,ACTIVE,,,auto_fallback_name_only
00-0039521,Xavier Weaver,ARI,WR,QUESTIONABLE,Questionable,2026-08-19T12:07Z,auto_fallback_name_only
00-0038559,Michael Wilson,ARI,WR,ACTIVE,,,auto_fallback_name_only
00-0041366,Jameson Geers,ARI,TE,OUT,Injured Reserve,2026-08-19T12:07Z,auto_fallback_name_only
00-0041185,Vinny Anthony II,ATL,WR,ACTIVE,,,auto_exact
00-0036463,Chris Blair,ATL,WR,ACTIVE,,,auto_exact
00-0041044,Zachariah Branch,ATL,WR,ACTIVE,,,auto_exact
00-0040432,Beaux Collins,ATL,WR,ACTIVE,,,auto_fallback_name_only
00-0037741,Jahan Dotson,ATL,WR,ACTIVE,,,auto_exact
00-0038953,Dylan Drummond,ATL,WR,ACTIVE,,,auto_exact
00-0037120,Tyler Goodson,ATL,RB,ACTIVE,,,auto_exact
00-0032392,Austin Hooper,ATL,TE,ACTIVE,,,auto_exact
00-0041191,Cash Jones,ATL,RB,ACTIVE,,,auto_exact
00-0037238,Drake London,ATL,WR,ACTIVE,,,auto_exact
00-0041266,Keelan Marion,ATL,WR,ACTIVE,,,auto_exact
00-0039917,Michael Penix Jr.,ATL,QB,QUESTIONABLE,Questionable,2026-08-22T20:35Z,auto_exact
00-0036970,Kyle Pitts Sr.,ATL,TE,ACTIVE,,,auto_exact
00-0038542,Bijan Robinson,ATL,RB,ACTIVE,,,auto_exact
00-0037746,Brian Robinson Jr.,ATL,RB,ACTIVE,,,auto_exact
00-0040552,Joshua Simon,ATL,TE,ACTIVE,,,auto_exact
00-0041194,Jack Strand,ATL,QB,ACTIVE,,,auto_exact
00-0036212,Tua Tagovailoa,ATL,QB,ACTIVE,,,auto_exact
00-0041195,Jack Velling,ATL,TE,ACTIVE,,,auto_exact
00-0036429,Charlie Woerner,ATL,TE,ACTIVE,,,auto_exact
00-0035208,Olamide Zaccheaus,ATL,WR,ACTIVE,,,auto_exact
00-0039796,Rasheen Ali,BAL,RB,QUESTIONABLE,Questionable,2026-08-19T12:07Z,auto_exact
00-0034753,Mark Andrews,BAL,TE,ACTIVE,,,auto_exact
00-0036550,Rashod Bateman,BAL,WR,ACTIVE,,,auto_exact
00-0040977,Cortez Braham Jr.,BAL,WR,ACTIVE,,,auto_exact
00-0040887,Josh Cuevas,BAL,TE,ACTIVE,,,auto_exact
00-0040981,Joe Fagnano,BAL,QB,ACTIVE,,,auto_exact
00-0039064,Zay Flowers,BAL,WR,ACTIVE,,,auto_exact
00-0040099,Xavier Guillory,BAL,WR,ACTIVE,,,auto_exact
00-0032764,Derrick Henry,BAL,RB,ACTIVE,,,auto_exact
00-0040879,Matthew Hibner,BAL,TE,ACTIVE,,,auto_exact
00-0034975,Justice Hill,BAL,RB,ACTIVE,,,auto_exact
00-0035993,Tyler Huntley,BAL,QB,ACTIVE,,,auto_exact
00-0034796,Lamar Jackson,BAL,QB,ACTIVE,,,auto_exact
00-0039437,Cornelius Johnson,BAL,WR,ACTIVE,,,auto_exact
00-0040870,Ja'Kobi Lane,BAL,WR,ACTIVE,,,auto_exact
00-0040984,Dontae McMillan,BAL,RB,ACTIVE,,,auto_exact
00-0040986,Ty Pezza,BAL,TE,ACTIVE,,,auto_fallback_name_only
00-0040888,Adam Randall,BAL,RB,QUESTIONABLE,Questionable,2026-08-22T20:56Z,auto_exact
00-0040876,Elijah Sarratt,BAL,WR,ACTIVE,,,auto_exact
00-0040637,Lucas Scott,BAL,FB,ACTIVE,,,auto_fallback_name_only
00-0040989,Octavian Smith Jr.,BAL,WR,ACTIVE,,,auto_exact
00-0034798,Durham Smythe,BAL,TE,ACTIVE,,,auto_exact
00-0040991,Elijah Tau-Tolliver,BAL,RB,ACTIVE,,,auto_exact
00-0039259,Dayton Wade,BAL,WR,QUESTIONABLE,Questionable,2026-08-19T12:07Z,auto_exact
00-0039792,Devontez Walker,BAL,WR,ACTIVE,,,auto_exact
00-0040075,LaJohntay Wester,BAL,WR,ACTIVE,,,auto_exact
00-0037327,Skylar Thompson,BAL,QB,OUT,Injured Reserve,2026-08-19T12:07Z,auto_exact
00-0034857,Josh Allen,BUF,QB,ACTIVE,,,auto_exact
00-0034577,Kyle Allen,BUF,QB,ACTIVE,,,auto_exact
00-0041443,Skyler Bell,BUF,WR,QUESTIONABLE,Questionable,2026-08-22T16:46Z,auto_exact
00-0036679,Shane Buechele,BUF,QB,ACTIVE,,,auto_exact
00-0039901,Keon Coleman,BUF,WR,QUESTIONABLE,Questionable,2026-08-22T16:35Z,auto_exact
00-0037248,James Cook III,BUF,RB,ACTIVE,,,auto_exact
00-0040086,Mac Dalena,BUF,WR,ACTIVE,,,auto_exact
00-0039875,Ray Davis,BUF,RB,ACTIVE,,,auto_exact
00-0039471,Frank Gore Jr.,BUF,RB,ACTIVE,,,auto_exact
00-0040361,Stephen Gosnell,BUF,WR,ACTIVE,,,auto_exact
00-0035140,Mecole Hardman Jr.,BUF,WR,ACTIVE,,,auto_exact
00-0040194,Jackson Hawes,BUF,TE,ACTIVE,,,auto_exact
00-0035537,Ty Johnson,BUF,RB,QUESTIONABLE,Questionable,2026-08-19T12:07Z,auto_exact
00-0038933,Dalton Kincaid,BUF,TE,ACTIVE,,,auto_exact
00-0035689,Dawson Knox,BUF,TE,ACTIVE,,,auto_exact
00-0040363,Keleki Latu,BUF,TE,ACTIVE,,,auto_exact
00-0041272,Ja'Mori Maclin,BUF,WR,ACTIVE,,,auto_exact
00-0034827,DJ Moore,BUF,WR,ACTIVE,,,auto_exact
00-0037261,Khalil Shakir,BUF,WR,QUESTIONABLE,Questionable,2026-08-22T16:46Z,auto_exact
00-0038679,Tyrell Shavers,BUF,WR,OUT,Out,2026-07-28T21:40Z,auto_exact
00-0034487,Trent Sherfield,BUF,WR,ACTIVE,,,auto_exact
00-0040406,Quentin Skinner,BUF,WR,ACTIVE,,,auto_fallback_name_only
00-0038489,Ben VanSumeren,BUF,FB,ACTIVE,,,auto_fallback_name_only
00-0036534,Shane Zylstra,BUF,TE,ACTIVE,,,auto_exact
00-0039344,Jonathon Brooks,CAR,RB,ACTIVE,,,auto_exact
00-0039491,Jalen Coker,CAR,WR,ACTIVE,,,auto_exact
00-0041485,Miles Davis,CAR,RB,ACTIVE,,,auto_exact
00-0036265,AJ Dillon,CAR,RB,ACTIVE,,,auto_exact
00-0040644,Trevor Etienne,CAR,RB,ACTIVE,,,auto_exact
00-0040187,Mitchell Evans,CAR,TE,ACTIVE,,,auto_exact
00-0036825,Feleipe Franks,CAR,TE,ACTIVE,,,auto_exact
00-0040218,Jimmy Horn Jr.,CAR,WR,ACTIVE,,,auto_exact
00-0036555,Chuba Hubbard,CAR,RB,QUESTIONABLE,Questionable,2026-08-19T12:07Z,auto_exact
00-0041149,Haynes King,CAR,QB,QUESTIONABLE,Questionable,2026-08-19T12:07Z,auto_exact
00-0039342,Xavier Legette,CAR,WR,QUESTIONABLE,Questionable,2026-08-22T05:00Z,auto_exact
00-0040124,Tetairoa McMillan,CAR,WR,ACTIVE,,,auto_exact
00-0037614,John Metchie III,CAR,WR,ACTIVE,,,auto_exact
00-0037282,James Mitchell,CAR,TE,ACTIVE,,,auto_exact
00-0033589,David Moore,CAR,WR,ACTIVE,,,auto_exact
00-0038102,Kenny Pickett,CAR,QB,ACTIVE,,,auto_exact
00-0040265,Ja'seem Reed,CAR,WR,ACTIVE,,,auto_exact
00-0039356,Ja'Tavion Sanders,CAR,TE,ACTIVE,,,auto_exact
00-0038840,Brycen Tremayne,CAR,WR,ACTIVE,,,auto_exact
00-0037005,Tommy Tremble,CAR,TE,ACTIVE,,,auto_exact
00-0040394,Anthony Tyus III,CAR,RB,ACTIVE,,,auto_exact
00-0039394,Casey Washington,CAR,WR,ACTIVE,,,auto_fallback_name_only
00-0039150,Bryce Young,CAR,QB,ACTIVE,,,auto_exact
00-0041047,Chris Brazzell II,CAR,WR,OUT,Injured Reserve,2026-07-31T18:57Z,auto_exact
00-0035976,Dan Chisena,CAR,WR,OUT,Injured Reserve,2026-07-29T21:27Z,auto_exact
00-0036020,Salvon Ahmed,CHI,RB,ACTIVE,,,auto_exact
00-0037708,Maurice Alexander,CHI,WR,ACTIVE,,,auto_exact
00-0038416,Tyson Bagent,CHI,QB,QUESTIONABLE,Questionable,2026-08-20T23:22Z,auto_exact
00-0037329,Brittain Brown,CHI,RB,ACTIVE,,,auto_exact
00-0040735,Luther Burden III,CHI,WR,QUESTIONABLE,Questionable,2026-08-19T12:07Z,auto_exact
00-0035039,Stephen Carlson,CHI,TE,ACTIVE,,,auto_exact
00-0039843,Qadir Ismail,CHI,TE,ACTIVE,,,auto_exact
00-0039021,Roschon Johnson,CHI,RB,ACTIVE,,,auto_exact
00-0028986,Case Keenum,CHI,QB,ACTIVE,,,auto_exact
00-0041168,Omari Kelly,CHI,WR,ACTIVE,,,auto_exact
00-0036290,Cole Kmet,CHI,TE,ACTIVE,,,auto_exact
00-0041170,Hayden Large,CHI,TE,ACTIVE,,,auto_exact
00-0040126,Colston Loveland,CHI,TE,ACTIVE,,,auto_exact
00-0040236,Kyle Monangai,CHI,RB,QUESTIONABLE,Questionable,2026-08-18T16:53Z,auto_exact
00-0041172,Miller Moss,CHI,QB,ACTIVE,,,auto_exact
00-0039919,Rome Odunze,CHI,WR,ACTIVE,,,auto_exact
00-0032464,Kalif Raymond,CHI,WR,ACTIVE,,,auto_exact
00-0040275,JP Richardson,CHI,WR,ACTIVE,,,auto_exact
00-0041558,Sam Roush,CHI,TE,ACTIVE,,,auto_exact
00-0036275,D'Andre Swift,CHI,RB,ACTIVE,,,auto_exact
00-0041051,Zavion Thomas,CHI,WR,ACTIVE,,,auto_exact
00-0040277,Jahdae Walker,CHI,WR,ACTIVE,,,auto_exact
00-0039918,Caleb Williams,CHI,QB,ACTIVE,,,auto_exact
00-0037031,Nikola Kalinic,CHI,TE,OUT,Injured Reserve,2026-08-19T12:07Z,auto_exact
00-0039814,Erick All Jr.,CIN,TE,ACTIVE,,,auto_exact
00-0036569,Gary Brightwell,CIN,RB,ACTIVE,,,auto_exact
00-0040208,Tahj Brooks,CIN,RB,ACTIVE,,,auto_exact
00-0038597,Chase Brown,CIN,RB,ACTIVE,,,auto_exact
00-0041241,Kentrel Bullock,CIN,RB,ACTIVE,,,auto_exact
00-0036442,Joe Burrow,CIN,QB,ACTIVE,,,auto_exact
00-0036900,Ja'Marr Chase,CIN,WR,ACTIVE,,,auto_exact
00-0038391,Sean Clifford,CIN,QB,ACTIVE,,,auto_exact
00-0041116,Jack Endries,CIN,TE,ACTIVE,,,auto_exact
00-0026158,Joe Flacco,CIN,QB,ACTIVE,,,auto_exact
00-0034829,Mike Gesicki,CIN,TE,ACTIVE,,,auto_exact
00-0039631,Cam Grandy,CIN,TE,ACTIVE,,,auto_exact
00-0041244,Jamal Haynes,CIN,RB,ACTIVE,,,auto_exact
00-0036410,Tee Higgins,CIN,WR,ACTIVE,,,auto_exact
00-0034613,Tanner Hudson,CIN,TE,ACTIVE,,,auto_exact
00-0038619,Andrei Iosivas,CIN,WR,ACTIVE,,,auto_exact
00-0026300,Josh Johnson,CIN,QB,ACTIVE,,,auto_exact
00-0039473,Xavier Johnson,CIN,WR,ACTIVE,,,auto_exact
00-0038576,Charlie Jones,CIN,WR,ACTIVE,,,auto_exact
00-0041246,Josh Kattus,CIN,TE,ACTIVE,,,auto_exact
00-0040785,Dohnte Meyers,CIN,WR,ACTIVE,,,auto_exact
00-0039266,Kendall Milton,CIN,RB,ACTIVE,,,auto_exact
00-0040375,Jordan Moore,CIN,WR,ACTIVE,,,auto_exact
00-0033526,Samaje Perine,CIN,RB,ACTIVE,,,auto_exact
00-0037422,Kendric Pryor,CIN,WR,ACTIVE,,,auto_exact
00-0035631,Drew Sample,CIN,TE,ACTIVE,,,auto_exact
00-0041248,Noah Thomas,CIN,WR,ACTIVE,,,auto_exact
00-0038839,Mitchell Tinsley,CIN,WR,ACTIVE,,,auto_exact
00-0040534,Ke'Shawn Williams,CIN,WR,ACTIVE,,,auto_exact
00-0041069,Colbie Young,CIN,WR,ACTIVE,,,auto_exact
00-0040782,Isaiah Bond,CLE,WR,ACTIVE,,,auto_exact
00-0041277,Davon Booth,CLE,RB,ACTIVE,,,auto_exact
00-0041037,Denzel Boston,CLE,WR,ACTIVE,,,auto_exact
00-0031595,Michael Burton,CLE,FB,ACTIVE,,,auto_fallback_name_only
00-0041547,KC Concepcion,CLE,WR,ACTIVE,,,auto_exact
00-0039920,Malachi Corley,CLE,WR,ACTIVE,,,auto_exact
00-0040663,Harold Fannin Jr.,CLE,TE,ACTIVE,,,auto_exact
00-0040617,Luke Floriea,CLE,WR,ACTIVE,,,auto_exact
00-0040704,Dillon Gabriel,CLE,QB,ACTIVE,,,auto_exact
00-0041092,Taylen Green,CLE,QB,ACTIVE,,,auto_exact
00-0036407,Jerry Jeudy,CLE,WR,ACTIVE,,,auto_exact
00-0040784,Quinshon Judkins,CLE,RB,QUESTIONABLE,Questionable,2026-08-22T15:33Z,auto_exact
00-0040259,Gage Larvadain,CLE,WR,ACTIVE,,,auto_exact
00-0040260,Ahmani Marshall,CLE,RB,ACTIVE,,,auto_exact
00-0041215,Ben Patterson,CLE,WR,ACTIVE,,,auto_fallback_name_only
00-0041087,Joe Royer,CLE,TE,QUESTIONABLE,Questionable,2026-08-19T12:07Z,auto_exact
00-0041131,Carsen Ryan,CLE,TE,QUESTIONABLE,Questionable,2026-08-19T12:07Z,auto_exact
00-0040162,Dylan Sampson,CLE,RB,ACTIVE,,,auto_exact
00-0040466,Raheim Sanders,CLE,RB,ACTIVE,,,auto_exact
00-0040668,Shedeur Sanders,CLE,QB,ACTIVE,,,auto_exact
00-0038979,Cedric Tillman,CLE,WR,QUESTIONABLE,Questionable,2026-08-22T15:41Z,auto_exact
00-0036630,Tylan Wallace,CLE,WR,ACTIVE,,,auto_exact
00-0033537,Deshaun Watson,CLE,QB,ACTIVE,,,auto_exact
00-0038710,Blake Whiteheart,CLE,TE,ACTIVE,,,auto_exact
00-0041287,Kole Wilson,CLE,WR,ACTIVE,,,auto_exact
00-0040927,Dae'Quan Wright,CLE,TE,ACTIVE,,,auto_fallback_name_only
00-0039458,Brenden Bates,CLE,TE,OUT,Injured Reserve,2026-08-18T23:38Z,auto_exact
00-0036741,Jack Stoll,CLE,TE,OUT,Injured Reserve,2026-08-20T23:56Z,auto_exact
00-0039379,Jamari Thrash,CLE,WR,OUT,Injured Reserve,2026-08-19T12:07Z,auto_exact
00-0038389,Israel Abanikanda,DAL,RB,ACTIVE,,,auto_exact
00-0040586,Jaydon Blue,DAL,RB,QUESTIONABLE,Questionable,2026-08-20T18:37Z,auto_exact
00-0040930,Camden Brown,DAL,WR,ACTIVE,,,auto_exact
00-0037563,Malik Davis,DAL,RB,ACTIVE,,,auto_exact
00-0038041,Jake Ferguson,DAL,TE,ACTIVE,,,auto_exact
00-0039410,Ryan Flournoy,DAL,WR,ACTIVE,,,auto_exact
00-0037077,Sam Howell,DAL,QB,ACTIVE,,,auto_exact
00-0040934,Jordan Hudson,DAL,WR,ACTIVE,,,auto_exact
00-0036427,Tyler Johnson,DAL,WR,ACTIVE,,,auto_exact
00-0036358,CeeDee Lamb,DAL,WR,ACTIVE,,,auto_exact
00-0038738,Hunter Luepke,DAL,FB,ACTIVE,,,auto_fallback_name_only
00-0040021,Phil Mafah,DAL,RB,QUESTIONABLE,Questionable,2026-08-19T12:07Z,auto_exact
00-0039398,Joe Milton III,DAL,QB,ACTIVE,,,auto_exact
00-0039062,Jonathan Mingo,DAL,WR,ACTIVE,,,auto_exact
00-0037247,George Pickens,DAL,WR,ACTIVE,,,auto_exact
00-0033077,Dak Prescott,DAL,QB,ACTIVE,,,auto_exact
00-0040938,DJ Rogers,DAL,TE,ACTIVE,,,auto_exact
00-0038547,Luke Schoonmaker,DAL,TE,ACTIVE,,,auto_exact
00-0040900,Anthony Smith,DAL,WR,ACTIVE,,,auto_exact
00-0040769,Jaden Smith,DAL,WR,ACTIVE,,,auto_exact
00-0039530,Brevyn Spann-Ford,DAL,TE,ACTIVE,,,auto_exact
00-0040939,Michael Trigg,DAL,TE,QUESTIONABLE,Questionable,2026-08-21T00:26Z,auto_exact
00-0037801,KaVontae Turpin,DAL,WR,ACTIVE,,,auto_exact
00-0034272,Marquez Valdes-Scantling,DAL,WR,ACTIVE,,,auto_exact
00-0036997,Javonte Williams,DAL,RB,ACTIVE,,,auto_exact
00-0038735,Princeton Fant,DAL,TE,OUT,Injured Reserve,2026-08-19T12:07Z,auto_exact
00-0038783,Nate Adkins,DEN,TE,ACTIVE,,,auto_exact
00-0037085,Tyler Badie,DEN,RB,ACTIVE,,,auto_exact
00-0036959,Michael Bandy,DEN,WR,ACTIVE,,,auto_exact
00-0041133,Dallen Bentley,DEN,TE,ACTIVE,,,auto_exact
00-0040134,Pat Bryant,DEN,WR,ACTIVE,,,auto_exact
00-0041496,Jonah Coleman,DEN,RB,ACTIVE,,,auto_exact
00-0036158,J.K. Dobbins,DEN,RB,ACTIVE,,,auto_exact
00-0041536,Kyre Duplessis,DEN,WR,ACTIVE,,,auto_fallback_name_only
00-0036879,Sam Ehlinger,DEN,QB,ACTIVE,,,auto_exact
00-0033881,Evan Engram,DEN,TE,ACTIVE,,,auto_exact
00-0039868,Troy Franklin,DEN,WR,ACTIVE,,,auto_exact
00-0040730,RJ Harvey,DEN,RB,ACTIVE,,,auto_exact
00-0035406,Lil'Jordan Humphrey,DEN,WR,ACTIVE,,,auto_exact
00-0041077,Justin Joly,DEN,TE,ACTIVE,,,auto_exact
00-0041292,Kolbe Katsis,DEN,WR,ACTIVE,,,auto_exact
00-0041293,Dane Key,DEN,WR,ACTIVE,,,auto_exact
00-0037539,Lucas Krull,DEN,TE,ACTIVE,,,auto_exact
00-0040240,Caleb Lohner,DEN,TE,QUESTIONABLE,Questionable,2026-08-03T23:17Z,auto_exact
00-0041294,Joseph Manjack IV,DEN,WR,ACTIVE,,,auto_exact
00-0038794,Jaleel McLaughlin,DEN,RB,ACTIVE,,,auto_exact
00-0038976,Marvin Mims Jr.,DEN,WR,QUESTIONABLE,Questionable,2026-08-22T00:27Z,auto_exact
00-0039732,Bo Nix,DEN,QB,ACTIVE,,,auto_exact
00-0036727,Adam Prentice,DEN,FB,ACTIVE,,,auto_fallback_name_only
00-0039703,Cody Schrader,DEN,RB,ACTIVE,,,auto_exact
00-0035264,Jarrett Stidham,DEN,QB,ACTIVE,,,auto_exact
00-0034348,Courtland Sutton,DEN,WR,ACTIVE,,,auto_exact
00-0036422,Adam Trautman,DEN,TE,ACTIVE,,,auto_exact
00-0036613,Jaylen Waddle,DEN,WR,ACTIVE,,,auto_exact
00-0041453,Luke Altmyer,DET,QB,ACTIVE,,,auto_exact
00-0034270,Tyler Conklin,DET,TE,ACTIVE,,,auto_exact
00-0038911,Malik Cunningham,DET,WR,ACTIVE,,,auto_exact
00-0035500,Greg Dortch,DET,WR,ACTIVE,,,auto_exact
00-0039139,Jahmyr Gibbs,DET,RB,ACTIVE,,,auto_exact
00-0033106,Jared Goff,DET,QB,ACTIVE,,,auto_exact
00-0040697,Thomas Gordon,DET,TE,ACTIVE,,,auto_exact
00-0040387,Zach Horton,DET,TE,ACTIVE,,,auto_exact
00-0035544,Tom Kennedy,DET,WR,ACTIVE,,,auto_exact
00-0039065,Sam LaPorta,DET,TE,QUESTIONABLE,Questionable,2026-08-20T16:35Z,auto_exact
00-0040241,Dominic Lovett,DET,WR,ACTIVE,,,auto_exact
00-0040390,Jackson Meeks,DET,WR,ACTIVE,,,auto_exact
00-0037197,Isiah Pacheco,DET,RB,QUESTIONABLE,Questionable,2026-08-19T12:07Z,auto_exact
00-0038896,Jacob Saylors,DET,RB,ACTIVE,,,auto_exact
00-0039652,Jabari Small,DET,RB,QUESTIONABLE,Questionable,2026-08-22T19:56Z,auto_exact
00-0036963,Amon-Ra St. Brown,DET,WR,ACTIVE,,,auto_exact
00-0040669,Isaac TeSlaa,DET,WR,ACTIVE,,,auto_exact
00-0039364,Sione Vaki,DET,RB,QUESTIONABLE,Questionable,2026-08-22T19:49Z,auto_exact
00-0037240,Jameson Williams,DET,WR,ACTIVE,,,auto_exact
00-0034418,Cedrick Wilson Jr.,DET,WR,QUESTIONABLE,Questionable,2026-08-22T19:40Z,auto_exact
00-0036754,Brock Wright,DET,TE,ACTIVE,,,auto_exact
00-0041446,Kendrick Law,DET,WR,OUT,Injured Reserve,2026-06-17T20:34Z,auto_exact
00-0040393,Kye Robichaux,DET,RB,OUT,Injured Reserve,2026-08-19T12:07Z,auto_exact
00-0038685,Chris Brooks,GB,RB,ACTIVE,,,auto_exact
00-0040628,Drake Dabney,GB,TE,ACTIVE,,,auto_exact
00-0040667,Matthew Golden,GB,WR,ACTIVE,,,auto_exact
00-0041179,Chris Hilton Jr.,GB,WR,ACTIVE,,,auto_fallback_name_only
00-0035700,Josh Jacobs,GB,RB,QUESTIONABLE,Questionable,2026-08-22T00:53Z,auto_exact
00-0038996,Tucker Kraft,GB,TE,QUESTIONABLE,Questionable,2026-08-19T20:36Z,auto_exact
00-0039811,MarShawn Lloyd,GB,RB,ACTIVE,,,auto_exact
00-0036264,Jordan Love,GB,QB,ACTIVE,,,auto_exact
00-0040651,Damien Martinez,GB,RB,ACTIVE,,,auto_exact
00-0040014,Kyle McCord,GB,QB,ACTIVE,,,auto_exact
00-0037091,Bo Melton,GB,WR,ACTIVE,,,auto_fallback_name_only
00-0038090,Skyy Moore,GB,WR,ACTIVE,,,auto_exact
00-0039144,Luke Musgrave,GB,TE,OUT,Out,2026-07-29T15:13Z,auto_exact
00-0040558,Isaiah Neyor,GB,WR,ACTIVE,,,auto_exact
00-0040946,Jaden Nixon,GB,RB,ACTIVE,,,auto_exact
00-0039146,Jayden Reed,GB,WR,ACTIVE,,,auto_exact
00-0040753,Will Sheppard,GB,WR,ACTIVE,,,auto_exact
00-0038098,Pierre Strong Jr.,GB,RB,ACTIVE,,,auto_exact
00-0039275,Messiah Swinson,GB,TE,ACTIVE,,,auto_exact
00-0028118,Tyrod Taylor,GB,QB,ACTIVE,,,auto_exact
00-0038124,Christian Watson,GB,WR,ACTIVE,,,auto_exact
00-0038589,Josh Whyle,GB,TE,ACTIVE,,,auto_exact
00-0040009,Savion Williams,GB,WR,ACTIVE,,,auto_exact
00-0041467,Lewis Bond,HOU,WR,ACTIVE,,,auto_exact
00-0039603,British Brooks,HOU,RB,QUESTIONABLE,Questionable,2026-08-19T12:07Z,auto_exact
00-0036554,Nico Collins,HOU,WR,ACTIVE,,,auto_exact
00-0038977,Tank Dell,HOU,WR,QUESTIONABLE,Questionable,2026-08-17T17:37Z,auto_exact
00-0041535,Louis Hansen,HOU,TE,ACTIVE,,,auto_exact
00-0038618,Xavier Hutchinson,HOU,WR,ACTIVE,,,auto_exact
00-0039392,Jha'Quan Jackson,HOU,WR,ACTIVE,,,auto_exact
00-0036556,Brevin Jordan,HOU,TE,QUESTIONABLE,Questionable,2026-08-19T12:07Z,auto_exact
00-0039405,Jawhar Jordan,HOU,RB,QUESTIONABLE,Questionable,2026-08-19T12:07Z,auto_exact
00-0040049,Josh Kelly,HOU,WR,ACTIVE,,,auto_exact
00-0041472,Marlin Klein,HOU,TE,ACTIVE,,,auto_exact
00-0040583,Woody Marks,HOU,RB,ACTIVE,,,auto_exact
00-0036898,Davis Mills,HOU,QB,ACTIVE,,,auto_exact
00-0035685,David Montgomery,HOU,RB,ACTIVE,,,auto_exact
00-0034981,Foster Moreau,HOU,TE,ACTIVE,,,auto_exact
00-0040138,Jaylin Noel,HOU,WR,QUESTIONABLE,Questionable,2026-08-19T17:46Z,auto_exact
00-0040792,Layne Pryor,HOU,TE,ACTIVE,,,auto_exact
00-0041308,Treyvhon Saunders,HOU,WR,ACTIVE,,,auto_exact
00-0034383,Dalton Schultz,HOU,TE,ACTIVE,,,auto_exact
00-0041309,Daniel Sobkowicz,HOU,WR,ACTIVE,,,auto_exact
00-0039359,Cade Stover,HOU,TE,ACTIVE,,,auto_exact
00-0039163,C.J. Stroud,HOU,QB,ACTIVE,,,auto_exact
00-0034386,Justin Watson,HOU,WR,ACTIVE,,,auto_exact
00-0038728,Jared Wayne,HOU,WR,ACTIVE,,,auto_exact
00-0041312,Noah Whittington,HOU,RB,QUESTIONABLE,Questionable,2026-08-22T00:05Z,auto_exact
00-0040130,Jayden Higgins,HOU,WR,OUT,Injured Reserve,2026-08-21T18:31Z,auto_exact
00-0040211,Graham Mertz,HOU,QB,OUT,Injured Reserve,2026-08-19T12:07Z,auto_exact
00-0041307,Josh Pitsenberger,HOU,RB,OUT,Injured Reserve,2026-08-19T12:07Z,auto_exact
00-0033217,Mo Alie-Cox,IND,TE,ACTIVE,,,auto_exact
00-0040476,Ulysses Bentley IV,IND,RB,ACTIVE,,,auto_exact
00-0041132,Deion Burks,IND,WR,ACTIVE,,,auto_exact
00-0041486,Anderson Castle,IND,RB,ACTIVE,,,auto_exact
00-0038997,Josh Downs,IND,WR,ACTIVE,,,auto_exact
00-0035021,Ashton Dulin,IND,WR,ACTIVE,,,auto_exact
00-0040528,JJ Galbreath,IND,TE,ACTIVE,,,auto_fallback_name_only
00-0040179,DJ Giddens,IND,RB,QUESTIONABLE,Questionable,2026-08-19T23:12Z,auto_exact
00-0039816,Anthony Gould,IND,WR,QUESTIONABLE,Questionable,2026-08-19T12:07Z,auto_exact
00-0041228,Sahmir Hagans,IND,WR,ACTIVE,,,auto_exact
00-0035710,Daniel Jones,IND,QB,ACTIVE,,,auto_exact
00-0040206,Riley Leonard,IND,QB,ACTIVE,,,auto_exact
00-0038394,Will Mallory,IND,TE,QUESTIONABLE,Questionable,2026-08-23T03:00Z,auto_exact
00-0041125,Seth McGowan,IND,RB,ACTIVE,,,auto_exact
00-0040352,Coleman Owen,IND,WR,ACTIVE,,,auto_exact
00-0040337,Eli Pancol,IND,WR,ACTIVE,,,auto_exact
00-0037664,Alec Pierce,IND,WR,OUT,Out,2026-08-19T22:16Z,auto_exact
00-0039164,Anthony Richardson Sr.,IND,QB,ACTIVE,,,auto_exact
00-0041233,Raylen Sharpe,IND,WR,ACTIVE,,,auto_exact
00-0035282,Easton Stick,IND,QB,ACTIVE,,,auto_exact
00-0036223,Jonathan Taylor,IND,RB,ACTIVE,,,auto_exact
00-0032951,Laquon Treadwell,IND,WR,ACTIVE,,,auto_exact
00-0040128,Tyler Warren,IND,TE,QUESTIONABLE,Questionable,2026-08-20T14:46Z,auto_exact
00-0036182,Nick Westbrook-Ikhine,IND,WR,ACTIVE,,,auto_exact
00-0036032,Sean McKeon,IND,TE,QUESTIONABLE,Questionable,2026-08-19T12:07Z,auto_exact
00-0040853,Carson Towt,IND,TE,OUT,Injured Reserve,2026-08-19T12:07Z,auto_exact
00-0032104,Ameer Abdullah,JAX,RB,ACTIVE,,,auto_exact
00-0041203,Joey Aguilar,JAX,QB,ACTIVE,,,auto_exact
00-0040238,LeQuint Allen Jr.,JAX,RB,QUESTIONABLE,Questionable,2026-08-19T12:07Z,auto_exact
00-0041503,Nate Boerkircher,JAX,TE,ACTIVE,,,auto_exact
00-0041205,Brady Boyd,JAX,WR,ACTIVE,,,auto_exact
00-0039534,Carter Bradley,JAX,QB,ACTIVE,,,auto_exact
00-0040323,Chandler Brayboy,JAX,WR,ACTIVE,,,auto_exact
00-0041100,Josh Cameron,JAX,WR,ACTIVE,,,auto_exact
00-0036425,DeeJay Dallas,JAX,RB,ACTIVE,,,auto_exact
00-0040331,Patrick Herbert,JAX,TE,ACTIVE,,,auto_exact
00-0040718,Travis Hunter,JAX,WR,ACTIVE,,,auto_exact
00-0036497,Tim Jones,JAX,WR,ACTIVE,,,auto_exact
00-0041084,Tanner Koziol,JAX,TE,ACTIVE,,,auto_exact
00-0036971,Trevor Lawrence,JAX,QB,ACTIVE,,,auto_exact
00-0037004,Hunter Long,JAX,TE,ACTIVE,,,auto_exact
00-0034960,Jakobi Meyers,JAX,WR,QUESTIONABLE,Questionable,2026-08-22T03:01Z,auto_exact
00-0036590,Quintin Morris,JAX,TE,ACTIVE,,,auto_exact
00-0033319,Nick Mullens,JAX,QB,ACTIVE,,,auto_exact
00-0041216,Trebor Pena,JAX,WR,ACTIVE,,,auto_exact
00-0038611,Chris Rodriguez Jr.,JAX,RB,ACTIVE,,,auto_exact
00-0038935,Brenton Strange,JAX,TE,ACTIVE,,,auto_exact
00-0041217,J'Mari Taylor,JAX,RB,ACTIVE,,,auto_exact
00-0039893,Brian Thomas Jr.,JAX,WR,ACTIVE,,,auto_exact
00-0036841,Austin Trammell,JAX,WR,ACTIVE,,,auto_exact
00-0040719,Bhayshul Tuten,JAX,RB,ACTIVE,,,auto_exact
00-0038606,Parker Washington,JAX,WR,QUESTIONABLE,Questionable,2026-08-21T13:47Z,auto_exact
00-0041106,CJ Williams,JAX,WR,ACTIVE,,,auto_exact
00-0041220,Michael Wortham,JAX,WR,ACTIVE,,,auto_exact
00-0040890,Cyrus Allen,KC,WR,ACTIVE,,,auto_exact
00-0040298,Andrew Armstrong,KC,WR,ACTIVE,,,auto_exact
00-0040081,Jake Briningstool,KC,TE,ACTIVE,,,auto_exact
00-0038492,Jason Brownlee,KC,WR,ACTIVE,,,auto_exact
00-0040953,Jeff Caldwell,KC,WR,QUESTIONABLE,Questionable,2026-08-21T00:00Z,auto_exact
00-0040967,Jacob De Jesus,KC,WR,ACTIVE,,,auto_exact
00-0038705,Emari Demercado,KC,RB,ACTIVE,,,auto_exact
00-0040954,Omari Evans,KC,WR,ACTIVE,,,auto_exact
00-0036945,Justin Fields,KC,QB,ACTIVE,,,auto_exact
00-0036637,Noah Gray,KC,TE,ACTIVE,,,auto_exact
00-0040120,Jimmy Holiday,KC,WR,ACTIVE,,,auto_exact
00-0041013,Emmett Johnson,KC,RB,ACTIVE,,,auto_exact
00-0030506,Travis Kelce,KC,TE,ACTIVE,,,auto_exact
00-0041020,Xavier Loyd,KC,WR,ACTIVE,,,auto_exact
00-0033873,Patrick Mahomes,KC,QB,QUESTIONABLE,Questionable,2026-08-23T01:37Z,auto_exact
00-0040906,Garrett Nussmeier,KC,QB,ACTIVE,,,auto_exact
00-0037324,Chris Oladokun,KC,QB,ACTIVE,,,auto_exact
00-0040959,Jaydn Ott,KC,RB,ACTIVE,,,auto_exact
00-0038519,Nikko Remigio,KC,WR,ACTIVE,,,auto_exact
00-0039067,Rashee Rice,KC,WR,ACTIVE,,,auto_exact
00-0040646,Jalen Royals,KC,WR,ACTIVE,,,auto_exact
00-0040078,Brashard Smith,KC,RB,ACTIVE,,,auto_exact
00-0040964,EJ Smith,KC,RB,ACTIVE,,,auto_exact
00-0038104,Tyquan Thornton,KC,WR,ACTIVE,,,auto_exact
00-0038134,Kenneth Walker III,KC,RB,ACTIVE,,,auto_exact
00-0040094,Tre Watson,KC,TE,ACTIVE,,,auto_exact
00-0039824,Jared Wiley,KC,TE,ACTIVE,,,auto_exact
00-0039894,Xavier Worthy,KC,WR,QUESTIONABLE,Questionable,2026-08-17T17:00Z,auto_exact
00-0040955,John Michael Gyllenborg,KC,TE,OUT,Injured Reserve,2026-07-28T21:54Z,auto_exact
00-0040729,Jack Bech,LV,WR,ACTIVE,,,auto_exact
00-0040894,Malik Benson,LV,WR,ACTIVE,,,auto_exact
00-0039338,Brock Bowers,LV,TE,ACTIVE,,,auto_exact
00-0040996,Jacob Clark,LV,QB,ACTIVE,,,auto_exact
00-0029604,Kirk Cousins,LV,QB,ACTIVE,,,auto_exact
00-0032208,Phillip Dorsett II,LV,WR,ACTIVE,,,auto_exact
00-0041016,Patrick Gurd,LV,TE,ACTIVE,,,auto_exact
00-0040998,Roman Hemby,LV,RB,ACTIVE,,,auto_exact
00-0037304,Connor Heyward,LV,FB,ACTIVE,,,auto_fallback_name_only
00-0038891,Shedrick Jackson,LV,WR,ACTIVE,,,auto_exact
00-0040122,Ashton Jeanty,LV,RB,ACTIVE,,,auto_exact
00-0037382,Brandon Johnson,LV,WR,ACTIVE,,,auto_exact
00-0039407,Dylan Laube,LV,RB,ACTIVE,,,auto_exact
00-0039066,Michael Mayer,LV,TE,ACTIVE,,,auto_exact
00-0041562,Fernando Mendoza,LV,QB,ACTIVE,,,auto_exact
00-0037291,Jalen Nailor,LV,WR,ACTIVE,,,auto_exact
00-0038579,Aidan O'Connell,LV,QB,ACTIVE,,,auto_exact
00-0036423,Albert Okwuegbunam Jr.,LV,TE,ACTIVE,,,auto_exact
00-0041004,Chase Roberts,LV,WR,ACTIVE,,,auto_exact
00-0040488,Carter Runyon,LV,TE,ACTIVE,,,auto_exact
00-0034365,Ian Thomas,LV,TE,ACTIVE,,,auto_exact
00-0040581,Dont'e Thornton Jr.,LV,WR,QUESTIONABLE,Questionable,2026-08-19T12:07Z,auto_exact
00-0038563,Tre Tucker,LV,WR,ACTIVE,,,auto_exact
00-0040878,Mike Washington Jr.,LV,RB,ACTIVE,,,auto_exact
00-0041011,E.J. Williams Jr.,LV,WR,ACTIVE,,,auto_exact
00-0037093,Dareke Young,LV,WR,ACTIVE,,,auto_exact
00-0039244,Chris Collier,LV,RB,OUT,Injured Reserve,2026-08-02T23:52Z,auto_exact
00-0041005,Corey Rucker,LV,WR,OUT,Injured Reserve,2026-06-10T20:52Z,auto_exact
00-0038590,Justin Shorter,LV,WR,OUT,Injured Reserve,2026-05-04T23:28Z,auto_exact
00-0041373,Jerand Bradley,LAC,TE,ACTIVE,,,auto_fallback_name_only
00-0041374,Sincere Brown,LAC,WR,ACTIVE,,,auto_exact
00-0040629,Dalevon Campbell,LAC,WR,ACTIVE,,,auto_exact
00-0038573,Derius Davis,LAC,WR,ACTIVE,,,auto_exact
00-0040189,Oronde Gadsden,LAC,TE,ACTIVE,,,auto_exact
00-0040666,Omarion Hampton,LAC,RB,ACTIVE,,,auto_exact
00-0040727,Tre' Harris,LAC,WR,QUESTIONABLE,Questionable,2026-08-22T16:36Z,auto_exact
00-0036355,Justin Herbert,LAC,QB,ACTIVE,,,auto_exact
00-0035125,Alec Ingold,LAC,FB,ACTIVE,,,auto_fallback_name_only
00-0039722,JaQuae Jackson,LAC,WR,ACTIVE,,,auto_exact
00-0040039,Amar Johnson,LAC,RB,ACTIVE,,,auto_exact
00-0038544,Quentin Johnston,LAC,WR,QUESTIONABLE,Questionable,2026-08-22T16:19Z,auto_exact
00-0038046,Charlie Kolar,LAC,TE,ACTIVE,,,auto_exact
00-0040184,KeAndre Lambert-Smith,LAC,WR,ACTIVE,,,auto_exact
00-0037012,Trey Lance,LAC,QB,ACTIVE,,,auto_exact
00-0038614,Scott Matlock,LAC,FB,ACTIVE,,,auto_fallback_name_only
00-0039915,Ladd McConkey,LAC,WR,ACTIVE,,,auto_exact
00-0038454,Keaton Mitchell,LAC,RB,ACTIVE,,,auto_exact
00-0033885,David Njoku,LAC,TE,ACTIVE,,,auto_exact
00-0041452,Johnny Pascuzzi,LAC,TE,ACTIVE,,,auto_exact
00-0036755,Jaret Patterson,LAC,RB,ACTIVE,,,auto_exact
00-0041380,Devonte Ross,LAC,WR,ACTIVE,,,auto_exact
00-0041384,Evan Svoboda,LAC,TE,ACTIVE,,,auto_exact
00-0041550,Brenen Thompson,LAC,WR,QUESTIONABLE,Questionable,2026-08-22T16:41Z,auto_exact
00-0040464,DJ Uiagalelei,LAC,QB,ACTIVE,,,auto_exact
00-0039391,Kimani Vidal,LAC,RB,ACTIVE,,,auto_exact
00-0040461,Luke Grimm,LAC,WR,OUT,Injured Reserve,2026-08-21T00:52Z,auto_exact
00-0031381,Davante Adams,LA,WR,ACTIVE,,,auto_exact
00-0039074,Davis Allen,LA,TE,QUESTIONABLE,Questionable,2026-08-19T12:07Z,auto_exact
00-0039107,Stetson Bennett IV,LA,QB,ACTIVE,,,auto_exact
00-0041414,Matthew Caldwell,LA,QB,ACTIVE,,,auto_exact
00-0041415,Dean Connors,LA,RB,ACTIVE,,,auto_exact
00-0039738,Blake Corum,LA,RB,ACTIVE,,,auto_exact
00-0041399,CJ Daniels,LA,WR,ACTIVE,,,auto_exact
00-0040609,Tru Edwards,LA,WR,ACTIVE,,,auto_exact
00-0040737,Terrance Ferguson,LA,TE,ACTIVE,,,auto_exact
00-0033110,Tyler Higbee,LA,TE,ACTIVE,,,auto_exact
00-0040692,Jarquez Hunter,LA,RB,ACTIVE,,,auto_exact
00-0041403,Rohan Jones,LA,TE,ACTIVE,,,auto_exact
00-0041510,Max Klare,LA,TE,ACTIVE,,,auto_exact
00-0040590,Konata Mumpfield,LA,WR,ACTIVE,,,auto_exact
00-0039075,Puka Nacua,LA,WR,QUESTIONABLE,Questionable,2026-08-20T21:39Z,auto_exact
00-0036244,Colby Parkinson,LA,TE,ACTIVE,,,auto_exact
00-0040597,Brennan Presley,LA,WR,ACTIVE,,,auto_exact
00-0040598,Mark Redman,LA,TE,ACTIVE,,,auto_exact
00-0037557,Ronnie Rivers,LA,RB,ACTIVE,,,auto_exact
00-0038941,Tyler Scott,LA,WR,ACTIVE,,,auto_exact
00-0041568,Ty Simpson,LA,QB,ACTIVE,,,auto_exact
00-0038359,Xavier Smith,LA,WR,ACTIVE,,,auto_exact
00-0026498,Matthew Stafford,LA,QB,ACTIVE,,,auto_exact
00-0041422,Dan Villari,LA,TE,ACTIVE,,,auto_exact
00-0040601,Jordan Waters,LA,RB,ACTIVE,,,auto_exact
00-0039751,Jordan Whittington,LA,WR,ACTIVE,,,auto_exact
00-0037840,Kyren Williams,LA,RB,ACTIVE,,,auto_exact
00-0039040,De'Von Achane,MIA,RB,ACTIVE,,,auto_exact
00-0036849,Tutu Atwell,MIA,WR,ACTIVE,,,auto_exact
00-0041525,Chris Bell,MIA,WR,QUESTIONABLE,Questionable,2026-08-23T01:26Z,auto_exact
00-0041529,Kevin Coleman Jr.,MIA,WR,ACTIVE,,,auto_exact
00-0041523,Caleb Douglas,MIA,WR,ACTIVE,,,auto_exact
00-0037252,Greg Dulcich,MIA,TE,ACTIVE,,,auto_exact
00-0040400,Donovan Edwards,MIA,RB,ACTIVE,,,auto_exact
00-0040234,Quinn Ewers,MIA,QB,QUESTIONABLE,Questionable,2026-08-19T12:07Z,auto_exact
00-0040198,Ollie Gordon II,MIA,RB,QUESTIONABLE,Questionable,2026-08-22T21:31Z,auto_exact
00-0041156,Mark Gronowski,MIA,QB,ACTIVE,,,auto_exact
00-0040302,AJ Henning,MIA,WR,ACTIVE,,,auto_exact
00-0041436,DJ Herman,MIA,FB,ACTIVE,,,auto_fallback_name_only
00-0041524,Will Kacmarek,MIA,TE,ACTIVE,,,auto_exact
00-0036955,Terrace Marshall Jr.,MIA,WR,ACTIVE,,,auto_exact
00-0041158,Donaven McCulley,MIA,WR,ACTIVE,,,auto_exact
00-0040222,Cam Miller,MIA,QB,ACTIVE,,,auto_exact
00-0036387,Jalen Reagor,MIA,WR,ACTIVE,,,auto_exact
00-0038809,Ben Sims,MIA,TE,QUESTIONABLE,Questionable,2026-08-19T12:07Z,auto_exact
00-0037666,Jalen Tolbert,MIA,WR,ACTIVE,,,auto_exact
00-0041579,Seydou Traore,MIA,TE,ACTIVE,,,auto_exact
00-0037078,Cole Turner,MIA,TE,ACTIVE,,,auto_exact
00-0039880,Malik Washington,MIA,WR,ACTIVE,,,auto_exact
00-0039884,Tahj Washington,MIA,WR,ACTIVE,,,auto_exact
00-0038930,Carlos Washington Jr.,MIA,RB,ACTIVE,,,auto_exact
00-0040311,Theo Wease Jr.,MIA,WR,ACTIVE,,,auto_exact
00-0038128,Malik Willis,MIA,QB,ACTIVE,,,auto_exact
00-0039874,Jaylen Wright,MIA,RB,ACTIVE,,,auto_exact
00-0038994,Jordan Addison,MIN,WR,ACTIVE,,,auto_exact
00-0040215,Gavin Bartholomew,MIN,TE,ACTIVE,,,auto_exact
00-0041342,Dillon Bell,MIN,WR,ACTIVE,,,auto_exact
00-0041081,Max Bredeson,MIN,FB,ACTIVE,,,auto_fallback_name_only
00-0040970,Michael Briscoe,MIN,WR,ACTIVE,,,auto_exact
00-0040494,Max Brosmer,MIN,QB,ACTIVE,,,auto_exact
00-0041104,Demond Claiborne,MIN,RB,ACTIVE,,,auto_exact
00-0041481,Terrill Davis,MIN,WR,ACTIVE,,,auto_exact
00-0040154,Tai Felton,MIN,WR,ACTIVE,,,auto_exact
00-0040498,Dontae Fleming,MIN,WR,ACTIVE,,,auto_exact
00-0035229,T.J. Hockenson,MIN,TE,ACTIVE,,,auto_exact
00-0036322,Justin Jefferson,MIN,WR,ACTIVE,,,auto_exact
00-0036259,Jauan Jennings,MIN,WR,ACTIVE,,,auto_exact
00-0039710,Jeshaun Jones,MIN,WR,ACTIVE,,,auto_exact
00-0033293,Aaron Jones Sr.,MIN,RB,ACTIVE,,,auto_exact
00-0037525,Jordan Mason,MIN,RB,ACTIVE,,,auto_exact
00-0039923,J.J. McCarthy,MIN,QB,QUESTIONABLE,Questionable,2026-08-22T20:44Z,auto_exact
00-0035228,Kyler Murray,MIN,QB,ACTIVE,,,auto_exact
00-0040504,Bryson Nesbit,MIN,TE,ACTIVE,,,auto_exact
00-0035249,Josh Oliver,MIN,TE,ACTIVE,,,auto_exact
00-0040506,Myles Price,MIN,WR,ACTIVE,,,auto_exact
00-0041475,Trayvon Rudolph,MIN,WR,ACTIVE,,,auto_exact
00-0041352,Marcus Sanders Jr.,MIN,WR,ACTIVE,,,auto_exact
00-0038440,Zavier Scott,MIN,RB,ACTIVE,,,auto_exact
00-0032950,Carson Wentz,MIN,QB,ACTIVE,,,auto_exact
00-0040509,Ben Yurosek,MIN,TE,ACTIVE,,,auto_exact
00-0041314,Tanner Arkin,NE,TE,ACTIVE,,,auto_exact
00-0038608,Kayshon Boutte,NE,WR,ACTIVE,,,auto_exact
00-0035676,A.J. Brown,NE,WR,ACTIVE,,,auto_exact
00-0040563,Efton Chism III,NE,WR,ACTIVE,,,auto_exact
00-0041317,Nick DeGennaro,NE,WR,ACTIVE,,,auto_exact
00-0038476,Tommy DeVito,NE,QB,ACTIVE,,,auto_exact
00-0040566,CJ Dippre,NE,TE,ACTIVE,,,auto_exact
00-0041318,Kyle Dixon,NE,WR,ACTIVE,,,auto_exact
00-0041319,Cameron Dorner,NE,WR,ACTIVE,,,auto_exact
00-0037816,Romeo Doubs,NE,WR,ACTIVE,,,auto_exact
00-0038621,DeMario Douglas,NE,WR,ACTIVE,,,auto_exact
00-0036187,Reggie Gilliam,NE,FB,ACTIVE,,,auto_fallback_name_only
00-0040734,TreVeyon Henderson,NE,RB,ACTIVE,,,auto_exact
00-0033090,Hunter Henry,NE,TE,ACTIVE,,,auto_exact
00-0033555,Mack Hollins,NE,WR,ACTIVE,,,auto_exact
00-0040568,Lan Larison,NE,RB,ACTIVE,,,auto_exact
00-0039851,Drake Maye,NE,QB,ACTIVE,,,auto_exact
00-0041129,Jam Miller,NE,RB,ACTIVE,,,auto_exact
00-0041123,Behren Morton,NE,QB,ACTIVE,,,auto_exact
00-0039397,Tejhaun Palmer,NE,WR,ACTIVE,,,auto_fallback_name_only
00-0041152,Kobe Prentice,NE,WR,ACTIVE,,,auto_fallback_name_only
00-0041395,Eli Raridon,NE,TE,ACTIVE,,,auto_exact
00-0036875,Rhamondre Stevenson,NE,RB,ACTIVE,,,auto_exact
00-0039305,Jack Westover,NE,TE,ACTIVE,,,auto_fallback_name_only
00-0040131,Kyle Williams,NE,WR,ACTIVE,,,auto_exact
00-0038720,Julian Hill,NE,TE,OUT,Injured Reserve,2026-06-01T21:13Z,auto_exact
00-0041322,Jimmy Kibble,NE,WR,OUT,Injured Reserve,2026-07-26T22:17Z,auto_exact
00-0041323,Myles Montgomery,NE,RB,OUT,Injured Reserve,2026-08-19T12:07Z,auto_exact
00-0040570,Jeremiah Webb,NE,WR,OUT,Injured Reserve,2026-07-26T21:31Z,auto_exact
00-0037231,Kevin Austin Jr.,NO,WR,ACTIVE,,,auto_exact
00-0038647,Ronnie Bell,NO,WR,ACTIVE,,,auto_exact
00-0041099,Barion Brown,NO,WR,ACTIVE,,,auto_fallback_name_only
00-0037276,Ty Chandler,NO,RB,ACTIVE,,,auto_exact
00-0041041,Oscar Delp,NO,TE,ACTIVE,,,auto_exact
00-0041326,CJ Donaldson,NO,RB,ACTIVE,,,auto_exact
00-0036973,Travis Etienne Jr.,NO,RB,ACTIVE,,,auto_exact
00-0035644,Noah Fant,NO,TE,ACTIVE,,,auto_exact
00-0041327,Cody Hardy,NO,TE,ACTIVE,,,auto_exact
00-0036040,Juwan Johnson,NO,TE,ACTIVE,,,auto_exact
00-0033906,Alvin Kamara,NO,RB,QUESTIONABLE,Questionable,2026-08-19T13:41Z,auto_exact
00-0041067,Bryce Lance,NO,WR,ACTIVE,,,auto_exact
00-0040244,Moliki Matavao,NO,TE,QUESTIONABLE,Questionable,2026-08-23T01:37Z,auto_exact
00-0039386,Bub Means,NO,WR,QUESTIONABLE,Questionable,2026-08-23T01:40Z,auto_exact
00-0038551,Kendre Miller,NO,RB,ACTIVE,,,auto_exact
00-0037340,Zaire Mitchell-Paden,NO,TE,ACTIVE,,,auto_exact
00-0040202,Devin Neal,NO,RB,QUESTIONABLE,Questionable,2026-08-23T01:57Z,auto_exact
00-0037239,Chris Olave,NO,WR,ACTIVE,,,auto_exact
00-0039052,Trey Palmer,NO,WR,ACTIVE,,,auto_exact
00-0039376,Spencer Rattler,NO,QB,ACTIVE,,,auto_exact
00-0040743,Tyler Shough,NO,QB,ACTIVE,,,auto_exact
00-0039623,Mason Tipton,NO,WR,OUT,Out,2026-07-29T20:43Z,auto_exact
00-0041029,Jordyn Tyson,NO,WR,DOUBTFUL,Doubtful,2026-08-19T12:07Z,auto_exact
00-0039424,Devaughn Vele,NO,WR,ACTIVE,,,auto_exact
00-0039518,Treyton Welch,NO,TE,ACTIVE,,,auto_exact
00-0037013,Zach Wilson,NO,QB,ACTIVE,,,auto_exact
00-0032434,Brandon Allen,NYG,QB,ACTIVE,,,auto_exact
00-0037837,Calvin Austin III,NYG,WR,ACTIVE,,,auto_exact
00-0041139,Damon Bankston,NYG,RB,ACTIVE,,,auto_exact
00-0031235,Odell Beckham Jr.,NYG,WR,ACTIVE,,,auto_exact
00-0034419,Braxton Berrios,NYG,WR,QUESTIONABLE,Questionable,2026-08-23T01:47Z,auto_exact
00-0040431,Dalen Cambre,NYG,WR,ACTIVE,,,auto_exact
00-0037348,Tanner Conner,NYG,TE,ACTIVE,,,auto_exact
00-0040691,Jaxson Dart,NYG,QB,ACTIVE,,,auto_exact
00-0040225,Thomas Fidone II,NYG,TE,ACTIVE,,,auto_exact
00-0041042,Malachi Fields,NYG,WR,ACTIVE,,,auto_exact
00-0038496,Xavier Gipson,NYG,WR,ACTIVE,,,auto_exact
00-0038396,Eric Gray,NYG,RB,ACTIVE,,,auto_exact
00-0036165,Isaiah Hodgins,NYG,WR,ACTIVE,,,auto_exact
00-0038938,Jalin Hyatt,NYG,WR,QUESTIONABLE,Questionable,2026-08-19T12:07Z,auto_exact
00-0039847,Theo Johnson,NYG,TE,ACTIVE,,,auto_exact
00-0037838,Isaiah Likely,NYG,TE,ACTIVE,,,auto_exact
00-0031484,Chris Manhertz,NYG,TE,ACTIVE,,,auto_exact
00-0038824,Ryan Miller,NYG,WR,ACTIVE,,,auto_exact
00-0036309,Darnell Mooney,NYG,WR,ACTIVE,,,auto_exact
00-0039337,Malik Nabers,NYG,WR,QUESTIONABLE,Questionable,2026-08-20T14:12Z,auto_exact
00-0033376,Patrick Ricard,NYG,FB,ACTIVE,,,auto_fallback_name_only
00-0035250,Devin Singletary,NYG,RB,ACTIVE,,,auto_exact
00-0040715,Cam Skattebo,NYG,RB,ACTIVE,,,auto_exact
00-0035535,Darius Slayton,NYG,WR,ACTIVE,,,auto_exact
00-0039384,Tyrone Tracy Jr.,NYG,RB,ACTIVE,,,auto_exact
00-0031503,Jameis Winston,NYG,QB,ACTIVE,,,auto_exact
00-0039230,Dante Miller,NYG,RB,OUT,Injured Reserve,2026-08-19T12:07Z,auto_exact
00-0035645,Gunner Olszewski,NYG,WR,OUT,Injured Reserve,2026-06-02T00:10Z,auto_exact
00-0039794,Braelon Allen,NYJ,RB,ACTIVE,,,auto_exact
00-0034959,Andrew Beck,NYJ,FB,ACTIVE,,,auto_fallback_name_only
00-0040247,Junior Bergen,NYJ,WR,ACTIVE,,,auto_fallback_name_only
00-0040398,Brady Cook,NYJ,QB,ACTIVE,,,auto_exact
00-0041511,Omar Cooper Jr.,NYJ,WR,ACTIVE,,,auto_exact
00-0041237,Chase Curtis,NYJ,TE,QUESTIONABLE,Questionable,2026-08-22T01:46Z,auto_exact
00-0039798,Isaiah Davis,NYJ,RB,QUESTIONABLE,Questionable,2026-08-22T17:24Z,auto_exact
00-0038120,Breece Hall,NYJ,RB,QUESTIONABLE,Questionable,2026-08-19T12:07Z,auto_exact
00-0041056,Cade Klubnik,NYJ,QB,ACTIVE,,,auto_exact
00-0041199,Caullin Lacy,NYJ,WR,ACTIVE,,,auto_exact
00-0041267,Malik McClain,NYJ,WR,ACTIVE,,,auto_exact
00-0039890,Adonai Mitchell,NYJ,WR,ACTIVE,,,auto_exact
00-0036842,Kene Nwangwu,NYJ,RB,ACTIVE,,,auto_exact
00-0033375,Tim Patrick,NYJ,WR,ACTIVE,,,auto_exact
00-0040405,Jamaal Pritchett,NYJ,WR,ACTIVE,,,auto_exact
00-0037805,Jeremy Ruckert,NYJ,TE,ACTIVE,,,auto_exact
00-0041032,Kenyon Sadiq,NYJ,TE,QUESTIONABLE,Questionable,2026-08-19T12:07Z,auto_exact
00-0041200,Sam Scott,NYJ,RB,ACTIVE,,,auto_exact
00-0040582,Arian Smith,NYJ,WR,ACTIVE,,,auto_exact
00-0030565,Geno Smith,NYJ,QB,ACTIVE,,,auto_exact
00-0040736,Mason Taylor,NYJ,TE,ACTIVE,,,auto_exact
00-0041239,Chip Trayanum,NYJ,RB,ACTIVE,,,auto_exact
00-0039451,Isaiah Williams,NYJ,WR,ACTIVE,,,auto_exact
00-0037740,Garrett Wilson,NYJ,WR,ACTIVE,,,auto_exact
00-0037755,Jelani Woods,NYJ,TE,ACTIVE,,,auto_exact
00-0038108,Bailey Zappe,NYJ,QB,ACTIVE,,,auto_exact
00-0034844,Saquon Barkley,PHI,RB,ACTIVE,,,auto_exact
00-0038555,Tank Bigsby,PHI,RB,ACTIVE,,,auto_exact
00-0037086,Grant Calcaterra,PHI,TE,QUESTIONABLE,Questionable,2026-08-19T22:47Z,auto_exact
00-0040024,Darius Cooper,PHI,WR,ACTIVE,,,auto_exact
00-0037132,Britain Covey,PHI,WR,QUESTIONABLE,Questionable,2026-08-19T12:07Z,auto_exact
00-0027973,Andy Dalton,PHI,QB,ACTIVE,,,auto_exact
00-0034351,Dallas Goedert,PHI,TE,ACTIVE,,,auto_exact
00-0037828,Danny Gray,PHI,WR,QUESTIONABLE,Questionable,2026-08-19T12:07Z,auto_exact
00-0036389,Jalen Hurts,PHI,QB,ACTIVE,,,auto_exact
00-0038498,E.J. Jenkins,PHI,TE,ACTIVE,,,auto_exact
00-0038564,Cameron Latu,PHI,TE,ACTIVE,,,auto_exact
00-0040867,Makai Lemon,PHI,WR,QUESTIONABLE,Questionable,2026-08-22T22:33Z,auto_exact
00-0038400,Tanner McKee,PHI,QB,ACTIVE,,,auto_exact
00-0036980,Elijah Moore,PHI,WR,QUESTIONABLE,Questionable,2026-08-21T00:10Z,auto_exact
00-0033246,Johnny Mundt,PHI,TE,ACTIVE,,,auto_exact
00-0040891,Cole Payton,PHI,QB,ACTIVE,,,auto_exact
00-0037258,Dameon Pierce,PHI,RB,QUESTIONABLE,Questionable,2026-08-19T12:07Z,auto_exact
00-0039746,Will Shipley,PHI,RB,ACTIVE,,,auto_exact
00-0037475,Stone Smartt,PHI,TE,ACTIVE,,,auto_exact
00-0036912,DeVonta Smith,PHI,WR,QUESTIONABLE,Questionable,2026-08-19T14:44Z,auto_exact
00-0039325,Carson Steele,PHI,RB,ACTIVE,,,auto_exact
00-0041483,Eli Stowers,PHI,TE,ACTIVE,,,auto_exact
00-0037098,Samori Toure,PHI,WR,ACTIVE,,,auto_exact
00-0036271,Quez Watkins,PHI,WR,ACTIVE,,,auto_exact
00-0038393,Dontayvion Wicks,PHI,WR,ACTIVE,,,auto_exact
00-0039236,Johnny Wilson,PHI,WR,OUT,Injured Reserve,2026-08-22T21:59Z,auto_exact
00-0041565,Drew Allar,PIT,QB,ACTIVE,,,auto_exact
00-0039420,Jaheim Bell,PIT,TE,ACTIVE,,,auto_exact
00-0041489,Germie Bernard,PIT,WR,ACTIVE,,,auto_exact
00-0036139,Rico Dowdle,PIT,RB,ACTIVE,,,auto_exact
00-0036894,Pat Freiermuth,PIT,TE,ACTIVE,,,auto_exact
00-0041490,Eli Heidenreich,PIT,RB,ACTIVE,,,auto_exact
00-0035594,Travis Homer,PIT,RB,ACTIVE,,,auto_exact
00-0040203,Will Howard,PIT,QB,ACTIVE,,,auto_exact
00-0040618,Max Hurleman,PIT,RB,ACTIVE,,,auto_exact
00-0040142,Kaleb Johnson,PIT,RB,ACTIVE,,,auto_exact
00-0040388,Jakobie Keeney-James,PIT,WR,ACTIVE,,,auto_fallback_name_only
00-0040974,Lance Mason,PIT,TE,ACTIVE,,,auto_fallback_name_only
00-0041263,Lake McRee,PIT,TE,ACTIVE,,,auto_exact
00-0035640,DK Metcalf,PIT,WR,QUESTIONABLE,Questionable,2026-08-19T17:52Z,auto_exact
00-0038409,Lew Nichols,PIT,RB,ACTIVE,,,auto_exact
00-0041398,Riley Nowakowski,PIT,FB,ACTIVE,,,auto_fallback_name_only
00-0036252,Michael Pittman Jr.,PIT,WR,QUESTIONABLE,Questionable,2026-08-19T17:58Z,auto_exact
00-0023459,Aaron Rodgers,PIT,QB,ACTIVE,,,auto_exact
00-0034771,Mason Rudolph,PIT,QB,ACTIVE,,,auto_exact
00-0036862,Ben Skowronek,PIT,WR,ACTIVE,,,auto_exact
00-0036775,Brandon Smith,PIT,WR,QUESTIONABLE,Questionable,2026-08-19T12:07Z,auto_exact
00-0033757,Robert Tonyan,PIT,TE,ACTIVE,,,auto_exact
00-0037228,Jaylen Warren,PIT,RB,ACTIVE,,,auto_exact
00-0038558,Darnell Washington,PIT,TE,ACTIVE,,,auto_exact
00-0041397,Kaden Wetjen,PIT,WR,ACTIVE,,,auto_exact
00-0039739,Roman Wilson,PIT,WR,ACTIVE,,,auto_exact
00-0039626,Cole Burgess,PIT,WR,OUT,Injured Reserve,2026-08-19T12:07Z,auto_exact
00-0041052,Kaelon Black,SF,RB,ACTIVE,,,auto_exact
00-0039365,Jacob Cowing,SF,WR,ACTIVE,,,auto_exact
00-0041357,Khalil Dinkins,SF,TE,ACTIVE,,,auto_exact
00-0031408,Mike Evans,SF,WR,QUESTIONABLE,Questionable,2026-08-22T21:10Z,auto_exact
00-0036887,Luke Farrell,SF,TE,ACTIVE,,,auto_exact
00-0041359,Wesley Grimes,SF,WR,ACTIVE,,,auto_exact
00-0039363,Isaac Guerendo,SF,RB,OUT,Out,2026-07-25T20:09Z,auto_exact
00-0040177,Jordan James,SF,RB,QUESTIONABLE,Questionable,2026-08-22T21:28Z,auto_exact
00-0036972,Mac Jones,SF,QB,ACTIVE,,,auto_exact
00-0029892,Kyle Juszczyk,SF,FB,QUESTIONABLE,Questionable,2026-08-19T12:07Z,auto_fallback_name_only
00-0034775,Christian Kirk,SF,WR,QUESTIONABLE,Questionable,2026-08-22T21:35Z,auto_exact
00-0033288,George Kittle,SF,TE,OUT,Out,2026-08-21T01:41Z,auto_exact
00-0038658,Adrian Martinez,SF,QB,ACTIVE,,,auto_exact
00-0033280,Christian McCaffrey,SF,RB,QUESTIONABLE,Questionable,2026-08-21T01:28Z,auto_exact
00-0037509,Sincere McCormick,SF,RB,ACTIVE,,,auto_exact
00-0041361,Will Pauling,SF,WR,ACTIVE,,,auto_exact
00-0037834,Brock Purdy,SF,QB,ACTIVE,,,auto_exact
00-0032775,Demarcus Robinson,SF,WR,ACTIVE,,,auto_exact
00-0040589,Kurtis Rourke,SF,QB,ACTIVE,,,auto_exact
00-0039489,Hayden Rucci,SF,TE,ACTIVE,,,auto_exact
00-0041035,De'Zhaun Stribling,SF,WR,QUESTIONABLE,Questionable,2026-08-22T21:08Z,auto_exact
00-0037112,Jake Tonges,SF,TE,ACTIVE,,,auto_exact
00-0034867,Malik Turner,SF,WR,ACTIVE,,,auto_exact
00-0040172,Jordan Watkins,SF,WR,ACTIVE,,,auto_exact
00-0038643,Brayden Willis,SF,TE,ACTIVE,,,auto_exact
00-0039916,Ricky Pearsall,SF,WR,OUT,Injured Reserve,2026-08-13T15:11Z,auto_exact
00-0035973,Patrick Taylor Jr.,SF,RB,OUT,Injured Reserve,2026-08-21T00:46Z,auto_exact
00-0040739,Elijah Arroyo,SEA,TE,ACTIVE,,,auto_exact
00-0039793,AJ Barner,SEA,TE,ACTIVE,,,auto_exact
00-0039165,Zach Charbonnet,SEA,RB,OUT,Out,2026-08-16T19:52Z,auto_exact
00-0034869,Sam Darnold,SEA,QB,ACTIVE,,,auto_exact
00-0040621,Montorie Foster Jr.,SEA,WR,ACTIVE,,,auto_exact
00-0041157,Anthony Hankerson,SEA,RB,ACTIVE,,,auto_fallback_name_only
00-0040895,Emmanuel Henderson Jr.,SEA,WR,ACTIVE,,,auto_exact
00-0039299,George Holani,SEA,RB,ACTIVE,,,auto_exact
00-0040648,Tory Horton,SEA,WR,QUESTIONABLE,Questionable,2026-08-19T12:07Z,auto_exact
00-0037745,Velus Jones Jr.,SEA,WR,ACTIVE,,,auto_fallback_name_only
00-0040058,Nick Kallerup,SEA,TE,ACTIVE,,,auto_exact
00-0033908,Cooper Kupp,SEA,WR,ACTIVE,,,auto_exact
00-0040567,Brock Lampe,SEA,FB,ACTIVE,,,auto_fallback_name_only
00-0035704,Drew Lock,SEA,QB,ACTIVE,,,auto_exact
00-0040673,Jalen Milroe,SEA,QB,ACTIVE,,,auto_exact
00-0041512,Jadarian Price,SEA,RB,ACTIVE,,,auto_exact
00-0041476,Rashad Rochelle,SEA,WR,ACTIVE,,,auto_exact
00-0038488,Brady Russell,SEA,FB,ACTIVE,,,auto_fallback_name_only
00-0033576,Eric Saubert,SEA,TE,ACTIVE,,,auto_exact
00-0037545,Rashid Shaheed,SEA,WR,ACTIVE,,,auto_exact
00-0038543,Jaxon Smith-Njigba,SEA,WR,ACTIVE,,,auto_exact
00-0035891,Cody White,SEA,WR,ACTIVE,,,auto_exact
00-0040653,Ricky White III,SEA,WR,ACTIVE,,,auto_exact
00-0038797,Emanuel Wilson,SEA,RB,QUESTIONABLE,Questionable,2026-08-19T12:07Z,auto_exact
00-0040067,Jacardia Wright,SEA,RB,ACTIVE,,,auto_exact
00-0038752,Jake Bobo,SEA,WR,OUT,Injured Reserve,2026-08-22T17:45Z,auto_exact
00-0040649,Robbie Ouzts,SEA,FB,OUT,Injured Reserve,2026-08-19T12:07Z,auto_fallback_name_only
00-0040415,Connor Bazelak,TB,QB,ACTIVE,,,auto_exact
00-0035100,Jake Browning,TB,QB,ACTIVE,,,auto_exact
00-0039754,Devin Culp,TB,TE,ACTIVE,,,auto_exact
00-0041251,Jalon Daniels,TB,QB,ACTIVE,,,auto_exact
00-0039050,Payne Durham,TB,TE,ACTIVE,,,auto_exact
00-0040129,Emeka Egbuka,TB,WR,QUESTIONABLE,Questionable,2026-08-19T12:07Z,auto_exact
00-0041252,Kenny Fletcher Jr.,TB,TE,ACTIVE,,,auto_exact
00-0033921,Chris Godwin Jr.,TB,WR,ACTIVE,,,auto_exact
00-0040419,Garrett Greene,TB,WR,ACTIVE,,,auto_exact
00-0037570,Dennis Houston,TB,WR,QUESTIONABLE,Questionable,2026-08-23T01:50Z,auto_exact
00-0041048,Ted Hurst III,TB,WR,ACTIVE,,,auto_exact
00-0039361,Bucky Irving,TB,RB,ACTIVE,,,auto_exact
00-0039589,Kameron Johnson,TB,WR,ACTIVE,,,auto_exact
00-0040237,Tez Johnson,TB,WR,QUESTIONABLE,Questionable,2026-08-19T12:07Z,auto_exact
00-0037311,Ko Kieft,TB,TE,ACTIVE,,,auto_exact
00-0034855,Baker Mayfield,TB,QB,ACTIVE,,,auto_exact
00-0039855,Jalen McMillan,TB,WR,QUESTIONABLE,Questionable,2026-08-19T12:07Z,auto_exact
00-0038129,Cade Otton,TB,TE,QUESTIONABLE,Questionable,2026-08-19T12:07Z,auto_exact
00-0041435,Dean Patterson,TB,WR,ACTIVE,,,auto_exact
00-0041257,Eric Rivers Jr.,TB,WR,ACTIVE,,,auto_exact
00-0041094,Bauer Sharp,TB,TE,ACTIVE,,,auto_exact
00-0035359,David Sills V,TB,WR,ACTIVE,,,auto_exact
00-0038951,Sean Tucker,TB,RB,ACTIVE,,,auto_exact
00-0040429,Josh Williams,TB,RB,ACTIVE,,,auto_exact
00-0041433,Kadarius Calloway,TB,RB,OUT,Injured Reserve,2026-08-19T12:07Z,auto_exact
00-0040170,Elic Ayomanor,TEN,WR,ACTIVE,,,auto_exact
00-0040912,Hank Beatty,TEN,WR,ACTIVE,,,auto_exact
00-0038115,Daniel Bellinger,TEN,TE,ACTIVE,,,auto_exact
00-0036924,Michael Carter,TEN,RB,ACTIVE,,,auto_exact
00-0037594,Julius Chestnut,TEN,RB,ACTIVE,,,auto_exact
00-0040705,Chimere Dike,TEN,WR,ACTIVE,,,auto_exact
00-0036876,Kylen Granson,TEN,TE,ACTIVE,,,auto_exact
00-0040584,Gunnar Helm,TEN,TE,ACTIVE,,,auto_exact
00-0038550,Hendon Hooker,TEN,QB,ACTIVE,,,auto_exact
00-0040445,Courtney Jackson,TEN,WR,ACTIVE,,,auto_exact
00-0036176,Mason Kinsey,TEN,WR,ACTIVE,,,auto_exact
00-0039152,Will Levis,TEN,QB,ACTIVE,,,auto_exact
00-0039648,David Martin-Robinson,TEN,TE,ACTIVE,,,auto_exact
00-0037055,Lance McCutcheon,TEN,WR,ACTIVE,,,auto_exact
00-0040919,Tyren Montgomery,TEN,WR,ACTIVE,,,auto_exact
00-0040205,Kalel Mullings,TEN,RB,QUESTIONABLE,Questionable,2026-08-19T12:07Z,auto_exact
00-0039650,Bryce Oliver,TEN,WR,ACTIVE,,,auto_exact
00-0036345,K.J. Osborn,TEN,WR,ACTIVE,,,auto_exact
00-0035261,Tony Pollard,TEN,RB,ACTIVE,,,auto_exact
00-0040522,Xavier Restrepo,TEN,WR,ACTIVE,,,auto_exact
00-0034837,Calvin Ridley,TEN,WR,ACTIVE,,,auto_exact
00-0038117,Wan'Dale Robinson,TEN,WR,ACTIVE,,,auto_exact
00-0040886,Nicholas Singleton,TEN,RB,ACTIVE,,,auto_exact
00-0039032,Tyjae Spears,TEN,RB,ACTIVE,,,auto_exact
00-0041438,Carnell Tate,TEN,WR,QUESTIONABLE,Questionable,2026-08-21T15:28Z,auto_exact
00-0033869,Mitchell Trubisky,TEN,QB,QUESTIONABLE,Questionable,2026-08-19T23:12Z,auto_exact
00-0040676,Cam Ward,TEN,QB,ACTIVE,,,auto_exact
00-0039023,Joel Wilson,TEN,TE,ACTIVE,,,auto_exact
00-0040901,Jaren Kanak,TEN,TE,OUT,Injured Reserve,2026-08-19T12:07Z,auto_exact
00-0041096,Kaytron Allen,WAS,RB,ACTIVE,,,auto_exact
00-0036628,John Bates,WAS,TE,QUESTIONABLE,Questionable,2026-08-16T20:37Z,auto_exact
00-0041176,Jaden Bradley,WAS,WR,ACTIVE,,,auto_exact
00-0036626,Dyami Brown,WAS,WR,ACTIVE,,,auto_exact
00-0037742,Treylon Burks,WAS,WR,ACTIVE,,,auto_exact
00-0036145,Lawrence Cager,WAS,TE,ACTIVE,,,auto_exact
00-0040242,Jacory Croskey-Merritt,WAS,RB,QUESTIONABLE,Questionable,2026-08-22T14:25Z,auto_exact
00-0039910,Jayden Daniels,WAS,QB,ACTIVE,,,auto_exact
00-0039677,Sam Hartman,WAS,QB,ACTIVE,,,auto_exact
00-0041178,Robert Henry Jr.,WAS,RB,ACTIVE,,,auto_exact
00-0036415,Van Jefferson,WAS,WR,ACTIVE,,,auto_exact
00-0040317,Jacoby Jones,WAS,WR,ACTIVE,,,auto_exact
00-0041117,Athan Kaliakmanis,WAS,QB,ACTIVE,,,auto_exact
00-0040164,Jaylin Lane,WAS,WR,ACTIVE,,,auto_exact
00-0032268,Marcus Mariota,WAS,QB,QUESTIONABLE,Questionable,2026-08-19T12:07Z,auto_exact
00-0039355,Luke McCaffrey,WAS,WR,ACTIVE,,,auto_exact
00-0035659,Terry McLaurin,WAS,WR,ACTIVE,,,auto_exact
00-0033955,Jeremy McNichols,WAS,RB,QUESTIONABLE,Questionable,2026-08-22T14:37Z,auto_exact
00-0041180,Quentin Moore,WAS,TE,ACTIVE,,,auto_exact
00-0040551,Nick Nash,WAS,WR,ACTIVE,,,auto_exact
00-0037809,Chig Okonkwo,WAS,TE,ACTIVE,,,auto_exact
00-0039912,Ben Sinnott,WAS,TE,ACTIVE,,,auto_exact
00-0037256,Rachaad White,WAS,RB,QUESTIONABLE,Questionable,2026-08-20T12:34Z,auto_exact
00-0041040,Antonio Williams,WAS,WR,ACTIVE,,,auto_exact
00-0039686,Colson Yankoff,WAS,TE,ACTIVE,,,auto_exact
00-0037267,Jerome Ford,WAS,RB,OUT,Injured Reserve,2026-08-19T12:07Z,auto_exact
