fetched_at_utc,start_date,week,player,fn,ln,pos,pos_alt,spread,ou,rest,inj,team,opp,loc,proj_score,salary,opp_rank,l5_avg,l10_avg,szn_avg,ppg_proj,value_proj,player_id,starter_flag,depth_rank,our_salary,salary_match
2026-09-24T23:04:55+00:00,2026-09-27,3,Jahmyr Gibbs,Jahmyr,Gibbs,RB,,-6.5,47.5,9,,DET,NYJ,vs,27.0,8800,3,22.3,25.1,30.5,24.9,2.83,1286CA,0,0,8800,1
2026-09-24T23:04:55+00:00,2026-09-27,3,Jaxon Smith-Njigba,Jaxon,Smith-Njigba,WR,,-7.5,39.5,6,,SEA,WAS,@,23.5,8600,25,25.3,23.0,37.4,24.8,2.88,128687,0,0,8600,1
2026-09-24T23:04:55+00:00,2026-09-27,3,Josh Allen,Josh,Allen,QB,,-7.5,50.5,9,,BUF,LAC,vs,29.0,8000,21,32.0,25.7,39.7,24.0,3.0,D3F67,0,0,8000,1
2026-09-24T23:04:55+00:00,2026-09-27,3,Lamar Jackson,Lamar,Jackson,QB,,-3.5,52.5,6,,BAL,DAL,@,28.0,7500,27,17.3,14.9,22.4,22.9,3.06,D64B1,0,0,7500,1
2026-09-24T23:04:55+00:00,2026-09-27,3,Patrick Mahomes,Patrick,Mahomes,QB,,-10.5,45.5,6,,KC,MIA,@,28.0,6200,24,21.5,20.6,27.3,22.0,3.54,CCD77,0,0,6200,1
2026-09-24T23:04:55+00:00,2026-09-27,3,Kenneth Walker III,Kenneth,Walker III,RB,,-10.5,45.5,6,,KC,MIA,@,28.0,7400,31,28.9,20.5,32.0,21.7,2.93,11C472,0,0,7400,1
2026-09-24T23:04:55+00:00,2026-09-27,3,Christian McCaffrey,Christian,McCaffrey,RB,,-8.5,47.5,6,,SF,ARI,vs,28.0,8300,4,18.0,21.7,18.2,21.1,2.54,CAC35,0,0,8300,1
2026-09-24T23:04:55+00:00,2026-09-27,3,Brock Purdy,Brock,Purdy,QB,,-8.5,47.5,6,,SF,ARI,vs,28.0,6500,18,16.6,21.0,25.3,21.0,3.23,111DE1,0,0,6500,1
2026-09-24T23:04:55+00:00,2026-09-27,3,Jonathan Taylor,Jonathan,Taylor,RB,,1.5,42.5,6,,IND,HOU,vs,20.5,7600,2,19.1,19.7,27.7,20.2,2.65,1041BE,0,0,7600,1
2026-09-24T23:04:55+00:00,2026-09-27,3,Amon-Ra St. Brown,Amon-Ra,St. Brown,WR,,-6.5,47.5,9,,DET,NYJ,vs,27.0,7900,10,23.8,21.8,33.5,19.6,2.48,1132C2,0,0,7900,1
2026-09-24T23:04:55+00:00,2026-09-27,3,Dak Prescott,Dak,Prescott,QB,,3.5,52.5,6,,DAL,BAL,vs,24.5,6700,13,18.3,20.8,22.6,19.5,2.9,907C8,0,0,6700,1
2026-09-24T23:04:55+00:00,2026-09-27,3,Ashton Jeanty,Ashton,Jeanty,RB,,3.5,43.5,6,,LV,NO,@,20.0,7100,28,20.5,16.3,23.0,19.5,2.74,150D3E,0,0,7100,1
2026-09-24T23:04:55+00:00,2026-09-27,3,Jared Goff,Jared,Goff,QB,,-6.5,47.5,9,,DET,NYJ,vs,27.0,6300,6,21.0,20.5,24.6,19.3,3.07,B1B1D,0,0,6300,1
2026-09-24T23:04:55+00:00,2026-09-27,3,Tyler Shough,Tyler,Shough,QB,,-3.5,43.5,6,,NO,LV,vs,23.5,5400,9,23.9,20.8,25.8,19.2,3.56,10F122,0,0,5400,1
2026-09-24T23:04:55+00:00,2026-09-27,3,Trevor Lawrence,Trevor,Lawrence,QB,,-2.5,46.5,6,,JAX,NE,vs,24.5,5700,3,20.4,24.3,16.6,19.1,3.34,10F2B7,0,0,5700,1
2026-09-24T23:04:55+00:00,2026-09-27,3,Derrick Henry,Derrick,Henry,RB,,-3.5,52.5,6,,BAL,DAL,@,28.0,7700,23,29.4,23.5,28.0,18.6,2.42,B2BF1,0,0,7700,1
2026-09-24T23:04:55+00:00,2026-09-27,3,CeeDee Lamb,CeeDee,Lamb,WR,,3.5,52.5,6,,DAL,BAL,vs,24.5,7800,17,15.2,17.3,26.9,18.6,2.38,103484,0,0,7800,1
2026-09-24T23:04:55+00:00,2026-09-27,3,Joe Burrow,Joe,Burrow,QB,,-3.5,42.5,6,,CIN,PIT,@,23.0,6600,1,21.8,17.7,15.7,18.4,2.79,D68C1,0,0,6600,1
2026-09-24T23:04:55+00:00,2026-09-27,3,James Cook III,James,Cook III,RB,,-7.5,50.5,9,,BUF,LAC,vs,29.0,6900,10,12.1,16.8,16.9,18.2,2.64,114204,0,0,6900,1
2026-09-24T23:04:55+00:00,2026-09-27,3,Drake Maye,Drake,Maye,QB,,2.5,46.5,6,,NE,JAX,@,22.0,6100,11,15.1,19.3,10.9,18.1,2.97,13A293,0,0,6100,1
2026-09-24T23:04:55+00:00,2026-09-27,3,Kyler Murray,Kyler,Murray,QB,,-1.5,42.5,13,,MIN,TB,@,22.0,5100,15,12.8,16.4,0.6,18.0,3.52,D6CB7,0,0,5100,1
2026-09-24T23:04:55+00:00,2026-09-27,3,Ja'Marr Chase,Ja'Marr,Chase,WR,,-3.5,42.5,6,,CIN,PIT,@,23.0,8100,2,20.2,18.5,14.9,17.9,2.2,10EFDB,0,0,8100,1
2026-09-24T23:04:55+00:00,2026-09-27,3,Justin Herbert,Justin,Herbert,QB,,7.5,50.5,6,,LAC,BUF,@,21.5,5800,28,16.9,14.3,12.1,17.5,3.02,DE4E2,0,0,5800,1
2026-09-24T23:04:55+00:00,2026-09-27,3,Justin Jefferson,Justin,Jefferson,WR,,-1.5,42.5,6,,MIN,TB,@,22.0,7500,8,16.5,11.2,19.9,17.4,2.32,1051DF,0,0,7500,1
2026-09-24T23:04:55+00:00,2026-09-27,3,Chase Brown,Chase,Brown,RB,,-3.5,42.5,6,,CIN,PIT,@,23.0,6600,26,22.8,20.4,15.0,17.3,2.62,112433,0,0,6600,1
2026-09-24T23:04:55+00:00,2026-09-27,3,Trey McBride,Trey,McBride,TE,,8.5,47.5,6,,ARI,SF,@,19.5,6700,3,17.3,20.7,21.3,17.3,2.58,10E8C1,0,0,6700,1
2026-09-24T23:04:55+00:00,2026-09-27,3,De'Von Achane,De'Von,Achane,RB,,10.5,45.5,6,,MIA,KC,vs,17.5,6500,17,14.8,19.8,11.5,17.2,2.64,12CBCC,0,0,6500,1
2026-09-24T23:04:55+00:00,2026-09-27,3,Bryce Young,Bryce,Young,QB,,-2.5,42.5,6,,CAR,CLE,@,22.5,5600,22,21.8,21.0,29.8,16.7,2.98,128349,0,0,5600,1
2026-09-24T23:04:55+00:00,2026-09-27,3,C.J. Stroud,C.J.,Stroud,QB,,-1.5,42.5,6,,HOU,IND,@,22.0,5500,31,15.3,15.0,19.2,16.7,3.03,128684,0,0,5500,1
2026-09-24T23:04:55+00:00,2026-09-27,3,Baker Mayfield,Baker,Mayfield,QB,,1.5,42.5,6,,TB,MIN,vs,20.5,5300,16,15.8,15.0,13.9,16.5,3.1,B6A26,0,0,5300,1
2026-09-24T23:04:55+00:00,2026-09-27,3,Malik Willis,Malik,Willis,QB,,10.5,45.5,6,,MIA,KC,vs,17.5,4900,4,15.3,9.7,15.1,16.4,3.34,EE5C3,0,0,4900,1
2026-09-24T23:04:55+00:00,2026-09-27,3,Parker Washington,Parker,Washington,WR,,-2.5,46.5,6,,JAX,NE,vs,24.5,6000,12,20.9,16.8,18.1,16.3,2.72,12C112,0,0,6000,1
2026-09-24T23:04:55+00:00,2026-09-27,3,Chris Olave,Chris,Olave,WR,,-3.5,43.5,6,,NO,LV,vs,23.5,7200,5,28.6,21.3,26.9,16.3,2.26,112120,0,0,7200,1
2026-09-24T23:04:55+00:00,2026-09-27,3,Javonte Williams,Javonte,Williams,RB,,3.5,52.5,6,,DAL,BAL,vs,24.5,6700,19,13.0,12.7,16.1,15.9,2.37,10E7A9,0,0,6700,1
2026-09-24T23:04:55+00:00,2026-09-27,3,Geno Smith,Geno,Smith,QB,,6.5,47.5,6,,NYJ,DET,@,20.5,4900,32,11.6,13.3,12.4,15.9,3.25,7D740,0,0,4900,1
2026-09-24T23:04:55+00:00,2026-09-27,3,Jacoby Brissett,Jacoby,Brissett,QB,,8.5,47.5,6,,ARI,SF,@,19.5,4800,2,13.9,18.4,12.0,15.8,3.3,94347,0,0,4800,1
2026-09-24T23:04:55+00:00,2026-09-27,3,Breece Hall,Breece,Hall,RB,,6.5,47.5,6,,NYJ,DET,@,20.5,6400,22,15.0,13.8,18.5,15.4,2.41,11BD29,0,0,6400,1
2026-09-24T23:04:55+00:00,2026-09-27,3,George Pickens,George,Pickens,WR,,3.5,52.5,6,,DAL,BAL,vs,24.5,6600,17,11.7,15.5,7.9,15.1,2.29,11E255,0,0,6600,1
2026-09-24T23:04:55+00:00,2026-09-27,3,Jameis Winston,Jameis,Winston,QB,,-2.5,38.5,5,,NYG,TEN,vs,20.5,4000,8,11.1,16.4,3.5,15.1,3.79,A8D50,0,0,4000,1
2026-09-24T23:04:55+00:00,2026-09-27,3,Deshaun Watson,Deshaun,Watson,QB,,2.5,42.5,6,,CLE,CAR,vs,20.0,4700,23,11.5,13.3,17.4,14.9,3.17,CA547,0,0,4700,1
2026-09-24T23:04:55+00:00,2026-09-27,3,Chuba Hubbard,Chuba,Hubbard,RB,,-2.5,42.5,6,,CAR,CLE,@,22.5,6100,11,13.1,10.7,19.1,14.9,2.44,10349F,0,0,6100,1
2026-09-24T23:04:55+00:00,2026-09-27,3,Garrett Wilson,Garrett,Wilson,WR,,6.5,47.5,6,,NYJ,DET,@,20.5,6300,31,10.8,13.9,15.3,14.9,2.36,11C659,0,0,6300,1
2026-09-24T23:04:55+00:00,2026-09-27,3,Kirk Cousins,Kirk,Cousins,QB,,3.5,43.5,6,,LV,NO,@,20.0,4800,12,15.2,14.1,18.5,14.9,3.1,6276C,0,0,4800,1
2026-09-24T23:04:55+00:00,2026-09-27,3,Zay Flowers,Zay,Flowers,WR,,-3.5,52.5,13,Q,BAL,DAL,@,28.0,6900,16,22.6,17.3,29.0,14.8,2.14,11F5DD,0,0,6900,1
2026-09-24T23:04:55+00:00,2026-09-27,3,Bucky Irving,Bucky,Irving,RB,,1.5,42.5,6,,TB,MIN,vs,20.5,6300,5,12.1,14.4,17.2,14.8,2.35,13A6F3,0,0,6300,1
2026-09-24T23:04:55+00:00,2026-09-27,3,Aaron Jones Sr.,Aaron,Jones Sr.,RB,,-1.5,42.5,6,Q,MIN,TB,@,22.0,5900,16,11.9,10.8,11.8,14.5,2.45,B4FC2,0,0,5900,1
2026-09-24T23:04:55+00:00,2026-09-27,3,Cam Ward,Cam,Ward,QB,,2.5,38.5,6,,TEN,NYG,@,18.0,5100,26,15.4,14.8,15.9,14.4,2.82,12BF93,0,0,5100,1
2026-09-24T23:04:55+00:00,2026-09-27,3,Aaron Rodgers,Aaron,Rodgers,QB,,3.5,42.5,6,,PIT,CIN,vs,19.5,5000,14,9.5,11.5,9.3,14.4,2.88,343C5,0,0,5000,1
2026-09-24T23:04:55+00:00,2026-09-27,3,Omarion Hampton,Omarion,Hampton,RB,,7.5,50.5,6,,LAC,BUF,@,21.5,6800,27,12.8,15.5,13.9,14.3,2.1,15572C,0,0,6800,1
2026-09-24T23:04:55+00:00,2026-09-27,3,Jalen Coker,Jalen,Coker,WR,,-2.5,42.5,6,Q,CAR,CLE,@,22.5,5500,23,20.6,16.1,25.7,14.3,2.6,1298C1,0,0,5500,1
2026-09-24T23:04:55+00:00,2026-09-27,3,Daniel Jones,Daniel,Jones,QB,,1.5,42.5,6,,IND,HOU,vs,20.5,5000,30,11.4,16.6,11.2,14.3,2.86,D6D6D,0,0,5000,1
2026-09-24T23:04:55+00:00,2026-09-27,3,David Montgomery,David,Montgomery,RB,,-1.5,42.5,6,,HOU,IND,@,22.0,6000,30,9.4,9.5,16.7,14.3,2.38,E7233,0,0,6000,1
2026-09-24T23:04:55+00:00,2026-09-27,3,Tetairoa McMillan,Tetairoa,McMillan,WR,,-2.5,42.5,6,,CAR,CLE,@,22.5,6000,23,11.1,13.8,14.8,14.0,2.34,1510E0,0,0,6000,1
2026-09-24T23:04:55+00:00,2026-09-27,3,Tee Higgins,Tee,Higgins,WR,,-3.5,42.5,6,,CIN,PIT,@,23.0,6100,2,13.3,16.4,11.7,13.9,2.27,EEE93,0,0,6100,1
2026-09-24T23:04:55+00:00,2026-09-27,3,Malik Nabers,Malik,Nabers,WR,,-2.5,38.5,5,Q,NYG,TEN,vs,20.5,6500,28,12.4,16.9,7.0,13.8,2.12,139FAB,0,0,6500,1
2026-09-24T23:04:55+00:00,2026-09-27,3,Drew Lock,Drew,Lock,QB,,-7.5,39.5,6,,SEA,WAS,@,23.5,5200,29,6.9,12.1,17.1,13.7,2.63,D76A9,0,0,5200,1
2026-09-24T23:04:55+00:00,2026-09-27,3,Ladd McConkey,Ladd,McConkey,WR,,7.5,50.5,6,,LAC,BUF,@,21.5,5900,30,10.1,9.8,12.9,13.6,2.31,129853,0,0,5900,1
2026-09-24T23:04:55+00:00,2026-09-27,3,Cam Skattebo,Cam,Skattebo,RB,,-2.5,38.5,5,,NYG,TEN,vs,20.5,6200,21,16.6,15.2,11.8,13.6,2.2,13893C,0,0,6200,1
2026-09-24T23:04:55+00:00,2026-09-27,3,Jaylen Warren,Jaylen,Warren,RB,,3.5,42.5,6,Q,PIT,CIN,vs,19.5,5700,14,9.6,12.8,10.5,13.4,2.35,11F37B,0,0,5700,1
2026-09-24T23:04:55+00:00,2026-09-27,3,Quinshon Judkins,Quinshon,Judkins,RB,,2.5,42.5,6,,CLE,CAR,vs,20.0,5500,32,8.2,9.5,8.4,13.1,2.39,151D7F,0,0,5500,1
2026-09-24T23:04:55+00:00,2026-09-27,3,Travis Kelce,Travis,Kelce,TE,,-10.5,45.5,6,,KC,MIA,@,28.0,4500,20,10.5,11.6,19.1,13.1,2.91,6D6F0,0,0,4500,1
2026-09-24T23:04:55+00:00,2026-09-27,3,Mike Evans,Mike,Evans,WR,,-8.5,47.5,6,Q,SF,ARI,vs,28.0,6800,27,11.4,11.3,12.7,13.1,1.93,90EB3,0,0,6800,1
2026-09-24T23:04:55+00:00,2026-09-27,3,Dalton Kincaid,Dalton,Kincaid,TE,,-7.5,50.5,9,,BUF,LAC,vs,29.0,5500,25,16.7,13.5,21.8,12.9,2.35,115399,0,0,5500,1
2026-09-24T23:04:55+00:00,2026-09-27,3,Brock Bowers,Brock,Bowers,TE,,3.5,43.5,279,Q,LV,NO,@,20.0,6600,15,14.3,15.5,,12.9,1.95,139F1D,0,0,6600,1
2026-09-24T23:04:55+00:00,2026-09-27,3,Rashee Rice,Rashee,Rice,WR,,-10.5,45.5,6,,KC,MIA,@,28.0,6400,6,14.2,17.5,11.1,12.8,2.0,11E822,0,0,6400,1
2026-09-24T23:04:55+00:00,2026-09-27,3,Marcus Mariota,Marcus,Mariota,QB,,7.5,39.5,6,,WAS,SEA,vs,16.0,4500,5,10.5,12.3,8.7,12.8,2.85,94663,0,0,4500,1
2026-09-24T23:04:55+00:00,2026-09-27,3,Jameson Williams,Jameson,Williams,WR,,-6.5,47.5,9,,DET,NYJ,vs,27.0,5400,10,9.0,14.1,6.9,12.7,2.35,11EE90,0,0,5400,1
2026-09-24T23:04:55+00:00,2026-09-27,3,Jadarian Price,Jadarian,Price,RB,,-7.5,39.5,6,Q,SEA,WAS,@,23.5,5300,1,6.9,6.9,6.9,12.5,2.37,151D6F,0,0,5300,1
2026-09-24T23:04:55+00:00,2026-09-27,3,DJ Moore,DJ,Moore,WR,,-7.5,50.5,9,Q,BUF,LAC,vs,29.0,5800,26,12.2,11.3,12.0,12.4,2.13,D64DE,0,0,5800,1
2026-09-24T23:04:55+00:00,2026-09-27,3,Dalton Schultz,Dalton,Schultz,TE,,-1.5,42.5,6,,HOU,IND,@,22.0,4200,28,11.7,11.7,18.3,12.1,2.89,CAC3B,0,0,4200,1
2026-09-24T23:04:55+00:00,2026-09-27,3,Josh Downs,Josh,Downs,WR,,1.5,42.5,6,,IND,HOU,vs,20.5,5700,32,9.3,7.4,10.0,12.1,2.13,128A65,0,0,5700,1
2026-09-24T23:04:55+00:00,2026-09-27,3,Mark Andrews,Mark,Andrews,TE,,-3.5,52.5,6,,BAL,DAL,@,28.0,4400,26,6.9,6.7,9.9,11.7,2.66,C85DB,0,0,4400,1
2026-09-24T23:04:55+00:00,2026-09-27,3,Sam LaPorta,Sam,LaPorta,TE,,-6.5,47.5,9,,DET,NYJ,vs,27.0,4300,4,12.7,12.0,13.5,11.7,2.72,11D61E,0,0,4300,1
2026-09-24T23:04:55+00:00,2026-09-27,3,George Kittle,George,Kittle,TE,,-8.5,47.5,6,,SF,ARI,vs,28.0,4800,19,11.6,15.4,10.6,11.6,2.42,B31E8,0,0,4800,1
2026-09-24T23:04:55+00:00,2026-09-27,3,DK Metcalf,DK,Metcalf,WR,,3.5,42.5,6,,PIT,CIN,vs,19.5,5400,9,8.7,10.5,7.4,11.5,2.13,E6DE1,0,0,5400,1
2026-09-24T23:04:55+00:00,2026-09-27,3,Deebo Samuel Sr.,Deebo,Samuel Sr.,WR,,-8.5,47.5,6,,SF,ARI,vs,28.0,5300,27,9.3,10.5,12.3,11.5,2.16,CC0A5,0,0,5300,1
2026-09-24T23:04:55+00:00,2026-09-27,3,Bhayshul Tuten,Bhayshul,Tuten,RB,,-2.5,46.5,6,,JAX,NE,vs,24.5,5600,8,9.3,7.2,12.0,11.4,2.04,144041,0,0,5600,1
2026-09-24T23:04:55+00:00,2026-09-27,3,Tyler Warren,Tyler,Warren,TE,,1.5,42.5,6,,IND,HOU,vs,20.5,5300,18,9.5,9.5,12.4,11.2,2.12,12C11B,0,0,5300,1
2026-09-24T23:04:55+00:00,2026-09-27,3,Michael Wilson,Michael,Wilson,WR,,8.5,47.5,6,,ARI,SF,@,19.5,5200,7,13.7,19.3,7.2,11.2,2.16,1124C9,0,0,5200,1
2026-09-24T23:04:55+00:00,2026-09-27,3,Jeremiyah Love,Jeremiyah,Love,RB,,8.5,47.5,6,,ARI,SF,@,19.5,5500,18,10.3,10.3,10.3,11.2,2.04,1625ED,0,0,5500,1
2026-09-24T23:04:55+00:00,2026-09-27,3,TreVeyon Henderson,TreVeyon,Henderson,RB,,2.5,46.5,6,,NE,JAX,@,22.0,5200,15,5.9,10.2,13.6,11.0,2.12,13A69D,0,0,5200,1
2026-09-24T23:04:55+00:00,2026-09-27,3,Rhamondre Stevenson,Rhamondre,Stevenson,RB,,2.5,46.5,6,,NE,JAX,@,22.0,5400,15,11.1,16.5,9.6,10.9,2.01,11EC9A,0,0,5400,1
2026-09-24T23:04:55+00:00,2026-09-27,3,Xavier Worthy,Xavier,Worthy,WR,,-10.5,45.5,6,,KC,MIA,@,28.0,4400,6,6.0,7.1,9.2,10.9,2.48,143E2E,0,0,4400,1
2026-09-24T23:04:55+00:00,2026-09-27,3,Tony Pollard,Tony,Pollard,RB,,2.5,38.5,6,Q,TEN,NYG,@,18.0,5400,25,9.2,11.8,6.0,10.9,2.02,D6F0E,0,0,5400,1
2026-09-24T23:04:55+00:00,2026-09-27,3,Isaiah Likely,Isaiah,Likely,TE,,-2.5,38.5,5,,NYG,TEN,vs,20.5,4700,8,11.9,9.1,18.1,10.8,2.29,112AF7,0,0,4700,1
2026-09-24T23:04:55+00:00,2026-09-27,3,Khalil Shakir,Khalil,Shakir,WR,,-7.5,50.5,9,,BUF,LAC,vs,29.0,4800,26,12.0,11.1,7.9,10.7,2.23,11406B,0,0,4800,1
2026-09-24T23:04:55+00:00,2026-09-27,3,Stefon Diggs,Stefon,Diggs,WR,,7.5,39.5,6,,WAS,SEA,vs,16.0,5500,1,12.9,13.2,18.6,10.7,1.95,A9719,0,0,5500,1
2026-09-24T23:04:55+00:00,2026-09-27,3,Travis Etienne Jr.,Travis,Etienne Jr.,RB,,-3.5,43.5,6,Q,NO,LV,vs,23.5,5800,12,12.1,15.6,11.0,10.5,1.81,EEE91,0,0,5800,1
2026-09-24T23:04:55+00:00,2026-09-27,3,Denzel Boston,Denzel,Boston,WR,,2.5,42.5,6,,CLE,CAR,vs,20.0,4500,13,17.2,17.2,17.2,10.3,2.29,150E40,0,0,4500,1
2026-09-24T23:04:55+00:00,2026-09-27,3,KC Concepcion Jr.,KC,Concepcion Jr.,WR,,2.5,42.5,6,,CLE,CAR,vs,20.0,4300,13,8.5,8.5,8.5,10.3,2.39,15FF28,0,0,4300,1
2026-09-24T23:04:55+00:00,2026-09-27,3,Emeka Egbuka,Emeka,Egbuka,WR,,1.5,42.5,6,,TB,MIN,vs,20.5,6200,24,6.7,7.1,10.8,10.3,1.66,13A691,0,0,6200,1
2026-09-24T23:04:55+00:00,2026-09-27,3,Hunter Henry,Hunter,Henry,TE,,2.5,46.5,6,,NE,JAX,@,22.0,3900,14,4.7,8.2,6.3,10.2,2.62,B5BE9,0,0,3900,1
2026-09-24T23:04:55+00:00,2026-09-27,3,Devaughn Vele,Devaughn,Vele,WR,,-3.5,43.5,6,,NO,LV,vs,23.5,4400,5,14.7,9.5,15.7,10.2,2.32,11C5F4,0,0,4400,1
2026-09-24T23:04:55+00:00,2026-09-27,3,Terry McLaurin,Terry,McLaurin,WR,,7.5,39.5,6,,WAS,SEA,vs,16.0,5100,1,7.9,11.0,5.2,10.2,2.0,CC214,0,0,5100,1
2026-09-24T23:04:55+00:00,2026-09-27,3,Rashod Bateman,Rashod,Bateman,WR,,-3.5,52.5,6,,BAL,DAL,@,28.0,4700,16,5.6,5.0,10.9,10.1,2.15,10E8F0,0,0,4700,1
2026-09-24T23:04:55+00:00,2026-09-27,3,Carnell Tate,Carnell,Tate,WR,,2.5,38.5,6,,TEN,NYG,@,18.0,5000,22,6.8,6.8,6.8,10.1,2.02,16002F,0,0,5000,1
2026-09-24T23:04:55+00:00,2026-09-27,3,Chris Godwin Jr.,Chris,Godwin Jr.,WR,,1.5,42.5,6,,TB,MIN,vs,20.5,5300,24,10.7,9.8,8.6,10.0,1.89,CBE37,0,0,5300,1
2026-09-24T23:04:55+00:00,2026-09-27,3,Brian Thomas Jr.,Brian,Thomas Jr.,WR,,-2.5,46.5,6,,JAX,NE,vs,24.5,4600,12,8.0,8.6,7.0,9.8,2.13,139FB0,0,0,4600,1
2026-09-24T23:04:55+00:00,2026-09-27,3,Malik Washington,Malik,Washington,WR,,10.5,45.5,6,,MIA,KC,vs,17.5,4200,3,7.9,6.9,8.0,9.7,2.31,11E707,0,0,4200,1
2026-09-24T23:04:55+00:00,2026-09-27,3,Jacory Croskey-Merritt,Jacory,Croskey-Merritt,RB,,7.5,39.5,6,,WAS,SEA,vs,16.0,5300,7,11.1,8.3,9.2,9.7,1.83,122D12,0,0,5300,1
2026-09-24T23:04:55+00:00,2026-09-27,3,Juwan Johnson,Juwan,Johnson,TE,,-3.5,43.5,6,,NO,LV,vs,23.5,3700,11,12.7,11.7,12.5,9.6,2.61,D7F81,0,0,3700,1
2026-09-24T23:04:55+00:00,2026-09-27,3,Michael Pittman Jr.,Michael,Pittman Jr.,WR,,3.5,42.5,13,Q,PIT,CIN,vs,19.5,4700,9,5.7,8.9,8.8,9.6,2.03,DE7F4,0,0,4700,1
2026-09-24T23:04:55+00:00,2026-09-27,3,Jordan Addison,Jordan,Addison,WR,,-1.5,42.5,6,,MIN,TB,@,22.0,4900,8,4.6,6.0,2.1,9.5,1.93,12872A,0,0,4900,1
2026-09-24T23:04:55+00:00,2026-09-27,3,Rico Dowdle,Rico,Dowdle,RB,,3.5,42.5,6,Q,PIT,CIN,vs,19.5,4700,14,5.3,8.3,5.3,9.4,2.0,E3E68,0,0,4700,1
2026-09-24T23:04:55+00:00,2026-09-27,3,Romeo Doubs,Romeo,Doubs,WR,,2.5,46.5,6,,NE,JAX,@,22.0,5100,18,14.1,10.2,6.3,9.3,1.83,11215D,0,0,5100,1
2026-09-24T23:04:55+00:00,2026-09-27,3,Harold Fannin Jr.,Harold,Fannin Jr.,TE,,2.5,42.5,6,,CLE,CAR,vs,20.0,4000,7,11.4,11.9,7.3,9.2,2.29,154840,0,0,4000,1
2026-09-24T23:04:55+00:00,2026-09-27,3,Jakobi Meyers,Jakobi,Meyers,WR,,-2.5,46.5,6,Q,JAX,NE,vs,24.5,4800,12,7.3,10.8,8.0,9.2,1.91,D6E17,0,0,4800,1
2026-09-24T23:04:55+00:00,2026-09-27,3,Wan'Dale Robinson,Wan'Dale,Robinson,WR,,2.5,38.5,6,,TEN,NYG,@,18.0,4500,22,11.5,13.5,5.4,9.2,2.04,11C64B,0,0,4500,1
2026-09-24T23:04:55+00:00,2026-09-27,3,Adonai Mitchell,Adonai,Mitchell,WR,,6.5,47.5,6,,NYJ,DET,@,20.5,4300,31,6.8,9.0,10.7,9.1,2.11,139F14,0,0,4300,1
2026-09-24T23:04:55+00:00,2026-09-27,3,Mack Hollins,Mack,Hollins,WR,,2.5,46.5,6,,NE,JAX,@,22.0,4200,18,10.3,10.0,6.5,9.0,2.14,AB958,0,0,4200,1
2026-09-24T23:04:55+00:00,2026-09-27,3,Brenton Strange,Brenton,Strange,TE,,-2.5,46.5,6,,JAX,NE,vs,24.5,3400,5,8.5,9.5,7.0,9.0,2.66,11C68C,0,0,3400,1
2026-09-24T23:04:55+00:00,2026-09-27,3,Quentin Johnston,Quentin,Johnston,WR,,7.5,50.5,6,,LAC,BUF,@,21.5,4900,30,9.9,8.8,3.1,8.9,1.82,1285A9,0,0,4900,1
2026-09-24T23:04:55+00:00,2026-09-27,3,Keenan Allen,Keenan,Allen,WR,,1.5,42.5,6,,IND,HOU,vs,20.5,4600,32,5.9,6.9,5.4,8.9,1.93,8809A,0,0,4600,1
2026-09-24T23:04:55+00:00,2026-09-27,3,Tre Tucker,Tre,Tucker,WR,,3.5,43.5,6,,LV,NO,@,20.0,5000,20,11.1,8.5,15.3,8.9,1.77,11C6B3,0,0,5000,1
2026-09-24T23:04:55+00:00,2026-09-27,3,Jake Ferguson,Jake,Ferguson,TE,,3.5,52.5,6,,DAL,BAL,vs,24.5,4100,16,7.4,8.4,11.5,8.8,2.15,104191,0,0,4100,1
2026-09-24T23:04:55+00:00,2026-09-27,3,Woody Marks,Woody,Marks,RB,,-1.5,42.5,6,,HOU,IND,@,22.0,5000,30,9.0,9.6,6.8,8.7,1.74,12CB24,0,0,5000,1
2026-09-24T23:04:55+00:00,2026-09-27,3,Alvin Kamara,Alvin,Kamara,RB,,-3.5,43.5,6,,NO,LV,vs,23.5,4800,12,6.7,7.9,7.2,8.7,1.81,B74FE,0,0,4800,1
2026-09-24T23:04:55+00:00,2026-09-27,3,Tyjae Spears,Tyjae,Spears,RB,,2.5,38.5,6,Q,TEN,NYG,@,18.0,4900,25,9.1,8.1,6.7,8.7,1.78,11D816,0,0,4900,1
2026-09-24T23:04:55+00:00,2026-09-27,3,T.J. Hockenson,T.J.,Hockenson,TE,,-1.5,42.5,6,,MIN,TB,@,22.0,3200,31,8.1,7.7,9.8,8.7,2.72,E190B,0,0,3200,1
2026-09-24T23:04:55+00:00,2026-09-27,3,Oronde Gadsden II,Oronde,Gadsden II,TE,,7.5,50.5,6,,LAC,BUF,@,21.5,3500,23,7.5,6.1,7.5,8.5,2.43,143A38,0,0,3500,1
2026-09-24T23:04:55+00:00,2026-09-27,3,Seahawks ,Seahawks,,DST,,-7.5,39.5,6,,SEA,WAS,@,23.5,3800,7,13.4,11.4,10.5,8.5,2.23,169,0,0,3800,1
2026-09-24T23:04:55+00:00,2026-09-27,3,Rashid Shaheed,Rashid,Shaheed,WR,,-7.5,39.5,6,,SEA,WAS,@,23.5,4200,25,5.5,6.8,4.2,8.3,1.98,E1714,0,0,4200,1
2026-09-24T23:04:55+00:00,2026-09-27,3,Giants ,Giants,,DST,,-2.5,38.5,5,,NYG,TEN,vs,20.5,3400,18,9.0,5.8,3.5,8.0,2.36,15F,0,0,3400,1
2026-09-24T23:04:55+00:00,2026-09-27,3,Tre' Harris,Tre',Harris,WR,,7.5,50.5,6,,LAC,BUF,@,21.5,3900,30,4.5,5.1,5.7,7.9,2.04,1288A9,0,0,3900,1
2026-09-24T23:04:55+00:00,2026-09-27,3,Ryan Flournoy,Ryan,Flournoy,WR,,3.5,52.5,6,,DAL,BAL,vs,24.5,3800,17,8.2,9.3,5.8,7.9,2.07,1544A8,0,0,3800,1
2026-09-24T23:04:55+00:00,2026-09-27,3,Tyler Allgeier,Tyler,Allgeier,RB,,8.5,47.5,6,,ARI,SF,@,19.5,5000,18,5.3,6.6,6.5,7.9,1.59,1142BE,0,0,5000,1
2026-09-24T23:04:55+00:00,2026-09-27,3,Cade Otton,Cade,Otton,TE,,1.5,42.5,6,,TB,MIN,vs,20.5,3100,10,9.5,8.4,7.2,7.9,2.56,1002AF,0,0,3100,1
2026-09-24T23:04:55+00:00,2026-09-27,3,Marvin Harrison Jr.,Marvin,Harrison Jr.,WR,,8.5,47.5,6,,ARI,SF,@,19.5,4700,7,3.9,8.3,2.2,7.8,1.66,13A694,0,0,4700,1
2026-09-24T23:04:55+00:00,2026-09-27,3,Kayshon Boutte,Kayshon,Boutte,WR,,-1.5,42.5,6,,HOU,IND,@,22.0,4500,29,6.2,6.6,4.9,7.6,1.69,1283B2,0,0,4500,1
2026-09-24T23:04:55+00:00,2026-09-27,3,Chiefs ,Chiefs,,DST,,-10.5,45.5,6,,KC,MIA,@,28.0,3700,27,6.0,4.5,6.5,7.6,2.04,153,0,0,3700,1
2026-09-24T23:04:55+00:00,2026-09-27,3,Gunnar Helm,Gunnar,Helm,TE,,2.5,38.5,6,,TEN,NYG,@,18.0,2900,21,5.8,6.0,5.1,7.6,2.61,13A126,0,0,2900,1
2026-09-24T23:04:55+00:00,2026-09-27,3,Pat Freiermuth,Pat,Freiermuth,TE,,3.5,42.5,6,,PIT,CIN,vs,19.5,3800,27,8.6,7.3,11.5,7.6,2.0,1109F6,0,0,3800,1
2026-09-24T23:04:55+00:00,2026-09-27,3,Rachaad White,Rachaad,White,RB,,7.5,39.5,6,,WAS,SEA,vs,16.0,5100,7,7.4,6.6,9.5,7.5,1.47,12C21F,0,0,5100,1
2026-09-24T23:04:55+00:00,2026-09-27,3,DeMario Douglas,DeMario,Douglas,WR,,2.5,46.5,6,,NE,JAX,@,22.0,3700,18,6.0,4.0,4.5,7.3,1.98,11F08D,0,0,3700,1
2026-09-24T23:04:55+00:00,2026-09-27,3,49ers ,49ers,,DST,,-8.5,47.5,6,,SF,ARI,vs,28.0,3600,15,4.4,5.3,8.0,7.3,2.03,167,0,0,3600,1
2026-09-24T23:04:55+00:00,2026-09-27,3,Panthers ,Panthers,,DST,,-2.5,42.5,6,,CAR,CLE,@,22.5,3000,24,8.8,7.7,13.0,7.2,2.4,16C,0,0,3000,1
2026-09-24T23:04:55+00:00,2026-09-27,3,Lions ,Lions,,DST,,-6.5,47.5,9,,DET,NYJ,vs,27.0,3500,5,4.6,3.7,4.0,7.2,2.07,14E,0,0,3500,1
2026-09-24T23:04:55+00:00,2026-09-27,3,Texans ,Texans,,DST,,-1.5,42.5,6,,HOU,IND,@,22.0,3200,8,10.8,9.4,2.0,7.2,2.25,145,0,0,3200,1
2026-09-24T23:04:55+00:00,2026-09-27,3,Kenyon Sadiq,Kenyon,Sadiq,TE,,6.5,47.5,6,,NYJ,DET,@,20.5,3500,32,7.6,7.6,7.6,7.0,2.01,160AC3,0,0,3500,1
2026-09-24T23:04:55+00:00,2026-09-27,3,Vikings ,Vikings,,DST,,-1.5,42.5,6,,MIN,TB,@,22.0,3100,30,13.6,10.1,12.5,7.0,2.26,15B,0,0,3100,1
2026-09-24T23:04:55+00:00,2026-09-27,3,Justice Hill,Justice,Hill,RB,,-3.5,52.5,6,,BAL,DAL,@,28.0,4200,23,3.9,7.3,3.8,6.9,1.64,E15E5,0,0,4200,1
2026-09-24T23:04:55+00:00,2026-09-27,3,Xavier Hutchinson,Xavier,Hutchinson,WR,,-1.5,42.5,6,,HOU,IND,@,22.0,4000,29,7.8,5.4,6.5,6.9,1.73,1284C4,0,0,4000,1
2026-09-24T23:04:55+00:00,2026-09-27,3,Cooper Kupp,Cooper,Kupp,WR,,-7.5,39.5,6,Q,SEA,WAS,@,23.5,4000,25,9.2,8.2,4.8,6.8,1.7,AA773,0,0,4000,1
2026-09-24T23:04:55+00:00,2026-09-27,3,Darren Waller,Darren,Waller,TE,,-2.5,42.5,6,,CAR,CLE,@,22.5,3400,12,11.3,11.2,11.6,6.7,1.97,9287F,0,0,3400,1
2026-09-24T23:04:55+00:00,2026-09-27,3,Saints ,Saints,,DST,,-3.5,43.5,2,,NO,LV,vs,23.5,3300,11,9.6,8.4,5.0,6.7,2.02,15E,0,0,3300,1
2026-09-24T23:04:55+00:00,2026-09-27,3,Jalen Nailor,Jalen,Nailor,WR,,3.5,43.5,6,,LV,NO,@,20.0,3700,20,3.1,4.4,3.8,6.7,1.8,1131A1,0,0,3700,1
2026-09-24T23:04:55+00:00,2026-09-27,3,Kaelon Black,Kaelon,Black,RB,,-8.5,47.5,6,,SF,ARI,vs,28.0,4800,4,5.3,5.3,5.3,6.7,1.39,128D1C,0,0,4800,1
2026-09-24T23:04:55+00:00,2026-09-27,3,Keon Coleman,Keon,Coleman,WR,,-7.5,50.5,9,Q,BUF,LAC,vs,29.0,4300,26,7.0,7.1,6.7,6.6,1.53,142DBF,0,0,4300,1
2026-09-24T23:04:55+00:00,2026-09-27,3,Malachi Fields,Malachi,Fields,WR,,-2.5,38.5,5,,NYG,TEN,vs,20.5,4400,28,4.8,4.8,4.8,6.6,1.49,1422A5,0,0,4400,1
2026-09-24T23:04:55+00:00,2026-09-27,3,Mike Gesicki,Mike,Gesicki,TE,,-3.5,42.5,13,,CIN,PIT,@,23.0,3300,2,8.7,8.1,18.8,6.6,2.0,CC238,0,0,3300,1
2026-09-24T23:04:55+00:00,2026-09-27,3,Bills ,Bills,,DST,,-7.5,50.5,9,,BUF,LAC,vs,29.0,2800,29,4.0,6.2,4.5,6.5,2.31,144,0,0,2800,1
2026-09-24T23:04:55+00:00,2026-09-27,3,Tyquan Thornton,Tyquan,Thornton,WR,,-10.5,45.5,6,,KC,MIA,@,28.0,3300,6,4.6,5.5,6.3,6.5,1.96,10F11D,0,0,3300,1
2026-09-24T23:04:55+00:00,2026-09-27,3,Bengals ,Bengals,,DST,,-3.5,42.5,6,,CIN,PIT,@,23.0,2900,31,10.4,8.6,14.5,6.5,2.25,147,0,0,2900,1
2026-09-24T23:04:55+00:00,2026-09-27,3,AJ Barner,AJ,Barner,TE,,-7.5,39.5,6,,SEA,WAS,@,23.5,3100,30,6.0,7.3,5.6,6.4,2.06,12C2BF,0,0,3100,1
2026-09-24T23:04:55+00:00,2026-09-27,3,Jaguars ,Jaguars,,DST,,-2.5,46.5,6,,JAX,NE,vs,24.5,2900,28,7.8,8.6,8.0,6.3,2.18,16D,0,0,2900,1
2026-09-24T23:04:55+00:00,2026-09-27,3,Kendrick Bourne,Kendrick,Bourne,WR,,8.5,47.5,6,,ARI,SF,@,19.5,3700,7,4.4,4.0,9.3,6.1,1.65,B82EC,0,0,3700,1
2026-09-24T23:04:55+00:00,2026-09-27,3,Roman Wilson,Roman,Wilson,WR,,3.5,42.5,6,,PIT,CIN,vs,19.5,3400,9,3.2,5.1,6.7,6.0,1.76,12C365,0,0,3400,1
2026-09-24T23:04:55+00:00,2026-09-27,3,Buccaneers ,Buccaneers,,DST,,1.5,42.5,6,,TB,MIN,vs,20.5,2600,13,4.6,3.9,5.5,6.0,2.33,16A,0,0,2600,1
2026-09-24T23:04:55+00:00,2026-09-27,3,Browns ,Browns,,DST,,2.5,42.5,6,,CLE,CAR,vs,20.0,2500,9,7.6,7.6,3.0,5.9,2.34,149,0,0,2500,1
2026-09-24T23:04:55+00:00,2026-09-27,3,Ravens ,Ravens,,DST,,-3.5,52.5,6,,BAL,DAL,@,28.0,2800,3,5.2,7.1,4.5,5.9,2.11,16E,0,0,2800,1
2026-09-24T23:04:55+00:00,2026-09-27,3,Braelon Allen,Braelon,Allen,RB,,6.5,47.5,6,,NYJ,DET,@,20.5,4400,22,4.4,3.8,6.3,5.9,1.34,1438AF,0,0,4400,1
2026-09-24T23:04:55+00:00,2026-09-27,3,Colts ,Colts,,DST,,1.5,42.5,6,,IND,HOU,vs,20.5,2500,25,1.0,2.6,0.5,5.9,2.36,152,0,0,2500,1
2026-09-24T23:04:55+00:00,2026-09-27,3,Chris Rodriguez Jr.,Chris,Rodriguez Jr.,RB,,-2.5,46.5,6,,JAX,NE,vs,24.5,4600,8,7.6,7.8,1.8,5.9,1.27,10FD3B,0,0,4600,1
2026-09-24T23:04:55+00:00,2026-09-27,3,Greg Dulcich,Greg,Dulcich,TE,,10.5,45.5,6,,MIA,KC,vs,17.5,3000,24,7.3,6.1,3.8,5.9,1.98,113695,0,0,3000,1
2026-09-24T23:04:55+00:00,2026-09-27,3,Steelers ,Steelers,,DST,,3.5,42.5,2,,PIT,CIN,vs,19.5,2700,22,10.2,8.2,13.0,5.9,2.2,164,0,0,2700,1
2026-09-24T23:04:55+00:00,2026-09-27,3,Jerry Jeudy,Jerry,Jeudy,WR,,2.5,42.5,6,,CLE,CAR,vs,20.0,3800,13,4.7,5.9,2.3,5.8,1.52,EDC6F,0,0,3800,1
2026-09-24T23:04:55+00:00,2026-09-27,3,Patriots ,Patriots,,DST,,2.5,46.5,6,,NE,JAX,@,22.0,2700,12,12.2,9.8,13.5,5.7,2.11,15C,0,0,2700,1
2026-09-24T23:04:55+00:00,2026-09-27,3,Isaiah Williams,Isaiah,Williams,WR,,6.5,47.5,6,,NYJ,DET,@,20.5,3300,31,6.8,6.5,6.3,5.6,1.68,11F370,0,0,3300,1
2026-09-24T23:04:55+00:00,2026-09-27,3,Jaylin Noel,Jaylin,Noel,WR,,-1.5,42.5,6,,HOU,IND,@,22.0,3600,29,3.0,3.7,6.4,5.6,1.56,13A0E2,0,0,3600,1
2026-09-24T23:04:55+00:00,2026-09-27,3,Keaton Mitchell,Keaton,Mitchell,RB,,7.5,50.5,6,,LAC,BUF,@,21.5,4300,27,2.6,4.9,2.9,5.5,1.28,12A885,0,0,4300,1
2026-09-24T23:04:55+00:00,2026-09-27,3,George Holani,George,Holani,RB,,-7.5,39.5,6,Q,SEA,WAS,@,23.5,4500,1,2.9,3.0,2.7,5.5,1.21,1203D1,0,0,4500,1
2026-09-24T23:04:55+00:00,2026-09-27,3,Kenny Gainwell,Kenny,Gainwell,RB,,1.5,42.5,6,,TB,MIN,vs,20.5,4800,5,8.8,12.8,3.7,5.4,1.13,1140D1,0,0,4800,1
2026-09-24T23:04:55+00:00,2026-09-27,3,Emmett Johnson,Emmett,Johnson,RB,,-10.5,45.5,6,,KC,MIA,@,28.0,4400,31,7.2,7.2,7.2,5.3,1.19,150BB3,0,0,4400,1
2026-09-24T23:04:55+00:00,2026-09-27,3,Michael Mayer,Michael,Mayer,TE,,3.5,43.5,6,,LV,NO,@,20.0,3300,15,8.4,6.2,7.3,5.3,1.62,12CED0,0,0,3300,1
2026-09-24T23:04:55+00:00,2026-09-27,3,Titans ,Titans,,DST,,2.5,38.5,6,,TEN,NYG,@,18.0,2400,21,3.6,3.9,3.5,5.3,2.21,150,0,0,2400,1
2026-09-24T23:04:55+00:00,2026-09-27,3,Calvin Ridley,Calvin,Ridley,WR,,2.5,38.5,6,,TEN,NYG,@,18.0,4000,22,7.3,8.0,5.5,5.3,1.33,D7D2D,0,0,4000,1
2026-09-24T23:04:55+00:00,2026-09-27,3,Ted Hurst III,Ted,Hurst III,WR,,1.5,42.5,6,,TB,MIN,vs,20.5,3000,24,5.7,5.7,5.7,5.3,1.76,173685,0,0,3000,1
2026-09-24T23:04:55+00:00,2026-09-27,3,Antonio Williams,Antonio,Williams,WR,,7.5,39.5,6,,WAS,SEA,vs,16.0,4100,1,10.9,10.9,10.9,5.3,1.3,1507F2,0,0,4100,1
2026-09-24T23:04:55+00:00,2026-09-27,3,Emanuel Wilson,Emanuel,Wilson,RB,,-7.5,39.5,6,,SEA,WAS,@,23.5,4900,1,3.8,5.9,4.8,5.3,1.09,16174F,0,0,4900,1
2026-09-24T23:04:55+00:00,2026-09-27,3,Samaje Perine,Samaje,Perine,RB,,-3.5,42.5,6,,CIN,PIT,@,23.0,4100,26,8.0,7.4,5.6,5.2,1.26,C85FE,0,0,4100,1
2026-09-24T23:04:55+00:00,2026-09-27,3,Raiders ,Raiders,,DST,,3.5,43.5,6,,LV,NO,@,20.0,2600,19,9.0,5.9,12.5,5.1,1.98,155,0,0,2600,1
2026-09-24T23:04:55+00:00,2026-09-27,3,Jauan Jennings,Jauan,Jennings,WR,,-1.5,42.5,13,,MIN,TB,@,22.0,3600,8,6.9,11.0,0.0,5.1,1.42,D3AC1,0,0,3600,1
2026-09-24T23:04:55+00:00,2026-09-27,3,Commanders ,Commanders,,DST,,7.5,39.5,6,,WAS,SEA,vs,16.0,2300,14,3.0,3.2,0.5,5.1,2.22,16B,0,0,2300,1
2026-09-24T23:04:55+00:00,2026-09-27,3,Devin Singletary,Devin,Singletary,RB,,-2.5,38.5,5,,NYG,TEN,vs,20.5,4200,21,9.6,10.2,7.4,5.0,1.19,DFBF2,0,0,4200,1
2026-09-24T23:04:55+00:00,2026-09-27,3,Jack Bech,Jack,Bech,WR,,3.5,43.5,6,,LV,NO,@,20.0,3500,20,5.2,4.7,7.9,4.8,1.38,139F9E,0,0,3500,1
2026-09-24T23:04:55+00:00,2026-09-27,3,Elic Ayomanor,Elic,Ayomanor,WR,,2.5,38.5,6,,TEN,NYG,@,18.0,3300,22,9.5,7.1,8.5,4.8,1.46,154A77,0,0,3300,1
2026-09-24T23:04:55+00:00,2026-09-27,3,Jets ,Jets,,DST,,6.5,47.5,6,,NYJ,DET,@,20.5,2100,6,2.4,2.2,7.5,4.7,2.25,160,0,0,2100,1
2026-09-24T23:04:55+00:00,2026-09-27,3,AJ Dillon,AJ,Dillon,RB,,-2.5,42.5,6,,CAR,CLE,@,22.5,4000,11,1.6,2.3,1.3,4.6,1.14,102EC1,0,0,4000,1
2026-09-24T23:04:55+00:00,2026-09-27,3,Cardinals ,Cardinals,,DST,,8.5,47.5,2,,ARI,SF,@,19.5,2300,2,3.0,2.9,6.0,4.6,2.01,163,0,0,2300,1
2026-09-24T23:04:55+00:00,2026-09-27,3,Raheim Sanders,Raheim,Sanders,RB,,2.5,42.5,6,,CLE,CAR,vs,20.0,4500,32,4.3,4.7,3.9,4.5,1.0,139F07,0,0,4500,1
2026-09-24T23:04:55+00:00,2026-09-27,3,Isaac TeSlaa,Isaac,TeSlaa,WR,,-6.5,47.5,9,,DET,NYJ,vs,27.0,3400,10,7.3,5.8,2.3,4.5,1.31,15FE52,0,0,3400,1
2026-09-24T23:04:55+00:00,2026-09-27,3,Darnell Mooney,Darnell,Mooney,WR,,-2.5,38.5,5,,NYG,TEN,vs,20.5,4100,28,5.3,6.2,5.8,4.5,1.09,DEA9B,0,0,4100,1
2026-09-24T23:04:55+00:00,2026-09-27,3,Xavier Legette,Xavier,Legette,WR,,-2.5,42.5,6,,CAR,CLE,@,22.5,3500,23,3.3,4.9,4.2,4.3,1.24,1202A1,0,0,3500,1
2026-09-24T23:04:55+00:00,2026-09-27,3,Laquon Treadwell,Laquon,Treadwell,WR,,1.5,42.5,6,,IND,HOU,vs,20.5,3100,32,2.3,1.2,4.6,4.3,1.37,B6C0A,0,0,3100,1
2026-09-24T23:04:55+00:00,2026-09-27,3,Bryce Lance,Bryce,Lance,WR,,-3.5,43.5,6,,NO,LV,vs,23.5,3000,5,4.5,4.5,4.5,4.3,1.44,1437D8,0,0,3000,1
2026-09-24T23:04:55+00:00,2026-09-27,3,Chargers ,Chargers,,DST,,7.5,50.5,6,,LAC,BUF,@,21.5,2200,1,5.6,6.3,2.5,4.1,1.86,165,0,0,2200,1
2026-09-24T23:04:55+00:00,2026-09-27,3,Cowboys ,Cowboys,,DST,,3.5,52.5,6,,DAL,BAL,vs,24.5,2400,10,2.4,2.8,3.0,4.1,1.71,14B,0,0,2400,1
2026-09-24T23:04:55+00:00,2026-09-27,3,Dolphins ,Dolphins,,DST,,10.5,45.5,6,,MIA,KC,vs,17.5,2000,4,1.6,5.9,0.0,4.1,2.03,159,0,0,2000,1
2026-09-24T23:04:55+00:00,2026-09-27,3,Caleb Douglas,Caleb,Douglas,WR,,10.5,45.5,6,Q,MIA,KC,vs,17.5,3900,3,9.2,9.2,9.2,4.1,1.05,15486E,0,0,3900,1
2026-09-24T23:04:55+00:00,2026-09-27,3,Germie Bernard,Germie,Bernard,WR,,3.5,42.5,6,,PIT,CIN,vs,19.5,3900,9,7.5,7.5,7.5,4.1,1.06,151105,0,0,3900,1
2026-09-24T23:04:55+00:00,2026-09-27,3,Dawson Knox,Dawson,Knox,TE,,-7.5,50.5,9,,BUF,LAC,vs,29.0,2800,25,6.6,8.5,5.1,3.9,1.4,D7D73,0,0,2800,1
2026-09-24T23:04:55+00:00,2026-09-27,3,Najee Harris,Najee,Harris,RB,,-2.5,38.5,5,,NYG,TEN,vs,20.5,4700,21,4.2,6.5,0.6,3.9,0.83,EDC8C,0,0,4700,1
2026-09-24T23:04:55+00:00,2026-09-27,3,Chris Bell,Chris,Bell,WR,,10.5,45.5,6,Q,MIA,KC,vs,17.5,3400,3,1.8,1.8,1.8,3.8,1.13,153484,0,0,3400,1
2026-09-24T23:04:55+00:00,2026-09-27,3,Noah Gray,Noah,Gray,TE,,-10.5,45.5,6,,KC,MIA,@,28.0,3000,20,2.2,2.8,0.8,3.7,1.23,1020D5,0,0,3000,1
2026-09-24T23:04:55+00:00,2026-09-27,3,Tommy Tremble,Tommy,Tremble,TE,,-2.5,42.5,6,,CAR,CLE,@,22.5,2500,12,5.3,3.9,3.5,3.5,1.38,11403B,0,0,2500,1
2026-09-24T23:04:55+00:00,2026-09-27,3,Jalen McMillan,Jalen,McMillan,WR,,1.5,42.5,266,,TB,MIN,vs,20.5,4100,24,7.8,13.8,,3.5,0.85,12851E,0,0,4100,1
2026-09-24T23:04:55+00:00,2026-09-27,3,Emari Demercado,Emari,Demercado,RB,,3.5,52.5,6,,DAL,BAL,vs,24.5,4200,19,3.0,4.4,0.8,3.4,0.81,110A91,0,0,4200,1
2026-09-24T23:04:55+00:00,2026-09-27,3,Noah Fant,Noah,Fant,TE,,-3.5,43.5,13,,NO,LV,vs,23.5,3200,11,3.5,5.9,13.3,3.4,1.07,E1907,0,0,3200,1
2026-09-24T23:04:55+00:00,2026-09-27,3,Luke Farrell,Luke,Farrell,TE,,-8.5,47.5,16,,SF,ARI,vs,28.0,2500,19,1.3,2.5,3.9,3.3,1.32,E716D,0,0,2500,1
2026-09-24T23:04:55+00:00,2026-09-27,3,Dyami Brown,Dyami,Brown,WR,,7.5,39.5,6,,WAS,SEA,vs,16.0,3200,1,1.3,2.7,2.6,3.3,1.03,10E7A6,0,0,3200,1
2026-09-24T23:04:55+00:00,2026-09-27,3,Mike Washington Jr.,Mike,Washington Jr.,RB,,3.5,43.5,6,,LV,NO,@,20.0,4100,28,2.4,2.4,2.4,3.2,0.79,13ACD4,0,0,4100,1
2026-09-24T23:04:55+00:00,2026-09-27,3,Darnell Washington,Darnell,Washington,TE,,3.5,42.5,6,,PIT,CIN,vs,19.5,2800,27,4.0,4.6,2.8,3.2,1.16,129862,0,0,2800,1
2026-09-24T23:04:55+00:00,2026-09-27,3,Josh Oliver,Josh,Oliver,TE,,-1.5,42.5,6,,MIN,TB,@,22.0,2500,31,3.6,4.1,3.8,3.2,1.26,D7473,0,0,2500,1
2026-09-24T23:04:55+00:00,2026-09-27,3,Foster Moreau,Foster,Moreau,TE,,-1.5,42.5,6,,HOU,IND,@,22.0,2500,28,3.3,2.9,4.5,3.1,1.24,D3525,0,0,2500,1
2026-09-24T23:04:55+00:00,2026-09-27,3,Theo Johnson,Theo,Johnson,TE,,-2.5,38.5,5,,NYG,TEN,vs,20.5,2700,8,3.6,6.7,1.0,3.1,1.14,1287CE,0,0,2700,1
2026-09-24T23:04:55+00:00,2026-09-27,3,Tory Horton,Tory,Horton,WR,,-7.5,39.5,328,,SEA,WAS,@,23.5,3000,25,7.1,9.3,,3.1,1.04,12AAE1,0,0,3000,1
2026-09-24T23:04:55+00:00,2026-09-27,3,Travis Hunter,Travis,Hunter,WR,,-2.5,46.5,13,,JAX,NE,vs,24.5,3100,12,10.3,8.6,2.1,3.0,0.97,1559EB,0,0,3100,1
2026-09-24T23:04:55+00:00,2026-09-27,3,Kyle Williams,Kyle,Williams,WR,,2.5,46.5,6,,NE,JAX,@,22.0,3400,18,1.2,3.7,2.0,2.9,0.85,12B995,0,0,3400,1
2026-09-24T23:04:55+00:00,2026-09-27,3,DeeJay Dallas,DeeJay,Dallas,RB,,-1.5,42.5,6,Q,MIN,TB,@,22.0,4200,16,2.0,2.0,2.1,2.9,0.69,EE5B5,0,0,4200,1
2026-09-24T23:04:55+00:00,2026-09-27,3,KaVontae Turpin,KaVontae,Turpin,WR,,3.5,52.5,6,,DAL,BAL,vs,24.5,3000,17,4.6,4.5,1.0,2.8,0.94,D36A6,0,0,3000,1
2026-09-24T23:04:55+00:00,2026-09-27,3,Elijah Arroyo,Elijah,Arroyo,TE,,-7.5,39.5,6,,SEA,WAS,@,23.5,2500,30,0.8,2.7,2.7,2.8,1.12,13A2B8,0,0,2500,1
2026-09-24T23:04:55+00:00,2026-09-27,3,Sione Vaki,Sione,Vaki,RB,,-6.5,47.5,9,,DET,NYJ,vs,27.0,4300,3,1.2,1.0,2.9,2.7,0.62,15132C,0,0,4300,1
2026-09-24T23:04:55+00:00,2026-09-27,3,Kevin Coleman Jr.,Kevin,Coleman Jr.,WR,,10.5,45.5,13,,MIA,KC,vs,17.5,3000,3,0.0,0.0,0.0,2.7,0.9,1559E8,0,0,3000,1
2026-09-24T23:04:55+00:00,2026-09-27,3,Drew Sample,Drew,Sample,TE,,-3.5,42.5,13,,CIN,PIT,@,23.0,2600,2,3.9,3.5,4.9,2.7,1.03,CC8C0,0,0,2600,1
2026-09-24T23:04:55+00:00,2026-09-27,3,Jacob Cowing,Jacob,Cowing,WR,,-8.5,47.5,629,,SF,ARI,vs,28.0,3300,27,1.1,1.2,,2.7,0.8,1208A5,0,0,3300,1
2026-09-24T23:04:55+00:00,2026-09-27,3,Joshua Palmer,Joshua,Palmer,WR,,-7.5,50.5,9,,BUF,LAC,vs,29.0,3500,26,5.2,5.0,10.9,2.6,0.74,102B1C,0,0,3500,1
2026-09-24T23:04:55+00:00,2026-09-27,3,LaJohntay Wester,LaJohntay,Wester,WR,,-3.5,52.5,6,,BAL,DAL,@,28.0,3000,16,1.6,1.6,3.0,2.6,0.85,12C8B9,0,0,3000,1
2026-09-24T23:04:55+00:00,2026-09-27,3,Devontez Walker,Devontez,Walker,WR,,-3.5,52.5,6,,BAL,DAL,@,28.0,3500,16,5.3,4.3,5.7,2.6,0.74,137FDA,0,0,3500,1
2026-09-24T23:04:55+00:00,2026-09-27,3,Durham Smythe,Durham,Smythe,TE,,-3.5,52.5,6,,BAL,DAL,@,28.0,2500,26,1.3,1.1,0.7,2.5,1.0,B7190,0,0,2500,1
2026-09-24T23:04:55+00:00,2026-09-27,3,Chimere Dike,Chimere,Dike,WR,,2.5,38.5,13,,TEN,NYG,@,18.0,3000,22,6.9,8.1,0.7,2.5,0.82,128A7E,0,0,3000,1
2026-09-24T23:04:55+00:00,2026-09-27,3,Ray Davis,Ray,Davis,RB,,-7.5,50.5,13,,BUF,LAC,vs,29.0,4400,10,7.1,5.2,0.3,2.4,0.54,11C7AD,0,0,4400,1
2026-09-24T23:04:55+00:00,2026-09-27,3,Jared Wayne,Jared,Wayne,WR,,-1.5,42.5,6,,HOU,IND,@,22.0,3100,29,2.3,1.6,3.8,2.4,0.77,11F49D,0,0,3100,1
2026-09-24T23:04:55+00:00,2026-09-27,3,Erick All Jr.,Erick,All Jr.,TE,,-3.5,42.5,6,,CIN,PIT,@,23.0,2500,2,3.0,3.8,2.5,2.4,0.95,11C4F5,0,0,2500,1
2026-09-24T23:04:55+00:00,2026-09-27,3,Chris Moore,Chris,Moore,WR,,-3.5,52.5,6,Q,BAL,DAL,@,28.0,3100,16,4.6,4.7,4.0,2.3,0.75,94157,0,0,3100,1
2026-09-24T23:04:55+00:00,2026-09-27,3,Jeremy Ruckert,Jeremy,Ruckert,TE,,6.5,47.5,6,,NYJ,DET,@,20.5,2500,32,2.4,3.0,2.0,2.3,0.92,112124,0,0,2500,1
2026-09-24T23:04:55+00:00,2026-09-27,3,Kyle Juszczyk,Kyle,Juszczyk,RB,,-8.5,47.5,6,,SF,ARI,vs,28.0,4000,4,6.5,4.8,10.7,2.3,0.57,7A59E,0,0,4000,1
2026-09-24T23:04:55+00:00,2026-09-27,3,Brenen Thompson,Brenen,Thompson,WR,,7.5,50.5,6,Q,LAC,BUF,@,21.5,3000,30,2.3,2.3,2.3,2.2,0.74,15595C,0,0,3000,1
2026-09-24T23:04:55+00:00,2026-09-27,3,Josh Cameron,Josh,Cameron,WR,,-2.5,46.5,13,,JAX,NE,vs,24.5,3000,12,10.0,10.0,10.0,2.2,0.74,1439A3,0,0,3000,1
2026-09-24T23:04:55+00:00,2026-09-27,3,Dohnte Meyers,Dohnte,Meyers,WR,,-3.5,42.5,6,,CIN,PIT,@,23.0,3000,2,1.9,1.9,1.9,2.2,0.74,114B08,0,0,3000,1
2026-09-24T23:04:55+00:00,2026-09-27,3,KhaDarel Hodge,KhaDarel,Hodge,WR,,-8.5,47.5,6,,SF,ARI,vs,28.0,3000,27,2.5,1.4,2.8,2.2,0.74,B8F11,0,0,3000,1
2026-09-24T23:04:55+00:00,2026-09-27,3,Ben Sinnott,Ben,Sinnott,TE,,7.5,39.5,6,,WAS,SEA,vs,16.0,2600,22,3.2,3.3,1.6,2.2,0.83,12C078,0,0,2600,1
2026-09-24T23:04:55+00:00,2026-09-27,3,Kaytron Allen,Kaytron,Allen,RB,,7.5,39.5,6,Q,WAS,SEA,vs,16.0,4300,7,2.0,2.0,2.0,2.2,0.51,150BBB,0,0,4300,1
2026-09-24T23:04:55+00:00,2026-09-27,3,Eli Raridon,Eli,Raridon,TE,,2.5,46.5,6,Q,NE,JAX,@,22.0,2900,14,5.6,5.6,5.6,2.1,0.72,156C41,0,0,2900,1
2026-09-24T23:04:55+00:00,2026-09-27,3,Daniel Bellinger,Daniel,Bellinger,TE,,2.5,38.5,6,,TEN,NYG,@,18.0,2500,21,4.6,4.6,0.9,2.1,0.84,111EF3,0,0,2500,1
2026-09-24T23:04:55+00:00,2026-09-27,3,Blake Whiteheart,Blake,Whiteheart,TE,,2.5,42.5,6,,CLE,CAR,vs,20.0,2500,7,2.2,1.6,5.6,2.0,0.8,10EEE3,0,0,2500,1
2026-09-24T23:04:55+00:00,2026-09-27,3,Will Kacmarek,Will,Kacmarek,TE,,10.5,45.5,6,,MIA,KC,vs,17.5,2500,24,0.7,0.7,0.7,2.0,0.79,142D7F,0,0,2500,1
2026-09-24T23:04:55+00:00,2026-09-27,3,Demond Claiborne,Demond,Claiborne,RB,,-1.5,42.5,6,,MIN,TB,@,22.0,4400,16,1.2,1.2,1.2,2.0,0.46,15393E,0,0,4400,1
2026-09-24T23:04:55+00:00,2026-09-27,3,Jaleel McLaughlin,Jaleel,McLaughlin,RB,,2.5,42.5,6,,CLE,CAR,vs,20.0,4000,32,3.1,3.6,0.3,1.9,0.48,1367BA,0,0,4000,1
2026-09-24T23:04:55+00:00,2026-09-27,3,Mitchell Evans,Mitchell,Evans,TE,,-2.5,42.5,6,,CAR,CLE,@,22.5,2500,12,1.5,2.2,2.1,1.9,0.77,13ACFF,0,0,2500,1
2026-09-24T23:04:55+00:00,2026-09-27,3,Isaiah Bond,Isaiah,Bond,WR,,2.5,42.5,6,,CLE,CAR,vs,20.0,3000,13,4.0,3.3,2.0,1.9,0.63,1556E7,0,0,3000,1
2026-09-24T23:04:55+00:00,2026-09-27,3,CJ Donaldson,CJ,Donaldson,RB,,-3.5,43.5,6,,NO,LV,vs,23.5,4000,12,0.7,0.7,0.7,1.9,0.47,154BE1,0,0,4000,1
2026-09-24T23:04:55+00:00,2026-09-27,3,Brock Wright,Brock,Wright,TE,,-6.5,47.5,13,,DET,NYJ,vs,27.0,2500,4,2.5,3.8,1.5,1.8,0.72,EECC8,0,0,2500,1
2026-09-24T23:04:55+00:00,2026-09-27,3,Seth McGowan,Seth,McGowan,RB,,1.5,42.5,6,,IND,HOU,vs,20.5,4100,2,0.5,0.5,0.5,1.8,0.43,128562,0,0,4100,1
2026-09-24T23:04:55+00:00,2026-09-27,3,Jalen Tolbert,Jalen,Tolbert,WR,,10.5,45.5,265,,MIA,KC,vs,17.5,3000,3,4.5,4.5,,1.8,0.59,1045B8,0,0,3000,1
2026-09-24T23:04:55+00:00,2026-09-27,3,Odell Beckham Jr.,Odell,Beckham Jr.,WR,,-2.5,38.5,5,,NYG,TEN,vs,20.5,3300,28,2.0,2.0,,1.8,0.56,900A0,0,0,3300,1
2026-09-24T23:04:55+00:00,2026-09-27,3,Brevyn Spann-Ford,Brevyn,Spann-Ford,TE,,3.5,52.5,13,,DAL,BAL,vs,24.5,2500,16,2.8,2.7,3.4,1.7,0.7,10E8EA,0,0,2500,1
2026-09-24T23:04:55+00:00,2026-09-27,3,Hunter Luepke,Hunter,Luepke,RB,,3.5,52.5,6,,DAL,BAL,vs,24.5,4000,19,2.2,2.7,0.4,1.7,0.43,1141E0,0,0,4000,1
2026-09-24T23:04:55+00:00,2026-09-27,3,Isaiah Davis,Isaiah,Davis,RB,,6.5,47.5,272,,NYJ,DET,@,20.5,4000,22,5.7,5.6,,1.7,0.41,136739,0,0,4000,1
2026-09-24T23:04:55+00:00,2026-09-27,3,Ameer Abdullah,Ameer,Abdullah,RB,,-2.5,46.5,6,,JAX,NE,vs,24.5,4000,8,2.6,2.9,3.3,1.7,0.43,903CC,0,0,4000,1
2026-09-24T23:04:55+00:00,2026-09-27,3,Luke Schoonmaker,Luke,Schoonmaker,TE,,3.5,52.5,13,,DAL,BAL,vs,24.5,2500,16,2.8,2.4,2.2,1.6,0.64,113F02,0,0,2500,1
2026-09-24T23:04:55+00:00,2026-09-27,3,Nate Boerkircher,Nate,Boerkircher,TE,,-2.5,46.5,13,,JAX,NE,vs,24.5,2500,5,1.9,1.9,1.9,1.6,0.64,128633,0,0,2500,1
2026-09-24T23:04:55+00:00,2026-09-27,3,Derius Davis,Derius,Davis,WR,,7.5,50.5,6,,LAC,BUF,@,21.5,3000,30,0.6,1.6,0.0,1.5,0.5,10FD85,0,0,3000,1
2026-09-24T23:04:55+00:00,2026-09-27,3,Elijah Higgins,Elijah,Higgins,TE,,8.5,47.5,265,,ARI,SF,@,19.5,2500,3,4.8,4.1,,1.5,0.59,11BA7D,0,0,2500,1
2026-09-24T23:04:55+00:00,2026-09-27,3,John Bates,John,Bates,TE,,7.5,39.5,13,,WAS,SEA,vs,16.0,2500,22,3.7,3.1,3.3,1.5,0.61,E67A6,0,0,2500,1
2026-09-24T23:04:55+00:00,2026-09-27,3,Ashton Dulin,Ashton,Dulin,WR,,1.5,42.5,13,Q,IND,HOU,vs,20.5,3200,32,1.6,2.0,0.0,1.4,0.42,11CAD4,0,0,3200,1
2026-09-24T23:04:55+00:00,2026-09-27,3,Jaylen Wright,Jaylen,Wright,RB,,10.5,45.5,6,Q,MIA,KC,vs,17.5,4000,17,4.8,4.9,0.5,1.4,0.35,13A171,0,0,4000,1
2026-09-24T23:04:55+00:00,2026-09-27,3,Ollie Gordon II,Ollie,Gordon II,RB,,10.5,45.5,6,,MIA,KC,vs,17.5,4000,17,2.1,3.7,0.7,1.4,0.35,1505E6,0,0,4000,1
2026-09-24T23:04:55+00:00,2026-09-27,3,Tai Felton,Tai,Felton,WR,,-1.5,42.5,279,,MIN,TB,@,22.0,3000,8,1.8,1.8,,1.4,0.47,13A5A3,0,0,3000,1
2026-09-24T23:04:55+00:00,2026-09-27,3,Marlin Klein,Marlin,Klein,TE,,-1.5,42.5,13,,HOU,IND,@,22.0,2500,28,2.6,2.6,2.6,1.3,0.53,1573A1,0,0,2500,1
2026-09-24T23:04:55+00:00,2026-09-27,3,LeQuint Allen Jr.,LeQuint,Allen Jr.,RB,,-2.5,46.5,6,Q,JAX,NE,vs,24.5,4000,8,1.2,1.6,0.0,1.3,0.34,150A18,0,0,4000,1
2026-09-24T23:04:55+00:00,2026-09-27,3,Tez Johnson,Tez,Johnson,WR,,1.5,42.5,6,,TB,MIN,vs,20.5,3000,24,2.7,4.9,2.8,1.3,0.42,128975,0,0,3000,1
2026-09-24T23:04:55+00:00,2026-09-27,3,Jalen Royals,Jalen,Royals,WR,,-10.5,45.5,6,,KC,MIA,@,28.0,3000,6,5.5,5.5,8.6,1.2,0.41,156A63,0,0,3000,1
2026-09-24T23:04:55+00:00,2026-09-27,3,Marquez Valdes-Scantling,Marquez,Valdes-Scantling,WR,,7.5,50.5,257,,LAC,BUF,@,21.5,3000,30,5.9,3.8,,1.1,0.37,B53EE,0,0,3000,1
2026-09-24T23:04:55+00:00,2026-09-27,3,Ty Johnson,Ty,Johnson,RB,,-7.5,50.5,265,,BUF,LAC,vs,29.0,4000,10,9.3,9.0,,1.1,0.28,D64D8,0,0,4000,1
2026-09-24T23:04:55+00:00,2026-09-27,3,Jackson Hawes,Jackson,Hawes,TE,,-7.5,50.5,265,,BUF,LAC,vs,29.0,2500,25,3.4,4.0,,1.1,0.45,120BB9,0,0,2500,1
2026-09-24T23:04:55+00:00,2026-09-27,3,Efton Chism III,Efton,Chism III,WR,,2.5,46.5,6,,NE,JAX,@,22.0,3000,18,5.1,5.1,0.8,1.1,0.37,128F20,0,0,3000,1
2026-09-24T23:04:55+00:00,2026-09-27,3,Connor Heyward,Connor,Heyward,RB,,3.5,43.5,6,,LV,NO,@,20.0,4000,28,3.3,1.8,0.1,1.1,0.27,1022B1,0,0,4000,1
2026-09-24T23:04:55+00:00,2026-09-27,3,Barion Brown,Barion,Brown,WR,,-3.5,43.5,13,Q,NO,LV,vs,23.5,3000,5,0.3,0.3,0.3,1.1,0.37,154C83,0,0,3000,1
2026-09-24T23:04:55+00:00,2026-09-27,3,Jordan Watkins,Jordan,Watkins,WR,,-8.5,47.5,328,,SF,ARI,vs,28.0,3100,27,2.3,2.3,,1.1,0.35,12A8B3,0,0,3100,1
2026-09-24T23:04:55+00:00,2026-09-27,3,Brycen Tremayne,Brycen,Tremayne,WR,,-2.5,42.5,259,,CAR,CLE,@,22.5,3000,23,2.0,3.0,,1.0,0.34,1124C5,0,0,3000,1
2026-09-24T23:04:55+00:00,2026-09-27,3,John Metchie III,John,Metchie III,WR,,-2.5,42.5,265,,CAR,CLE,@,22.5,3000,23,5.6,6.9,,1.0,0.32,11B49C,0,0,3000,1
2026-09-24T23:04:55+00:00,2026-09-27,3,Cody White,Cody,White,WR,,3.5,43.5,6,,LV,NO,@,20.0,3200,20,6.9,4.2,8.2,1.0,0.31,1022CC,0,0,3200,1
2026-09-24T23:04:55+00:00,2026-09-27,3,Oscar Delp,Oscar,Delp,TE,,-3.5,43.5,6,,NO,LV,vs,23.5,2500,11,1.8,1.8,1.8,1.0,0.42,1512F1,0,0,2500,1
2026-09-24T23:04:55+00:00,2026-09-27,3,Malik Benson,Malik,Benson,WR,,3.5,43.5,6,,LV,NO,@,20.0,3000,20,0.4,0.4,0.4,1.0,0.34,15FDA7,0,0,3000,1
2026-09-24T23:04:55+00:00,2026-09-27,3,Josh Cuevas,Josh,Cuevas,TE,,-3.5,52.5,,,BAL,DAL,@,28.0,2500,26,,,,0.9,0.36,14240C,0,0,2500,1
2026-09-24T23:04:55+00:00,2026-09-27,3,Jacob Saylors,Jacob,Saylors,RB,,-6.5,47.5,363,,DET,NYJ,vs,27.0,4000,3,1.1,1.1,,0.9,0.21,1143C1,0,0,4000,1
2026-09-24T23:04:55+00:00,2026-09-27,3,Mo Alie-Cox,Mo,Alie-Cox,TE,,1.5,42.5,265,,IND,HOU,vs,20.5,2500,18,4.3,2.8,,0.9,0.37,ADF3A,0,0,2500,1
2026-09-24T23:04:55+00:00,2026-09-27,3,Cade Stover,Cade,Stover,TE,,-1.5,42.5,13,,HOU,IND,@,22.0,2500,28,2.2,3.3,0.8,0.9,0.34,11EE8E,0,0,2500,1
2026-09-24T23:04:55+00:00,2026-09-27,3,Cyrus Allen,Cyrus,Allen,WR,,-10.5,45.5,12,,KC,MIA,@,28.0,3600,6,0.0,0.0,0.0,0.9,0.24,15190E,0,0,3600,1
2026-09-24T23:04:55+00:00,2026-09-27,3,Dylan Laube,Dylan,Laube,RB,,3.5,43.5,265,,LV,NO,@,20.0,4000,28,0.9,0.5,,0.9,0.23,111F86,0,0,4000,1
2026-09-24T23:04:55+00:00,2026-09-27,3,Colbie Young,Colbie,Young,WR,,-3.5,42.5,6,,CIN,PIT,@,23.0,3000,2,1.7,1.7,1.7,0.9,0.28,15779E,0,0,3000,1
2026-09-24T23:04:55+00:00,2026-09-27,3,Jaylin Lane,Jaylin,Lane,WR,,7.5,39.5,13,Q,WAS,SEA,vs,16.0,3000,1,3.0,3.8,1.4,0.9,0.31,1288E1,0,0,3000,1
2026-09-24T23:04:55+00:00,2026-09-27,3,Kimani Vidal,Kimani,Vidal,RB,,7.5,50.5,258,,LAC,BUF,@,21.5,4000,27,5.5,9.8,,0.8,0.21,128968,0,0,4000,1
2026-09-24T23:04:55+00:00,2026-09-27,3,DJ Herman,DJ,Herman,RB,,10.5,45.5,6,,MIA,KC,vs,17.5,4000,17,2.8,2.8,2.8,0.8,0.21,144303,0,0,4000,1
2026-09-24T23:04:55+00:00,2026-09-27,3,Sean Tucker,Sean,Tucker,RB,,1.5,42.5,266,,TB,MIN,vs,20.5,4000,5,4.5,8.1,,0.8,0.19,12BF59,0,0,4000,1
2026-09-24T23:04:55+00:00,2026-09-27,3,Alec Ingold,Alec,Ingold,RB,,7.5,50.5,265,,LAC,BUF,@,21.5,4000,27,1.2,1.8,,0.7,0.18,D6EC2,0,0,4000,1
2026-09-24T23:04:55+00:00,2026-09-27,3,Quintin Morris,Quintin,Morris,TE,,-2.5,46.5,6,,JAX,NE,vs,24.5,2500,5,2.9,1.9,0.9,0.7,0.27,102B60,0,0,2500,1
2026-09-24T23:04:55+00:00,2026-09-27,3,Jake Briningstool,Jake,Briningstool,TE,,-10.5,45.5,12,,KC,MIA,@,28.0,2500,20,1.9,1.9,1.9,0.7,0.29,13A5D7,0,0,2500,1
2026-09-24T23:04:55+00:00,2026-09-27,3,Brashard Smith,Brashard,Smith,RB,,-10.5,45.5,265,,KC,MIA,@,28.0,4000,31,3.9,4.4,,0.7,0.18,140B84,0,0,4000,1
2026-09-24T23:04:55+00:00,2026-09-27,3,Eric Saubert,Eric,Saubert,TE,,-7.5,39.5,6,,SEA,WAS,@,23.5,2500,30,1.4,2.1,0.0,0.7,0.28,A9A93,0,0,2500,1
2026-09-24T23:04:55+00:00,2026-09-27,3,Treylon Burks,Treylon,Burks,WR,,7.5,39.5,6,,WAS,SEA,vs,16.0,3000,1,2.1,3.1,0.0,0.7,0.25,11E238,0,0,3000,1
2026-09-24T23:04:55+00:00,2026-09-27,3,Tylan Wallace,Tylan,Wallace,WR,,2.5,42.5,307,,CLE,CAR,vs,20.0,3000,13,0.8,2.3,,0.6,0.22,103692,0,0,3000,1
2026-09-24T23:04:55+00:00,2026-09-27,3,Jonathan Mingo,Jonathan,Mingo,WR,,3.5,52.5,13,,DAL,BAL,vs,24.5,3000,17,1.1,1.2,2.0,0.6,0.2,11F4CE,0,0,3000,1
2026-09-24T23:04:55+00:00,2026-09-27,3,Tay Martin,Tay,Martin,WR,,-6.5,47.5,356,,DET,NYJ,vs,27.0,3000,10,3.2,2.7,,0.5,0.16,10405C,0,0,3000,1
2026-09-24T23:04:55+00:00,2026-09-27,3,Dareke Young,Dareke,Young,WR,,3.5,43.5,6,Q,LV,NO,@,20.0,3000,20,2.1,1.1,3.7,0.5,0.15,1521A5,0,0,3000,1
2026-09-24T23:04:55+00:00,2026-09-27,3,Tyrone Tracy Jr.,Tyrone,Tracy Jr.,RB,,-2.5,38.5,13,,NYG,TEN,vs,20.5,4100,21,14.7,12.7,0.4,0.5,0.12,10EECC,0,0,4100,1
2026-09-24T23:04:55+00:00,2026-09-27,3,Myles Price,Myles,Price,WR,,-1.5,42.5,6,,MIN,TB,@,22.0,3000,8,-0.8,-0.8,0.0,0.5,0.15,12BFB8,0,0,3000,1
2026-09-24T23:04:55+00:00,2026-09-27,3,Tyler Goodson,Tyler,Goodson,RB,,3.5,52.5,265,,DAL,BAL,vs,24.5,4000,19,0.7,0.9,,0.4,0.09,11D616,0,0,4000,1
2026-09-24T23:04:55+00:00,2026-09-27,3,Tom Kennedy,Tom,Kennedy,WR,,-6.5,47.5,303,,DET,NYJ,vs,27.0,3000,10,1.5,2.1,,0.4,0.12,CC5DF,0,0,3000,1
2026-09-24T23:04:55+00:00,2026-09-27,3,Jelani Woods,Jelani,Woods,TE,,6.5,47.5,272,,NYJ,DET,@,20.5,2500,32,3.1,4.4,,0.4,0.17,EE28F,0,0,2500,1
2026-09-24T23:04:55+00:00,2026-09-27,3,Drew Ogletree,Drew,Ogletree,TE,,1.5,42.5,6,,IND,HOU,vs,20.5,2500,18,2.5,1.6,0.0,0.4,0.17,1367BC,0,0,2500,1
2026-09-24T23:04:55+00:00,2026-09-27,3,Corey Kiner,Corey,Kiner,RB,,2.5,46.5,6,,NE,JAX,@,22.0,4000,15,1.9,1.7,0.6,0.4,0.09,139FA2,0,0,4000,1
2026-09-24T23:04:55+00:00,2026-09-27,3,Ian Thomas,Ian,Thomas,TE,,3.5,43.5,6,,LV,NO,@,20.0,2500,15,3.6,2.8,2.1,0.4,0.17,E63F5,0,0,2500,1
2026-09-24T23:04:55+00:00,2026-09-27,3,Chris Manhertz,Chris,Manhertz,TE,,-2.5,38.5,265,,NYG,TEN,vs,20.5,2500,8,1.3,0.7,,0.4,0.15,8985D,0,0,2500,1
2026-09-24T23:04:55+00:00,2026-09-27,3,Patrick Ricard,Patrick,Ricard,RB,,-2.5,38.5,13,,NYG,TEN,vs,20.5,4000,21,0.4,0.5,0.0,0.4,0.09,A0BD5,0,0,4000,1
2026-09-24T23:04:55+00:00,2026-09-27,3,Tahj Brooks,Tahj,Brooks,RB,,-3.5,42.5,272,,CIN,PIT,@,23.0,4000,26,0.9,1.1,,0.4,0.11,12BFBA,0,0,4000,1
2026-09-24T23:04:55+00:00,2026-09-27,3,Devin Duvernay,Devin,Duvernay,WR,,8.5,47.5,6,,ARI,SF,@,19.5,3000,7,1.2,2.2,,0.4,0.14,E0CB4,0,0,3000,1
2026-09-24T23:04:55+00:00,2026-09-27,3,Jordan James,Jordan,James,RB,,-8.5,47.5,6,,SF,ARI,vs,28.0,4000,4,3.0,3.0,1.5,0.4,0.09,155F51,0,0,4000,1
2026-09-24T23:04:55+00:00,2026-09-27,3,Skyler Bell,Skyler,Bell,WR,,-7.5,50.5,,,BUF,LAC,vs,29.0,3000,26,,,,0.3,0.11,1438B2,0,0,3000,1
2026-09-24T23:04:55+00:00,2026-09-27,3,Rasheen Ali,Rasheen,Ali,RB,,-3.5,52.5,265,,BAL,DAL,@,28.0,4000,23,3.9,2.4,,0.3,0.08,12C14D,0,0,4000,1
2026-09-24T23:04:55+00:00,2026-09-27,3,Tyler Conklin,Tyler,Conklin,TE,,-6.5,47.5,265,,DET,NYJ,vs,27.0,2500,4,2.0,6.6,,0.3,0.11,D245E,0,0,2500,1
2026-09-24T23:04:55+00:00,2026-09-27,3,Deion Burks,Deion,Burks,WR,,1.5,42.5,6,,IND,HOU,vs,20.5,3300,32,1.4,1.4,1.4,0.3,0.1,13A676,0,0,3300,1
2026-09-24T23:04:55+00:00,2026-09-27,3,Seydou Traore,Seydou,Traore,TE,,10.5,45.5,,,MIA,KC,vs,17.5,2500,24,,,,0.3,0.13,13AF1E,0,0,2500,1
2026-09-24T23:04:55+00:00,2026-09-27,3,Justin Joly,Justin,Joly,TE,,10.5,45.5,,,MIA,KC,vs,17.5,2500,24,,,,0.3,0.13,1573E8,0,0,2500,1
2026-09-24T23:04:55+00:00,2026-09-27,3,Travis Homer,Travis,Homer,RB,,3.5,42.5,6,,PIT,CIN,vs,19.5,4000,14,1.2,0.6,1.6,0.3,0.07,E1374,0,0,4000,1
2026-09-24T23:04:55+00:00,2026-09-27,3,Kameron Johnson,Kameron,Johnson,WR,,1.5,42.5,293,,TB,MIN,vs,20.5,3000,24,3.7,2.1,,0.3,0.11,158CE6,0,0,3000,1
2026-09-24T23:04:55+00:00,2026-09-27,3,Frank Gore Jr.,Frank,Gore Jr.,RB,,-7.5,50.5,13,,BUF,LAC,vs,29.0,4000,10,1.0,1.0,0.3,0.2,0.05,12D0E7,0,0,4000,1
2026-09-24T23:04:55+00:00,2026-09-27,3,Carsen Ryan,Carsen,Ryan,TE,,2.5,42.5,,,CLE,CAR,vs,20.0,2500,7,,,,0.2,0.07,1520B2,0,0,2500,1
2026-09-24T23:04:55+00:00,2026-09-27,3,Elijah Sarratt,Elijah,Sarratt,WR,,-3.5,52.5,,,BAL,DAL,@,28.0,3400,16,,,,0.2,0.06,153FC8,0,0,3400,1
2026-09-24T23:04:55+00:00,2026-09-27,3,Andrew Beck,Andrew,Beck,RB,,6.5,47.5,265,,NYJ,DET,@,20.5,4000,22,2.9,2.3,,0.2,0.04,C946C,0,0,4000,1
2026-09-24T23:04:55+00:00,2026-09-27,3,British Brooks,British,Brooks,RB,,-1.5,42.5,265,,HOU,IND,@,22.0,4000,30,1.6,1.0,,0.2,0.04,113767,0,0,4000,1
2026-09-24T23:04:55+00:00,2026-09-27,3,DJ Giddens,DJ,Giddens,RB,,1.5,42.5,265,,IND,HOU,vs,20.5,4000,2,1.9,1.9,,0.2,0.05,13E411,0,0,4000,1
2026-09-24T23:04:55+00:00,2026-09-27,3,Reggie Gilliam,Reggie,Gilliam,RB,,2.5,46.5,6,Q,NE,JAX,@,22.0,4000,15,1.2,0.7,1.4,0.2,0.04,DF67A,0,0,4000,1
2026-09-24T23:04:55+00:00,2026-09-27,3,Cameron Latu,Cameron,Latu,TE,,2.5,46.5,,,NE,JAX,@,22.0,2500,14,,,,0.2,0.08,112D6B,0,0,2500,1
2026-09-24T23:04:55+00:00,2026-09-27,3,Ryan Miller,Ryan,Miller,WR,,10.5,45.5,6,Q,MIA,KC,vs,17.5,3200,3,5.2,4.2,14.7,0.2,0.05,1111CC,0,0,3200,1
2026-09-24T23:04:55+00:00,2026-09-27,3,Nikko Remigio,Nikko,Remigio,WR,,-10.5,45.5,370,,KC,MIA,@,28.0,3000,6,0.8,1.1,,0.2,0.08,1132A8,0,0,3000,1
2026-09-24T23:04:55+00:00,2026-09-27,3,Julius Chestnut,Julius,Chestnut,RB,,2.5,38.5,279,,TEN,NYG,@,18.0,4000,25,0.2,0.7,,0.2,0.04,112DD6,0,0,4000,1
2026-09-24T23:04:55+00:00,2026-09-27,3,Nick Singleton,Nick,Singleton,RB,,2.5,38.5,6,,TEN,NYG,@,18.0,4000,25,1.0,1.0,1.0,0.2,0.04,150BC0,0,0,4000,1
2026-09-24T23:04:55+00:00,2026-09-27,3,Ben Skowronek,Ben,Skowronek,WR,,3.5,42.5,6,,PIT,CIN,vs,19.5,3000,9,1.8,2.3,1.2,0.2,0.06,E0D70,0,0,3000,1
2026-09-24T23:04:55+00:00,2026-09-27,3,Riley Nowakowski,Riley,Nowakowski,RB,,3.5,42.5,,,PIT,CIN,vs,19.5,4000,14,,,,0.2,0.05,12FC40,0,0,4000,1
2026-09-24T23:04:55+00:00,2026-09-27,3,Jack Endries,Jack,Endries,TE,,-3.5,42.5,,,CIN,PIT,@,23.0,2500,2,,,,0.2,0.08,156014,0,0,2500,1
2026-09-24T23:04:55+00:00,2026-09-27,3,Payne Durham,Payne,Durham,TE,,1.5,42.5,266,,TB,MIN,vs,20.5,2500,10,0.4,3.1,,0.2,0.1,113F14,0,0,2500,1
2026-09-24T23:04:55+00:00,2026-09-27,3,Max Bredeson,Max,Bredeson,RB,,-1.5,42.5,,,MIN,TB,@,22.0,4000,16,,,,0.2,0.05,1439FA,0,0,4000,1
2026-09-24T23:04:55+00:00,2026-09-27,3,Bauer Sharp,Bauer,Sharp,TE,,1.5,42.5,,,TB,MIN,vs,20.5,2500,10,,,,0.2,0.06,143DDB,0,0,2500,1
2026-09-24T23:04:55+00:00,2026-09-27,3,Brady Russell,Brady,Russell,RB,,-7.5,39.5,17,Q,SEA,WAS,@,23.5,4000,1,0.8,0.4,4.0,0.2,0.05,103FFB,0,0,4000,1
2026-09-24T23:04:55+00:00,2026-09-27,3,Michael Burton,Michael,Burton,RB,,2.5,42.5,622,,CLE,CAR,vs,20.0,4000,32,2.2,2.0,,0.1,0.03,87DC3,0,0,4000,1
2026-09-24T23:04:55+00:00,2026-09-27,3,Kaden Wetjen,Kaden,Wetjen,WR,,3.5,42.5,,,PIT,CIN,vs,19.5,3000,9,,,,0.1,0.05,151E39,0,0,3000,1
2026-09-24T23:04:55+00:00,2026-09-27,3,Eli Heidenreich,Eli,Heidenreich,RB,,3.5,42.5,,,PIT,CIN,vs,19.5,4000,14,,,,0.1,0.03,154CA2,0,0,4000,1
2026-09-24T23:04:55+00:00,2026-09-27,3,Tyrell Shavers,Tyrell,Shavers,WR,,-7.5,50.5,258,O,BUF,LAC,vs,29.0,3000,26,6.5,4.8,,0.0,0.0,EDC7D,0,0,3000,1
2026-09-24T23:04:55+00:00,2026-09-27,3,Charlie Kolar,Charlie,Kolar,TE,,7.5,50.5,6,O,LAC,BUF,@,21.5,2500,23,2.7,3.5,5.1,0.0,0.0,102758,0,0,2500,1
2026-09-24T23:04:55+00:00,2026-09-27,3,Joe Royer,Joe,Royer,TE,,2.5,42.5,,O,CLE,CAR,vs,20.0,2500,7,,,,0.0,0.0,12C3BC,0,0,2500,1
2026-09-24T23:04:55+00:00,2026-09-27,3,Jonathon Brooks,Jonathon,Brooks,RB,,-2.5,42.5,6,O,CAR,CLE,@,22.5,4600,11,3.4,3.4,4.7,0.0,0.0,143E09,0,0,4600,1
2026-09-24T23:04:55+00:00,2026-09-27,3,Mason Taylor,Mason,Taylor,TE,,6.5,47.5,13,O,NYJ,DET,@,20.5,2500,32,5.6,6.9,1.8,0.0,0.0,15138F,0,0,2500,1
2026-09-24T23:04:55+00:00,2026-09-27,3,Nico Collins,Nico,Collins,WR,,-1.5,42.5,13,O,HOU,IND,@,22.0,7000,29,13.7,16.7,21.2,0.0,0.0,10660A,0,0,7000,1
2026-09-24T23:04:55+00:00,2026-09-27,3,Alec Pierce,Alec,Pierce,WR,,1.5,42.5,6,O,IND,HOU,vs,20.5,5600,32,13.8,12.4,6.1,0.0,0.0,10E453,0,0,5600,1
2026-09-24T23:04:55+00:00,2026-09-27,3,Mason Tipton,Mason,Tipton,WR,,-3.5,43.5,279,O,NO,LV,vs,23.5,3000,5,4.1,2.4,,0.0,0.0,120BE7,0,0,3000,1
2026-09-24T23:04:55+00:00,2026-09-27,3,Jaxson Dart,Jaxson,Dart,QB,,-2.5,38.5,5,O,NYG,TEN,vs,20.5,5900,8,14.8,18.5,13.7,0.0,0.0,13A074,0,0,5900,1
2026-09-24T23:04:55+00:00,2026-09-27,3,Andrei Iosivas,Andrei,Iosivas,WR,,-3.5,42.5,6,O,CIN,PIT,@,23.0,3000,2,3.8,4.8,2.5,0.0,0.0,1129F3,0,0,3000,1
2026-09-24T23:04:55+00:00,2026-09-27,3,Demarcus Robinson,Demarcus,Robinson,WR,,-8.5,47.5,6,O,SF,ARI,vs,28.0,3800,27,10.4,7.5,9.7,0.0,0.0,B18EF,0,0,3800,1
2026-09-24T23:04:55+00:00,2026-09-27,3,Brandon Aiyuk,Brandon,Aiyuk,WR,,-8.5,47.5,706,O,SF,ARI,vs,28.0,3000,27,10.5,9.5,,0.0,0.0,10E45A,0,0,3000,1
2026-09-24T23:04:55+00:00,2026-09-27,3,Isaac Guerendo,Isaac,Guerendo,RB,,-8.5,47.5,629,O,SF,ARI,vs,28.0,4000,4,12.3,8.2,,0.0,0.0,112FC2,0,0,4000,1
2026-09-24T23:04:55+00:00,2026-09-27,3,Tip Reiman,Tip,Reiman,TE,,8.5,47.5,356,O,ARI,SF,@,19.5,2500,3,1.0,1.2,,0.0,0.0,12C2B1,0,0,2500,1
2026-09-24T23:04:55+00:00,2026-09-27,3,Jeshaun Jones,Jeshaun,Jones,WR,,-1.5,42.5,,O,MIN,TB,@,22.0,3000,8,,,,0.0,0.0,10E1CE,0,0,3000,1
2026-09-24T23:04:55+00:00,2026-09-27,3,Jayden Daniels,Jayden,Daniels,QB,,7.5,39.5,6,O,WAS,SEA,vs,16.0,6000,5,14.2,17.6,16.2,0.0,0.0,11B80C,0,0,6000,1
2026-09-24T23:04:55+00:00,2026-09-27,3,Zach Charbonnet,Zach,Charbonnet,RB,,-7.5,39.5,252,O,SEA,WAS,@,23.5,4000,1,14.1,12.1,,0.0,0.0,11C4F2,0,0,4000,1
