player_id,player_name,team,position,salary,depth_rank_h,excluded,guarded
00-0034837,Calvin Ridley,TEN,WR,4100,3.0,False,True
00-0041104,Demond Claiborne,MIN,RB,4000,3.0,True,False
00-0039405,Jawhar Jordan,HOU,RB,4000,,True,False
00-0039165,Zach Charbonnet,SEA,RB,4000,4.0,True,False
00-0040644,Trevor Etienne,CAR,RB,4000,4.0,True,False
00-0039798,Isaiah Davis,NYJ,RB,4000,3.0,True,False
00-0040198,Ollie Gordon II,MIA,RB,4000,3.0,True,False
00-0037563,Malik Davis,DAL,RB,4000,4.0,True,False
00-0033955,Jeremy McNichols,WAS,RB,4000,4.0,True,False
00-0039921,Trey Benson,ARI,RB,4000,5.0,True,False
00-0033553,James Conner,ARI,RB,4000,4.0,True,False
00-0040177,Jordan James,SF,RB,4000,3.0,True,False
00-0041081,Max Bredeson,MIN,RB,4000,,True,False
00-0037329,Brittain Brown,CHI,RB,4000,4.0,True,False
00-0038440,Zavier Scott,CHI,RB,4000,,True,False
00-0036020,Salvon Ahmed,CHI,RB,4000,,True,False
00-0039363,Isaac Guerendo,SF,RB,4000,4.0,True,False
00-0037509,Sincere McCormick,SF,RB,4000,,True,False
00-0029892,Kyle Juszczyk,SF,RB,4000,,True,False
00-0041436,DJ Herman,MIA,RB,4000,,True,False
00-0040692,Jarquez Hunter,MIA,RB,4000,,True,False
00-0038930,Carlos Washington Jr.,MIA,RB,4000,,True,False
00-0040067,Jacardia Wright,SEA,RB,4000,,True,False
00-0040649,Robbie Ouzts,SEA,RB,4000,,True,False
00-0037745,Velus Jones Jr.,SEA,RB,4000,,True,False
00-0037157,Bam Knight,ARI,RB,4000,3.0,True,False
00-0038397,Evan Hull,ARI,RB,4000,,True,False
00-0035125,Alec Ingold,LAC,RB,4000,,True,False
00-0041376,Gregory Desrosiers,LAC,RB,4000,,True,False
00-0038614,Scott Matlock,LAC,RB,4000,,True,False
00-0040039,Amar Johnson,LAC,RB,4000,,True,False
00-0039244,Chris Collier,LV,RB,4000,4.0,True,False
00-0033854,Dare Ogunbowale,LV,RB,4000,,True,False
00-0037304,Connor Heyward,LV,RB,4000,,True,False
00-0040238,LeQuint Allen Jr.,JAX,RB,4000,3.0,True,False
00-0041217,J'Mari Taylor,JAX,RB,4000,,True,False
00-0037085,Tyler Badie,DEN,RB,4000,4.0,True,False
00-0039703,Cody Schrader,DEN,RB,4000,,True,False
00-0036727,Adam Prentice,DEN,RB,4000,,True,False
00-0040888,Adam Randall,BAL,RB,4000,4.0,True,False
00-0035924,Jonathan Ward,BAL,RB,4000,,True,False
00-0037276,Ty Chandler,NO,RB,4000,5.0,True,False
00-0038040,Zamir White,NO,RB,4000,,True,False
00-0040586,Jaydon Blue,PHI,RB,4000,,True,False
00-0037258,Dameon Pierce,PHI,RB,4000,,True,False
00-0039325,Carson Steele,PHI,RB,4000,,True,False
00-0037594,Julius Chestnut,TEN,RB,4000,3.0,True,False
00-0036924,Michael Carter,TEN,RB,4000,,True,False
00-0040205,Kalel Mullings,TEN,RB,4000,,True,False
00-0040394,Anthony Tyus III,CAR,RB,4000,,True,False
00-0040260,Ahmani Marshall,CAR,RB,4000,,True,False
00-0036984,Trey Sermon,ATL,RB,4000,3.0,True,False
00-0041191,Cash Jones,ATL,RB,4000,,True,False
00-0037120,Tyler Goodson,ATL,RB,4000,3.0,True,False
00-0036842,Kene Nwangwu,NYJ,RB,4000,4.0,True,False
00-0041239,Chip Trayanum,NYJ,RB,4000,5.0,True,False
00-0034959,Andrew Beck,NYJ,RB,4000,4.0,True,False
00-0038098,Pierre Strong Jr.,GB,RB,4000,,True,False
00-0041139,Damon Bankston,GB,RB,4000,,True,False
00-0038409,Lew Nichols,PIT,RB,4000,,True,False
00-0035594,Travis Homer,PIT,RB,4000,,True,False
00-0041398,Riley Nowakowski,PIT,RB,4000,,True,False
00-0041323,Myles Montgomery,NE,RB,4000,4.0,True,False
00-0036187,Reggie Gilliam,NE,RB,4000,,True,False
00-0037617,Hassan Haskins,NE,RB,4000,,True,False
00-0038794,Jaleel McLaughlin,CLE,RB,4000,3.0,True,False
00-0031595,Michael Burton,CLE,RB,4000,,True,False
00-0041178,Robert Henry Jr.,WAS,RB,4000,,True,False
00-0035567,Craig Reynolds,WAS,RB,4000,,True,False
00-0038389,Israel Abanikanda,DAL,RB,4000,,True,False
00-0039266,Kendall Milton,CIN,RB,4000,,True,False
00-0041241,Kentrel Bullock,CIN,RB,4000,,True,False
00-0039603,British Brooks,HOU,RB,4000,3.0,True,False
00-0041312,Noah Whittington,HOU,RB,4000,,True,False
00-0040998,Roman Hemby,LV,RB,4000,,True,False
00-0040876,Elijah Sarratt,BAL,WR,3700,5.0,True,False
00-0041550,Brenen Thompson,LAC,WR,3500,4.0,True,False
00-0041489,Germie Bernard,PIT,WR,3400,4.0,True,False
00-0039792,Devontez Walker,BAL,WR,3400,3.0,False,True
00-0035406,Lil'Jordan Humphrey,DEN,WR,3300,6.0,True,False
00-0040718,Travis Hunter,JAX,WR,3300,5.0,True,False
00-0040184,KeAndre Lambert-Smith,LAC,WR,3300,6.0,True,False
00-0040648,Tory Horton,SEA,WR,3200,4.0,True,False
00-0041051,Zavion Thomas,CHI,WR,3100,4.0,True,False
00-0040563,Efton Chism III,NE,WR,3100,5.0,True,False
00-0037742,Treylon Burks,WAS,WR,3000,5.0,True,False
00-0040130,Jayden Higgins,HOU,WR,3000,7.0,True,False
00-0038977,Tank Dell,HOU,WR,3000,6.0,True,False
00-0041029,Jordyn Tyson,NO,WR,3000,5.0,True,False
00-0038979,Cedric Tillman,NO,WR,3000,,True,False
00-0040581,Dont'e Thornton Jr.,LV,WR,3000,6.0,True,False
00-0037614,John Metchie III,CAR,WR,3000,5.0,True,False
00-0040009,Savion Williams,GB,WR,3000,7.0,True,False
00-0039355,Luke McCaffrey,WAS,WR,3000,7.0,True,False
00-0037666,Jalen Tolbert,MIA,WR,3000,5.0,True,False
00-0040782,Isaiah Bond,CLE,WR,3000,4.0,True,False
00-0040172,Jordan Watkins,SF,WR,3000,5.0,True,False
00-0040154,Tai Felton,MIN,WR,3000,4.0,True,False
00-0039710,Jeshaun Jones,MIN,WR,3000,6.0,True,False
00-0041342,Dillon Bell,MIN,WR,3000,,True,False
00-0040970,Michael Briscoe,MIN,WR,3000,,True,False
00-0041475,Trayvon Rudolph,MIN,WR,3000,,True,False
00-0040275,JP Richardson,CHI,WR,3000,,True,False
00-0034775,Christian Kirk,SF,WR,3000,7.0,True,False
00-0039916,Ricky Pearsall,SF,WR,3000,9.0,True,False
00-0041361,Will Pauling,SF,WR,3000,,True,False
00-0041359,Wesley Grimes,SF,WR,3000,,True,False
00-0038824,Ryan Miller,MIA,WR,3000,6.0,True,False
00-0040753,Will Sheppard,MIA,WR,3000,,True,False
00-0036387,Jalen Reagor,MIA,WR,3000,,True,False
00-0037156,Irvin Charles,SEA,WR,3000,6.0,True,False
00-0038752,Jake Bobo,SEA,WR,3000,7.0,True,False
00-0039329,Julian Hicks,SEA,WR,3000,,True,False
00-0040653,Ricky White III,SEA,WR,3000,,True,False
00-0040895,Emmanuel Henderson Jr.,SEA,WR,3000,,True,False
00-0038640,Jalen Brooks,ARI,WR,3000,4.0,True,False
00-0041070,Reggie Virgil,ARI,WR,3000,7.0,True,False
00-0041368,Harrison Wallace III,ARI,WR,3000,,True,False
00-0036635,Ihmir Smith-Marsette,ARI,WR,3000,,True,False
00-0035589,Gary Jennings Jr.,LAC,WR,3000,,True,False
00-0040311,Theo Wease Jr.,LAC,WR,3000,,True,False
00-0038590,Justin Shorter,LV,WR,3000,7.0,True,False
00-0041005,Corey Rucker,LV,WR,3000,8.0,True,False
00-0037487,Deven Thompkins,LV,WR,3000,,True,False
00-0038647,Ronnie Bell,LV,WR,3000,,True,False
00-0041106,CJ Williams,JAX,WR,3000,6.0,True,False
00-0036497,Tim Jones,JAX,WR,3000,,True,False
00-0036841,Austin Trammell,JAX,WR,3000,,True,False
00-0041220,Michael Wortham,JAX,WR,3000,,True,False
00-0041216,Trebor Pena,JAX,WR,3000,,True,False
00-0041293,Dane Key,DEN,WR,3000,,True,False
00-0041292,Kolbe Katsis,DEN,WR,3000,,True,False
00-0036959,Michael Bandy,DEN,WR,3000,,True,False
00-0040099,Xavier Guillory,BAL,WR,3000,,True,False
00-0037231,Kevin Austin Jr.,NO,WR,3000,,True,False
00-0039623,Mason Tipton,NO,WR,3000,6.0,True,False
00-0039052,Trey Palmer,NO,WR,3000,,True,False
00-0040633,Kyrese Rowan,NO,WR,3000,,True,False
00-0038740,Jalen Moreno-Cropper,NO,WR,3000,,True,False
00-0036980,Elijah Moore,PHI,WR,3000,6.0,True,False
00-0039236,Johnny Wilson,PHI,WR,3000,8.0,True,False
00-0038496,Xavier Gipson,PHI,WR,3000,,True,False
00-0040919,Tyren Montgomery,TEN,WR,3000,,True,False
00-0036345,K.J. Osborn,TEN,WR,3000,,True,False
00-0040522,Xavier Restrepo,TEN,WR,3000,,True,False
00-0041047,Chris Brazzell II,CAR,WR,3000,6.0,True,False
00-0040265,Ja'seem Reed,CAR,WR,3000,,True,False
00-0039394,Casey Washington,CAR,WR,3000,,True,False
00-0033589,David Moore,CAR,WR,3000,,True,False
00-0040432,Beaux Collins,ATL,WR,3000,6.0,True,False
00-0041185,Vinny Anthony II,ATL,WR,3000,,True,False
00-0038953,Dylan Drummond,ATL,WR,3000,,True,False
00-0040438,Antwane Wells Jr.,ATL,WR,3000,,True,False
00-0033375,Tim Patrick,NYJ,WR,3000,5.0,True,False
00-0041267,Malik McClain,NYJ,WR,3000,4.0,True,False
00-0040405,Jamaal Pritchett,NYJ,WR,3000,,True,False
00-0040948,J. Michael Sturdivant,GB,WR,3000,6.0,True,False
00-0041179,Chris Hilton Jr.,GB,WR,3000,,True,False
00-0040558,Isaiah Neyor,GB,WR,3000,,True,False
00-0036862,Ben Skowronek,PIT,WR,3000,5.0,True,False
00-0039626,Cole Burgess,PIT,WR,3000,7.0,True,False
00-0036775,Brandon Smith,PIT,WR,3000,,True,False
00-0040618,Max Hurleman,PIT,WR,3000,,True,False
00-0037382,Brandon Johnson,PIT,WR,3000,,True,False
00-0040570,Jeremiah Webb,NE,WR,3000,7.0,True,False
00-0041318,Kyle Dixon,NE,WR,3000,,True,False
00-0041319,Cameron Dorner,NE,WR,3000,,True,False
00-0035359,David Sills V,TB,WR,3000,7.0,True,False
00-0040419,Garrett Greene,TB,WR,3000,,True,False
00-0041257,Eric Rivers Jr.,TB,WR,3000,,True,False
00-0041435,Dean Patterson IV,TB,WR,3000,,True,False
00-0036630,Tylan Wallace,CLE,WR,3000,5.0,True,False
00-0039386,Bub Means,CLE,WR,3000,,True,False
00-0041287,Kole Wilson,CLE,WR,3000,,True,False
00-0036415,Van Jefferson,WAS,WR,3000,,True,False
00-0034054,River Cracraft,WAS,WR,3000,,True,False
00-0041176,Jaden Bradley,WAS,WR,3000,,True,False
00-0040930,Camden Brown,DAL,WR,3000,6.0,True,False
00-0040934,Jordan Hudson,DAL,WR,3000,,True,False
00-0040900,Anthony Smith,DAL,WR,3000,,True,False
00-0040534,Ke'Shawn Williams,CIN,WR,3000,6.0,True,False
00-0040375,Jordan Moore,CIN,WR,3000,,True,False
00-0041248,Noah Thomas,CIN,WR,3000,,True,False
00-0041309,Daniel Sobkowicz,HOU,WR,3000,,True,False
00-0041467,Lewis Bond,HOU,WR,3000,,True,False
00-0040049,Josh Kelly,HOU,WR,3000,,True,False
00-0041069,Colbie Young,CIN,WR,3000,4.0,True,False
00-0039912,Ben Sinnott,WAS,TE,2900,2.0,True,False
00-0037112,Jake Tonges,SF,TE,2600,4.0,True,False
00-0040739,Elijah Arroyo,SEA,TE,2500,3.0,True,False
00-0041041,Oscar Delp,NO,TE,2500,3.0,True,False
00-0039356,Ja'Tavion Sanders,CAR,TE,2500,5.0,True,False
00-0039144,Luke Musgrave,GB,TE,2500,5.0,True,False
00-0041084,Tanner Koziol,JAX,TE,2500,4.0,True,False
00-0041483,Eli Stowers,PHI,TE,2500,6.0,True,False
00-0032392,Austin Hooper,ATL,TE,2500,3.0,True,False
00-0041558,Sam Roush,CHI,TE,2500,3.0,True,False
00-0040215,Gavin Bartholomew,MIN,TE,2500,3.0,True,False
00-0040509,Ben Yurosek,MIN,TE,2500,4.0,True,False
00-0029714,Andrew DePaola,MIN,TE,2500,,True,False
00-0039631,Cam Grandy,MIN,TE,2500,,True,False
00-0037031,Nikola Kalinic,CHI,TE,2500,4.0,True,False
00-0041170,Hayden Large,CHI,TE,2500,5.0,True,False
00-0035039,Stephen Carlson,CHI,TE,2500,,True,False
00-0039843,Qadir Ismail,CHI,TE,2500,,True,False
00-0038643,Brayden Willis,SF,TE,2500,3.0,True,False
00-0041357,Khalil Dinkins,SF,TE,2500,,True,False
00-0041579,Seydou Traore,MIA,TE,2500,3.0,True,False
00-0041077,Justin Joly,MIA,TE,2500,4.0,True,False
00-0037078,Cole Turner,MIA,TE,2500,5.0,True,False
00-0040094,Tre Watson,MIA,TE,2500,,True,False
00-0040058,Nick Kallerup,SEA,TE,2500,4.0,True,False
00-0039041,Elijah Higgins,ARI,TE,2500,2.0,True,False
00-0039737,Tip Reiman,ARI,TE,2500,4.0,True,False
00-0041366,Jameson Geers,ARI,TE,2500,5.0,True,False
00-0039550,Shawn Bowman,ARI,TE,2500,,True,False
00-0037277,Teagan Quitoriano,ARI,TE,2500,,True,False
00-0041384,Evan Svoboda,LAC,TE,2500,,True,False
00-0040331,Patrick Herbert,LAC,TE,2500,,True,False
00-0034365,Ian Thomas,LV,TE,2500,3.0,True,False
00-0035345,Chris Myarick,LV,TE,2500,,True,False
00-0040488,Carter Runyon,LV,TE,2500,4.0,True,False
00-0041016,Patrick Gurd,LV,TE,2500,,True,False
00-0039489,Hayden Rucci,JAX,TE,2500,2.0,True,False
00-0041133,Dallen Bentley,DEN,TE,2500,4.0,True,False
00-0040240,Caleb Lohner,DEN,TE,2500,5.0,True,False
00-0036943,Mitchell Fraboni,DEN,TE,2500,,True,False
00-0037539,Lucas Krull,DEN,TE,2500,,True,False
00-0040887,Josh Cuevas,BAL,TE,2500,4.0,True,False
00-0032394,Nick Vannett,BAL,TE,2500,,True,False
00-0040986,Ty Pezza,BAL,TE,2500,,True,False
00-0040244,Moliki Matavao,NO,TE,2500,5.0,True,False
00-0037475,Stone Smartt,NO,TE,2500,,True,False
00-0033063,Zach Wood,NO,TE,2500,,True,False
00-0033246,Johnny Mundt,PHI,TE,2500,3.0,True,False
00-0038498,E.J. Jenkins,PHI,TE,2500,4.0,True,False
00-0037086,Grant Calcaterra,PHI,TE,2500,5.0,True,False
00-0040925,Rocco Underwood,PHI,TE,2500,,True,False
00-0036876,Kylen Granson,TEN,TE,2500,4.0,True,False
00-0039648,David Martin-Robinson,TEN,TE,2500,3.0,True,False
00-0040901,Jaren Kanak,TEN,TE,2500,5.0,True,False
00-0039023,Joel Wilson,TEN,TE,2500,,True,False
00-0036429,Charlie Woerner,ATL,TE,2500,2.0,True,False
00-0041195,Jack Velling,ATL,TE,2500,,True,False
00-0037755,Jelani Woods,NYJ,TE,2500,5.0,True,False
00-0038589,Josh Whyle,GB,TE,2500,3.0,True,False
00-0040598,Mark Redman,GB,TE,2500,4.0,True,False
00-0039936,Thomas Yassmin,GB,TE,2500,6.0,True,False
00-0040628,Drake Dabney,GB,TE,2500,,True,False
00-0033757,Robert Tonyan,PIT,TE,2500,3.0,True,False
00-0041263,Lake McRee,PIT,TE,2500,,True,False
00-0041314,Tanner Arkin,NE,TE,2500,4.0,True,False
00-0038564,Cameron Latu,NE,TE,2500,3.0,True,False
00-0038720,Julian Hill,NE,TE,2500,5.0,True,False
00-0036534,Shane Zylstra,NE,TE,2500,,True,False
00-0039050,Payne Durham,TB,TE,2500,2.0,True,False
00-0037311,Ko Kieft,TB,TE,2500,3.0,True,False
00-0038817,Evan Deckers,TB,TE,2500,,True,False
00-0040566,CJ Dippre,TB,TE,2500,,True,False
00-0041087,Joe Royer,CLE,TE,2500,4.0,True,False
00-0039275,Messiah Swinson,CLE,TE,2500,,True,False
00-0039305,Jack Westover,WAS,TE,2500,,True,False
00-0031156,Tyler Ott,WAS,TE,2500,,True,False
00-0038735,Princeton Fant,DAL,TE,2500,4.0,True,False
00-0040938,DJ Rogers,DAL,TE,2500,5.0,True,False
00-0037282,James Mitchell,DAL,TE,2500,,True,False
00-0040939,Michael Trigg,DAL,TE,2500,,True,False
00-0039814,Erick All Jr.,CIN,TE,2500,3.0,True,False
00-0041116,Jack Endries,CIN,TE,2500,4.0,True,False
00-0040379,William Wagner,CIN,TE,2500,,True,False
00-0036556,Brevin Jordan,HOU,TE,2500,5.0,True,False
00-0037340,Zaire Mitchell-Paden,HOU,TE,2500,,True,False
