lineup_id,roster_slot,player_id,player_name,position,team,salary,projection,opponent,stack_target
1,QB,00-0036355,Justin Herbert,QB,LAC,6100,27.31948023551965,PIT,
1,DST,DST_BAL,Ravens,DST,BAL,3400,4.372449178872614,IND,
1,RB1,00-0033280,Christian McCaffrey,RB,SF,8900,17.189371042813175,LA,
1,RB2,00-0032764,Derrick Henry,RB,BAL,6600,12.338874670503545,MIN,
1,WR1,00-0038544,Quentin Johnston,WR,LAC,4700,19.10481441321032,PIT,
1,WR2,00-0039915,Ladd McConkey,WR,LAC,7200,18.50100379408468,PIT,
1,WR3,00-0037740,Garrett Wilson,WR,NYJ,6200,14.502334187697228,CLE,
1,TE,00-0040189,Oronde Gadsden II,TE,LAC,2500,19.16922536203743,PIT,
1,FLEX,00-0037744,Trey McBride,TE,ARI,4400,15.71982160279896,SEA,
