Position,Team,Salary,Id,Nickname,First Name,Last Name,Opponent,AvgPointsPerGame,id_source,name,site,salary,normalized_name,normalized_team,position_upper,player_id,match_method,match_confidence
QB,ARI,8300,1537,Kyler Murray,Kyler,Murray,CHI,23.0925,rotoguru_gid,Kyler Murray,fd,8300,kyler murray,ARI,QB,00-0035228,auto_exact,high
QB,TB,8100,1131,Tom Brady,Tom,Brady,ATL,23.12909090909091,rotoguru_gid,Tom Brady,fd,8100,tom brady,TB,QB,00-0019596,auto_exact,high
QB,LAC,8200,1552,Justin Herbert,Justin,Herbert,CIN,23.227272727272727,rotoguru_gid,Justin Herbert,fd,8200,justin herbert,LAC,QB,00-0036355,auto_exact,high
QB,NO,7000,1530,Taysom Hill,Taysom,Hill,DAL,5.262857142857143,rotoguru_gid,Taysom Hill,fd,7000,taysom hill,NO,QB,00-0033357,auto_fallback_name_only_position_mismatch,low
QB,LA,7800,1340,Matthew Stafford,Matthew,Stafford,JAX,21.57636363636364,rotoguru_gid,Matthew Stafford,fd,7800,matthew stafford,LA,QB,00-0026498,auto_exact,high
QB,NYJ,6300,1566,Zach Wilson,Zach,Wilson,PHI,10.145714285714286,rotoguru_gid,Zach Wilson,fd,6300,zach wilson,NYJ,QB,00-0037013,auto_exact,high
QB,DET,6400,1490,Jared Goff,Jared,Goff,MIN,13.080000000000002,rotoguru_gid,Jared Goff,fd,6400,jared goff,DET,QB,00-0033106,auto_exact,high
QB,MIN,7700,1415,Kirk Cousins,Kirk,Cousins,DET,20.038181818181812,rotoguru_gid,Kirk Cousins,fd,7700,kirk cousins,MIN,QB,00-0029604,auto_exact,high
QB,PIT,6500,1232,Ben Roethlisberger,Ben,Roethlisberger,BAL,14.348,rotoguru_gid,Ben Roethlisberger,fd,6500,ben roethlisberger,PIT,QB,00-0022924,auto_exact,high
QB,PHI,6100,1540,Gardner Minshew,Gardner,Minshew,NYJ,0.44,rotoguru_gid,Gardner Minshew,fd,6100,gardner minshew,PHI,QB,00-0035289,auto_exact,high
QB,BAL,8500,1527,Lamar Jackson,Lamar,Jackson,PIT,23.318,rotoguru_gid,Lamar Jackson,fd,8500,lamar jackson,BAL,QB,00-0034796,auto_exact,high
QB,CIN,7400,1550,Joe Burrow,Joe,Burrow,LAC,18.33636363636364,rotoguru_gid,Joe Burrow,fd,7400,joe burrow,CIN,QB,00-0036442,auto_exact,high
QB,SF,6600,1452,Jimmy Garoppolo,Jimmy,Garoppolo,SEA,15.768,rotoguru_gid,Jimmy Garoppolo,fd,6600,jimmy garoppolo,SF,QB,00-0031345,auto_exact,high
QB,MIA,6900,1551,Tua Tagovailoa,Tua,Tagovailoa,NYG,16.105,rotoguru_gid,Tua Tagovailoa,fd,6900,tua tagovailoa,MIA,QB,00-0036212,auto_exact,high
QB,SEA,7300,1412,Russell Wilson,Russell,Wilson,SF,16.905,rotoguru_gid,Russell Wilson,fd,7300,russell wilson,SEA,QB,00-0029263,auto_exact,high
QB,WAS,7100,1487,Taylor Heinicke,Taylor,Heinicke,LV,17.33818181818182,rotoguru_gid,Taylor Heinicke,fd,7100,taylor heinicke,WAS,QB,00-0031800,auto_exact,high
QB,CHI,6600,1403,Andy Dalton,Andy,Dalton,ARI,9.684,rotoguru_gid,Andy Dalton,fd,6600,andy dalton,CHI,QB,00-0027973,auto_exact,high
QB,DEN,7100,1439,Teddy Bridgewater,Teddy,Bridgewater,KC,15.965454545454548,rotoguru_gid,Teddy Bridgewater,fd,7100,teddy bridgewater,DEN,QB,00-0031237,auto_exact,high
QB,KC,8300,1523,Patrick Mahomes II,Patrick,Mahomes II,DEN,21.89090909090909,rotoguru_gid,Patrick Mahomes II,fd,8300,patrick mahomes,KC,QB,00-0033873,auto_exact,high
QB,LV,7500,1441,Derek Carr,Derek,Carr,WAS,18.078181818181815,rotoguru_gid,Derek Carr,fd,7500,derek carr,LV,QB,00-0031280,auto_exact,high
QB,DAL,8200,1501,Dak Prescott,Dak,Prescott,NO,20.968,rotoguru_gid,Dak Prescott,fd,8200,dak prescott,DAL,QB,00-0033077,auto_exact,high
QB,ATL,6800,1301,Matt Ryan,Matt,Ryan,TB,15.089090909090908,rotoguru_gid,Matt Ryan,fd,6800,matt ryan,ATL,QB,00-0026143,auto_exact,high
QB,BUF,8800,1529,Josh Allen,Josh,Allen,NE,24.467272727272725,rotoguru_gid,Josh Allen,fd,8800,josh allen,BUF,QB,00-0034857,auto_exact,high
QB,IND,7500,1514,Carson Wentz,Carson,Wentz,HOU,17.208333333333332,rotoguru_gid,Carson Wentz,fd,7500,carson wentz,IND,QB,00-0032950,auto_exact,high
QB,JAX,6700,1565,Trevor Lawrence,Trevor,Lawrence,LA,13.805454545454548,rotoguru_gid,Trevor Lawrence,fd,6700,trevor lawrence,JAX,QB,00-0036971,auto_exact,high
QB,NYG,6100,1420,Mike Glennon,Mike,Glennon,MIA,10.04,rotoguru_gid,Mike Glennon,fd,6100,mike glennon,NYG,QB,00-0030520,auto_exact,high
QB,HOU,6100,1574,Davis Mills,Davis,Mills,IND,10.725714285714286,rotoguru_gid,Davis Mills,fd,6100,davis mills,HOU,QB,00-0036898,auto_exact,high
QB,HOU,7000,1400,Tyrod Taylor,Tyrod,Taylor,IND,16.887999999999998,rotoguru_gid,Tyrod Taylor,fd,7000,tyrod taylor,HOU,QB,00-0028118,auto_exact,high
QB,NE,6800,1572,Mac Jones,Mac,Jones,BUF,14.761666666666663,rotoguru_gid,Mac Jones,fd,6800,mac jones,NE,QB,00-0036972,auto_exact,high
QB,JAX,6100,1520,C.J. Beathard,C.J.,Beathard,LA,1.32,rotoguru_gid,C.J. Beathard,fd,6100,cj beathard,JAX,QB,00-0033936,auto_exact,high
QB,LA,6100,1563,John Wolford,John,Wolford,JAX,-0.45,rotoguru_gid,John Wolford,fd,6100,john wolford,LA,QB,00-0034899,auto_exact,high
QB,LV,6200,1466,Marcus Mariota,Marcus,Mariota,WAS,2.1,rotoguru_gid,Marcus Mariota,fd,6200,marcus mariota,LV,QB,00-0032268,auto_exact,high
QB,ATL,6000,1575,Feleipe Franks,Feleipe,Franks,TB,-0.0666666666666666,rotoguru_gid,Feleipe Franks,fd,6000,feleipe franks,ATL,QB,00-0036825,auto_fallback_name_only_position_mismatch,low
QB,IND,6000,1570,Sam Ehlinger,Sam,Ehlinger,HOU,0.5,rotoguru_gid,Sam Ehlinger,fd,6000,sam ehlinger,IND,QB,00-0036879,auto_exact,high
RB,DEN,5700,5905,Javonte Williams,Javonte,Williams,KC,9.6,rotoguru_gid,Javonte Williams,fd,5700,javonte williams,DEN,RB,00-0036997,auto_exact,high
RB,IND,10500,5820,Jonathan Taylor,Jonathan,Taylor,HOU,22.175,rotoguru_gid,Jonathan Taylor,fd,10500,jonathan taylor,IND,RB,00-0036223,auto_exact,high
RB,CHI,6500,5713,David Montgomery,David,Montgomery,ARI,10.2375,rotoguru_gid,David Montgomery,fd,6500,david montgomery,CHI,RB,00-0035685,auto_exact,high
RB,LA,5300,5615,Sony Michel,Sony,Michel,JAX,4.745454545454546,rotoguru_gid,Sony Michel,fd,5300,sony michel,LA,RB,00-0034845,auto_exact,high
RB,MIN,8700,5720,Alexander Mattison,Alexander,Mattison,DET,6.081818181818182,rotoguru_gid,Alexander Mattison,fd,8700,alexander mattison,MIN,RB,00-0034972,auto_exact,high
RB,WAS,6200,5827,Antonio Gibson,Antonio,Gibson,LV,12.318181818181818,rotoguru_gid,Antonio Gibson,fd,6200,antonio gibson,WAS,RB,00-0036328,auto_exact,high
RB,LV,7000,5712,Josh Jacobs,Josh,Jacobs,WAS,12.533333333333331,rotoguru_gid,Josh Jacobs,fd,7000,josh jacobs,LV,RB,00-0035700,auto_exact,high
RB,TB,7700,5534,Leonard Fournette,Leonard,Fournette,ATL,15.536363636363635,rotoguru_gid,Leonard Fournette,fd,7700,leonard fournette,TB,RB,00-0033856,auto_exact,high
RB,BAL,6100,2930,Devonta Freeman,Devonta,Freeman,PIT,7.790000000000001,rotoguru_gid,Devonta Freeman,fd,6100,devonta freeman,BAL,RB,00-0031285,auto_exact,high
RB,ARI,7300,5537,James Conner,James,Conner,CHI,14.52727272727273,rotoguru_gid,James Conner,fd,7300,james conner,ARI,RB,00-0033553,auto_exact,high
RB,PHI,4900,5910,Kenny Gainwell,Kenny,Gainwell,NYJ,6.5,rotoguru_gid,Kenny Gainwell,fd,4900,kenny gainwell,PHI,RB,00-0036919,auto_exact,high
RB,NE,6000,5715,Damien Harris,Damien,Harris,BUF,11.2,rotoguru_gid,Damien Harris,fd,6000,damien harris,NE,RB,00-0035657,auto_exact,high
RB,SEA,5300,5738,Travis Homer,Travis,Homer,SF,3.09,rotoguru_gid,Travis Homer,fd,5300,travis homer,SEA,RB,00-0035594,auto_exact,high
RB,SF,7600,5947,Elijah Mitchell,Elijah,Mitchell,SEA,13.8875,rotoguru_gid,Elijah Mitchell,fd,7600,elijah mitchell,SF,RB,00-0036567,auto_exact,high
RB,PHI,6600,5714,Miles Sanders,Miles,Sanders,NYJ,7.51111111111111,rotoguru_gid,Miles Sanders,fd,6600,miles sanders,PHI,RB,00-0035243,auto_exact,high
RB,ATL,5600,5320,Mike Davis,Mike,Davis,TB,6.509090909090909,rotoguru_gid,Mike Davis,fd,5600,mike davis,ATL,RB,00-0032063,auto_exact,high
RB,LAC,9000,5575,Austin Ekeler,Austin,Ekeler,CIN,19.745454545454542,rotoguru_gid,Austin Ekeler,fd,9000,austin ekeler,LAC,RB,00-0033699,auto_exact,high
RB,DAL,5900,5718,Tony Pollard,Tony,Pollard,NO,9.563636363636364,rotoguru_gid,Tony Pollard,fd,5900,tony pollard,DAL,RB,00-0035261,auto_exact,high
RB,PIT,8000,5904,Najee Harris,Najee,Harris,BAL,15.80909090909091,rotoguru_gid,Najee Harris,fd,8000,najee harris,PIT,RB,00-0036893,auto_exact,high
RB,ATL,7400,5208,Cordarrelle Patterson,Cordarrelle,Patterson,TB,16.56,rotoguru_gid,Cordarrelle Patterson,fd,7400,cordarrelle patterson,ATL,RB,00-0030578,auto_exact,high
RB,NYG,7200,5614,Saquon Barkley,Saquon,Barkley,MIA,9.175,rotoguru_gid,Saquon Barkley,fd,7200,saquon barkley,NYG,RB,00-0034844,auto_exact,high
RB,KC,6300,5818,Clyde Edwards-Helaire,Clyde,Edwards-Helaire,DEN,10.516666666666666,rotoguru_gid,Clyde Edwards-Helaire,fd,6300,clyde edwards helaire,KC,RB,00-0036360,auto_exact,high
RB,KC,6300,5708,Darrel Williams,Darrel,Williams,DEN,10.0,rotoguru_gid,Darrel Williams,fd,6300,darrel williams,KC,RB,00-0034301,auto_exact,high
RB,CIN,9400,5535,Joe Mixon,Joe,Mixon,LAC,18.418181818181814,rotoguru_gid,Joe Mixon,fd,9400,joe mixon,CIN,RB,00-0033897,auto_exact,high
RB,NYJ,5800,2994,Tevin Coleman,Tevin,Coleman,PHI,3.514285714285714,rotoguru_gid,Tevin Coleman,fd,5800,tevin coleman,NYJ,RB,00-0032058,auto_exact,high
RB,DET,6500,5541,Jamaal Williams,Jamaal,Williams,MIN,8.11111111111111,rotoguru_gid,Jamaal Williams,fd,6500,jamaal williams,DET,RB,00-0033948,auto_exact,high
RB,IND,4500,5972,Deon Jackson,Deon,Jackson,HOU,0.6,rotoguru_gid,Deon Jackson,fd,4500,deon jackson,IND,RB,00-0036493,auto_exact,high
RB,NE,5900,5918,Rhamondre Stevenson,Rhamondre,Stevenson,BUF,8.5875,rotoguru_gid,Rhamondre Stevenson,fd,5900,rhamondre stevenson,NE,RB,00-0036875,auto_exact,high
RB,SEA,0,2553,Adrian Peterson,Adrian,Peterson,SF,5.666666666666667,rotoguru_gid,Adrian Peterson,fd,0,adrian peterson,SEA,RB,00-0025394,auto_exact,high
RB,NYG,6000,5468,Devontae Booker,Devontae,Booker,MIA,8.129999999999999,rotoguru_gid,Devontae Booker,fd,6000,devontae booker,NYG,RB,00-0032972,auto_exact,high
RB,IND,5300,5623,Nyheim Hines,Nyheim,Hines,HOU,5.766666666666667,rotoguru_gid,Nyheim Hines,fd,5300,nyheim hines,IND,RB,00-0034367,auto_exact,high
RB,JAX,5100,2933,Carlos Hyde,Carlos,Hyde,LA,3.17,rotoguru_gid,Carlos Hyde,fd,5100,carlos hyde,JAX,RB,00-0031045,auto_exact,high
RB,SEA,5000,5618,Rashaad Penny,Rashaad,Penny,SF,1.075,rotoguru_gid,Rashaad Penny,fd,5000,rashaad penny,SEA,RB,00-0034750,auto_exact,high
RB,NE,4900,2874,Brandon Bolden,Brandon,Bolden,BUF,5.433333333333333,rotoguru_gid,Brandon Bolden,fd,4900,brandon bolden,NE,RB,00-0029239,auto_exact,high
RB,DEN,4500,5662,Mike Boone,Mike,Boone,KC,0.2,rotoguru_gid,Mike Boone,fd,4500,mike boone,DEN,RB,00-0034208,auto_exact,high
RB,MIA,6400,5789,Myles Gaskin,Myles,Gaskin,NYG,10.908333333333331,rotoguru_gid,Myles Gaskin,fd,6400,myles gaskin,MIA,RB,00-0035311,auto_exact,high
RB,DAL,8400,5444,Ezekiel Elliott,Ezekiel,Elliott,NO,15.450909090909091,rotoguru_gid,Ezekiel Elliott,fd,8400,ezekiel elliott,DAL,RB,00-0033045,auto_exact,high
RB,CIN,5000,5538,Samaje Perine,Samaje,Perine,LAC,5.05,rotoguru_gid,Samaje Perine,fd,5000,samaje perine,CIN,RB,00-0033526,auto_exact,high
RB,HOU,5300,2890,Rex Burkhead,Rex,Burkhead,IND,2.6100000000000003,rotoguru_gid,Rex Burkhead,fd,5300,rex burkhead,HOU,RB,00-0030288,auto_exact,high
RB,NO,4700,5392,Ty Montgomery,Ty,Montgomery,DAL,1.8555555555555556,rotoguru_gid,Ty Montgomery,fd,4700,ty montgomery,NO,RB,00-0032200,auto_fallback_name_only_position_mismatch,low
RB,BAL,5900,2899,Latavius Murray,Latavius,Murray,PIT,6.925,rotoguru_gid,Latavius Murray,fd,5900,latavius murray,BAL,RB,00-0030513,auto_exact,high
RB,BUF,5700,5824,Zack Moss,Zack,Moss,NE,8.899999999999999,rotoguru_gid,Zack Moss,fd,5700,zack moss,BUF,RB,00-0036251,auto_exact,high
RB,BUF,5800,5717,Devin Singletary,Devin,Singletary,NE,7.518181818181818,rotoguru_gid,Devin Singletary,fd,5800,devin singletary,BUF,RB,00-0035250,auto_exact,high
RB,WAS,4500,5473,Wendell Smallwood,Wendell,Smallwood,LV,,rotoguru_gid,Wendell Smallwood,fd,4500,wendell smallwood,WAS,RB,00-0032782,auto_exact,high
RB,CHI,5100,5912,Khalil Herbert,Khalil,Herbert,ARI,4.745454545454545,rotoguru_gid,Khalil Herbert,fd,5100,khalil herbert,CHI,RB,00-0036906,auto_exact,high
RB,LAC,5000,5682,Justin Jackson,Justin,Jackson,CIN,2.15,rotoguru_gid,Justin Jackson,fd,5000,justin jackson,LAC,RB,00-0034440,auto_exact,high
RB,NO,6600,2793,Mark Ingram,Mark,Ingram,DAL,7.954545454545454,rotoguru_gid,Mark Ingram,fd,6600,mark ingram,NO,RB,00-0027966,auto_exact,high
RB,SF,4600,2908,Kyle Juszczyk,Kyle,Juszczyk,SEA,3.5545454545454547,rotoguru_gid,Kyle Juszczyk,fd,4600,kyle juszczyk,SF,RB,00-0029892,auto_exact,high
RB,DET,5200,5950,Godwin Igwebuike,Godwin,Igwebuike,MIN,5.025,rotoguru_gid,Godwin Igwebuike,fd,5200,godwin igwebuike,DET,RB,00-0034614,auto_exact,high
RB,HOU,4600,5620,Royce Freeman,Royce,Freeman,IND,1.1888888888888889,rotoguru_gid,Royce Freeman,fd,4600,royce freeman,HOU,RB,00-0034838,auto_exact,high
RB,NYJ,5300,5742,Ty Johnson,Ty,Johnson,PHI,6.745454545454546,rotoguru_gid,Ty Johnson,fd,5300,ty johnson,NYJ,RB,00-0035537,auto_exact,high
RB,MIN,4500,5581,C.J. Ham,C.J.,Ham,DET,1.554545454545455,rotoguru_gid,C.J. Ham,fd,4500,cj ham,MIN,RB,00-0032918,auto_exact,high
RB,MIA,5100,5886,Salvon Ahmed,Salvon,Ahmed,NYG,2.7545454545454544,rotoguru_gid,Salvon Ahmed,fd,5100,salvon ahmed,MIA,RB,00-0036020,auto_exact,high
RB,NYJ,5400,5887,Austin Walter,Austin,Walter,PHI,9.8,rotoguru_gid,Austin Walter,fd,5400,austin walter,NYJ,RB,00-0035187,auto_exact,high
RB,ATL,4800,5722,Qadree Ollison,Qadree,Ollison,TB,2.2,rotoguru_gid,Qadree Ollison,fd,4800,qadree ollison,ATL,RB,00-0035273,auto_exact,high
RB,JAX,7100,5849,James Robinson,James,Robinson,LA,13.87,rotoguru_gid,James Robinson,fd,7100,james robinson,JAX,RB,00-0035831,auto_exact,high
RB,ARI,5000,5915,Eno Benjamin,Eno,Benjamin,CHI,3.06,rotoguru_gid,Eno Benjamin,fd,5000,eno benjamin,ARI,RB,00-0036383,auto_exact,high
RB,DET,5500,5913,Jermar Jefferson,Jermar,Jefferson,MIN,5.25,rotoguru_gid,Jermar Jefferson,fd,5500,jermar jefferson,DET,RB,00-0036670,auto_exact,high
RB,TB,4800,2889,Giovani Bernard,Giovani,Bernard,ATL,4.61,rotoguru_gid,Giovani Bernard,fd,4800,giovani bernard,TB,RB,00-0030456,auto_exact,high
RB,MIN,5300,5968,Kene Nwangwu,Kene,Nwangwu,DET,3.4000000000000004,rotoguru_gid,Kene Nwangwu,fd,5300,kene nwangwu,MIN,RB,00-0036842,auto_exact,high
RB,BAL,4600,5743,Patrick Ricard,Patrick,Ricard,PIT,1.3909090909090909,rotoguru_gid,Patrick Ricard,fd,4600,patrick ricard,BAL,RB,00-0033376,auto_exact,high
RB,BUF,5300,5567,Matt Breida,Matt,Breida,NE,7.3199999999999985,rotoguru_gid,Matt Breida,fd,5300,matt breida,BUF,RB,00-0033308,auto_exact,high
RB,LV,5400,5446,Kenyan Drake,Kenyan,Drake,WAS,7.836363636363637,rotoguru_gid,Kenyan Drake,fd,5400,kenyan drake,LV,RB,00-0033118,auto_exact,high
RB,PIT,4900,5740,Benny Snell,Benny,Snell,BAL,0.5,rotoguru_gid,Benny Snell,fd,4900,benny snell,PIT,RB,00-0035217,auto_exact,high
RB,WAS,4600,5644,Alex Armah,Alex,Armah,LV,0.9666666666666666,rotoguru_gid,Alex Armah,fd,4600,alex armah,WAS,RB,00-0033296,auto_exact,high
RB,LV,5000,5507,Peyton Barber,Peyton,Barber,WAS,6.3,rotoguru_gid,Peyton Barber,fd,5000,peyton barber,LV,RB,00-0032741,auto_exact,high
RB,ATL,4500,5492,Keith Smith,Keith,Smith,TB,1.0636363636363635,rotoguru_gid,Keith Smith,fd,4500,keith smith,ATL,RB,00-0030968,auto_exact,high
RB,TB,5300,5617,Ronald Jones,Ronald,Jones,ATL,4.209090909090909,rotoguru_gid,Ronald Jones,fd,5300,ronald jones,TB,RB,00-0034816,auto_exact,high
RB,LA,4500,5953,Mekhi Sargent,Mekhi,Sargent,JAX,0.1,rotoguru_gid,Mekhi Sargent,fd,4500,mekhi sargent,LA,RB,00-0036698,auto_fallback_team_mismatch,medium
RB,KC,4500,5415,Michael Burton,Michael,Burton,DEN,0.25,rotoguru_gid,Michael Burton,fd,4500,michael burton,KC,RB,00-0031595,auto_exact,high
RB,HOU,4600,5688,Jaylen Samuels,Jaylen,Samuels,IND,,rotoguru_gid,Jaylen Samuels,fd,4600,jaylen samuels,HOU,RB,00-0034331,auto_exact,high
RB,WAS,5400,5951,Jaret Patterson,Jaret,Patterson,LV,1.1181818181818182,rotoguru_gid,Jaret Patterson,fd,5400,jaret patterson,WAS,RB,00-0036755,auto_exact,high
RB,SF,5300,5703,Jeff Wilson Jr.,Jeff,Wilson Jr.,SEA,3.433333333333333,rotoguru_gid,Jeff Wilson Jr.,fd,5300,jeff wilson,SF,RB,00-0034115,auto_exact,high
RB,NO,4700,5483,Dwayne Washington,Dwayne,Washington,DAL,0.4222222222222222,rotoguru_gid,Dwayne Washington,fd,4700,dwayne washington,NO,RB,00-0032450,auto_exact,high
RB,NE,4500,5778,Jakob Johnson,Jakob,Johnson,BUF,0.4083333333333334,rotoguru_gid,Jakob Johnson,fd,4500,jakob johnson,NE,RB,00-0035726,auto_exact,high
RB,SEA,4500,5663,Nick Bellore,Nick,Bellore,SF,0.0,rotoguru_gid,Nick Bellore,fd,4500,nick bellore,SEA,RB,00-0028292,auto_fallback_name_only_position_mismatch,low
RB,SEA,5500,5873,DeeJay Dallas,DeeJay,Dallas,SF,2.663636363636364,rotoguru_gid,DeeJay Dallas,fd,5500,deejay dallas,SEA,RB,00-0036425,auto_exact,high
RB,CIN,4500,5888,Trayveon Williams,Trayveon,Williams,LAC,0.65,rotoguru_gid,Trayveon Williams,fd,4500,trayveon williams,CIN,RB,00-0035291,auto_exact,high
RB,NYJ,4500,5741,Nick Bawden,Nick,Bawden,PHI,1.25,rotoguru_gid,Nick Bawden,fd,4500,nick bawden,NYJ,RB,00-0034433,auto_exact,high
RB,CHI,4500,5815,Ryan Nall,Ryan,Nall,ARI,0.1857142857142857,rotoguru_gid,Ryan Nall,fd,4500,ryan nall,CHI,RB,00-0034597,auto_exact,high
RB,NYG,4500,5762,Cullen Gillaspia,Cullen,Gillaspia,MIA,0.0,rotoguru_gid,Cullen Gillaspia,fd,4500,cullen gillaspia,NYG,RB,00-0035304,auto_exact,high
RB,CIN,4500,5978,Pooka Williams Jr.,Pooka,Williams Jr.,LAC,,rotoguru_gid,Pooka Williams Jr.,fd,4500,pooka williams,CIN,RB,00-0036734,auto_exact,high
RB,NYG,4900,5588,Elijhaa Penny,Elijhaa,Penny,MIA,1.6181818181818182,rotoguru_gid,Elijhaa Penny,fd,4900,elijhaa penny,NYG,RB,00-0032813,auto_exact,high
RB,PHI,6600,5624,Boston Scott,Boston,Scott,NYJ,4.95,rotoguru_gid,Boston Scott,fd,6600,boston scott,PHI,RB,00-0034414,auto_exact,high
RB,LAC,5200,5829,Joshua Kelley,Joshua,Kelley,CIN,1.5,rotoguru_gid,Joshua Kelley,fd,5200,joshua kelley,LAC,RB,00-0036370,auto_exact,high
RB,MIA,4700,5788,Patrick Laird,Patrick,Laird,NYG,0.72,rotoguru_gid,Patrick Laird,fd,4700,patrick laird,MIA,RB,00-0035342,auto_exact,high
RB,PIT,5000,5628,Kalen Ballage,Kalen,Ballage,BAL,0.4909090909090909,rotoguru_gid,Kalen Ballage,fd,5000,kalen ballage,PIT,RB,00-0034799,auto_exact,high
RB,KC,5500,5963,Derrick Gore,Derrick,Gore,DEN,4.075,rotoguru_gid,Derrick Gore,fd,5500,derrick gore,KC,RB,00-0035715,auto_exact,high
RB,PIT,4500,5504,Derek Watt,Derek,Watt,BAL,0.2727272727272727,rotoguru_gid,Derek Watt,fd,4500,derek watt,PIT,RB,00-0032897,auto_exact,high
RB,NYG,4600,5922,Gary Brightwell,Gary,Brightwell,MIA,0.15,rotoguru_gid,Gary Brightwell,fd,4600,gary brightwell,NYG,RB,00-0036569,auto_exact,high
RB,JAX,4600,5697,Dare Ogunbowale,Dare,Ogunbowale,LA,0.5454545454545454,rotoguru_gid,Dare Ogunbowale,fd,4600,dare ogunbowale,JAX,RB,00-0033854,auto_exact,high
RB,TB,4500,5823,Ke'Shawn Vaughn,Ke'Shawn,Vaughn,ATL,0.5166666666666667,rotoguru_gid,Ke'Shawn Vaughn,fd,4500,keshawn vaughn,TB,RB,00-0036450,auto_exact,high
RB,DEN,4500,5721,Damarea Crockett,Damarea,Crockett,KC,0.0875,rotoguru_gid,Damarea Crockett,fd,4500,damarea crockett,DEN,RB,00-0035448,auto_exact,high
RB,NO,4500,5975,Adam Prentice,Adam,Prentice,DAL,1.5,rotoguru_gid,Adam Prentice,fd,4500,adam prentice,NO,RB,00-0036727,auto_exact,high
RB,BUF,4500,2820,Taiwan Jones,Taiwan,Jones,NE,0.0,rotoguru_gid,Taiwan Jones,fd,4500,taiwan jones,BUF,RB,00-0028063,auto_exact,high
RB,LAC,4800,5919,Larry Rountree,Larry,Rountree,CIN,1.677777777777778,rotoguru_gid,Larry Rountree,fd,4800,larry rountree,LAC,RB,00-0036650,auto_exact,high
RB,DAL,4600,5583,Corey Clement,Corey,Clement,NO,0.2727272727272727,rotoguru_gid,Corey Clement,fd,4600,corey clement,DAL,RB,00-0033725,auto_exact,high
RB,SF,5000,5865,JaMycal Hasty,JaMycal,Hasty,SEA,5.28,rotoguru_gid,JaMycal Hasty,fd,5000,jamycal hasty,SF,RB,00-0035806,auto_exact,high
RB,SF,4500,5657,Trenton Cannon,Trenton,Cannon,SEA,-0.1454545454545454,rotoguru_gid,Trenton Cannon,fd,4500,trenton cannon,SF,RB,00-0034164,auto_exact,high
RB,BAL,4500,5980,Nate McCrary,Nate,McCrary,PIT,,rotoguru_gid,Nate McCrary,fd,4500,nate mccrary,BAL,RB,00-0036582,auto_exact,high
WR,MIN,8000,5835,Justin Jefferson,Justin,Jefferson,DET,15.69090909090909,rotoguru_gid,Justin Jefferson,fd,8000,justin jefferson,MIN,WR,00-0036322,auto_exact,high
WR,PIT,7200,5754,Diontae Johnson,Diontae,Johnson,BAL,14.05,rotoguru_gid,Diontae Johnson,fd,7200,diontae johnson,PIT,WR,00-0035216,auto_exact,high
WR,CIN,6600,5839,Tee Higgins,Tee,Higgins,LAC,10.61111111111111,rotoguru_gid,Tee Higgins,fd,6600,tee higgins,CIN,WR,00-0036410,auto_exact,high
WR,LA,9000,5552,Cooper Kupp,Cooper,Kupp,JAX,21.018181818181816,rotoguru_gid,Cooper Kupp,fd,9000,cooper kupp,LA,WR,00-0033908,auto_exact,high
WR,TB,7600,5579,Chris Godwin,Chris,Godwin,ATL,13.390909090909092,rotoguru_gid,Chris Godwin,fd,7600,chris godwin,TB,WR,00-0033921,auto_exact,high
WR,LAC,7300,5198,Keenan Allen,Keenan,Allen,CIN,12.909090909090908,rotoguru_gid,Keenan Allen,fd,7300,keenan allen,LAC,WR,00-0030279,auto_exact,high
WR,DET,5400,5928,Amon-Ra St. Brown,Amon-Ra,St. Brown,MIN,5.154545454545455,rotoguru_gid,Amon-Ra St. Brown,fd,5400,amon ra st brown,DET,WR,00-0036963,auto_exact,high
WR,NO,5200,5760,Deonte Harris,Deonte,Harris,DAL,6.909999999999999,rotoguru_gid,Deonte Harris,fd,5200,deonte harris,NO,WR,00-0035215,manual_override,high
WR,NYJ,6100,5927,Elijah Moore,Elijah,Moore,PHI,9.91,rotoguru_gid,Elijah Moore,fd,6100,elijah moore,NYJ,WR,00-0036980,auto_exact,high
WR,LAC,4900,5801,Jalen Guyton,Jalen,Guyton,CIN,2.7545454545454544,rotoguru_gid,Jalen Guyton,fd,4900,jalen guyton,LAC,WR,00-0035414,auto_exact,high
WR,ATL,5900,5680,Russell Gage,Russell,Gage,TB,6.5625,rotoguru_gid,Russell Gage,fd,5900,russell gage,ATL,WR,00-0034411,auto_exact,high
WR,SEA,6900,5386,Tyler Lockett,Tyler,Lockett,SF,11.3,rotoguru_gid,Tyler Lockett,fd,6900,tyler lockett,SEA,WR,00-0032211,auto_exact,high
WR,DAL,7700,5831,CeeDee Lamb,CeeDee,Lamb,NO,13.8,rotoguru_gid,CeeDee Lamb,fd,7700,ceedee lamb,DAL,WR,00-0036358,auto_exact,high
WR,LV,6400,5761,Hunter Renfrow,Hunter,Renfrow,WAS,11.136363636363637,rotoguru_gid,Hunter Renfrow,fd,6400,hunter renfrow,LV,WR,00-0034983,auto_exact,high
WR,CHI,4800,5486,Jakeem Grant,Jakeem,Grant,ARI,0.0,rotoguru_gid,Jakeem Grant,fd,4800,jakeem grant,CHI,WR,00-0032791,auto_exact,high
WR,IND,6800,5837,Michael Pittman Jr.,Michael,Pittman Jr.,HOU,11.816666666666668,rotoguru_gid,Michael Pittman Jr.,fd,6800,michael pittman,IND,WR,00-0036252,auto_exact,high
WR,MIA,6900,5926,Jaylen Waddle,Jaylen,Waddle,NYG,11.891666666666666,rotoguru_gid,Jaylen Waddle,fd,6900,jaylen waddle,MIA,WR,00-0036613,auto_exact,high
WR,LAC,6500,5594,Mike Williams,Mike,Williams,CIN,13.036363636363635,rotoguru_gid,Mike Williams,fd,6500,mike williams,LAC,WR,00-0033536,auto_exact,high
WR,TB,7400,5253,Mike Evans,Mike,Evans,ATL,14.136363636363637,rotoguru_gid,Mike Evans,fd,7400,mike evans,TB,WR,00-0031408,auto_exact,high
WR,LA,5800,5844,Van Jefferson,Van,Jefferson,JAX,8.954545454545455,rotoguru_gid,Van Jefferson,fd,5800,van jefferson,LA,WR,00-0036415,auto_exact,high
WR,MIN,5000,5859,K.J. Osborn,K.J.,Osborn,DET,5.909090909090909,rotoguru_gid,K.J. Osborn,fd,5000,kj osborn,MIN,WR,00-0036345,auto_exact,high
WR,DAL,6500,5634,Michael Gallup,Michael,Gallup,NO,7.825,rotoguru_gid,Michael Gallup,fd,6500,michael gallup,DAL,WR,00-0034764,auto_exact,high
WR,BAL,5500,5252,Sammy Watkins,Sammy,Watkins,PIT,5.625,rotoguru_gid,Sammy Watkins,fd,5500,sammy watkins,BAL,WR,00-0031325,auto_exact,high
WR,NO,4700,5771,Lil'Jordan Humphrey,Lil'Jordan,Humphrey,DAL,3.26,rotoguru_gid,Lil'Jordan Humphrey,fd,4700,liljordan humphrey,NO,WR,00-0035406,auto_exact,high
WR,CIN,5700,5455,Tyler Boyd,Tyler,Boyd,LAC,7.758181818181819,rotoguru_gid,Tyler Boyd,fd,5700,tyler boyd,CIN,WR,00-0033009,auto_exact,high
WR,SEA,4600,5935,D'Wayne Eskridge,D'Wayne,Eskridge,SF,1.35,rotoguru_gid,D'Wayne Eskridge,fd,4600,dwayne eskridge,SEA,WR,00-0036620,manual_override,high
WR,ARI,7200,5206,DeAndre Hopkins,DeAndre,Hopkins,CHI,13.5125,rotoguru_gid,DeAndre Hopkins,fd,7200,deandre hopkins,ARI,WR,00-0030564,auto_exact,high
WR,BUF,4800,5858,Gabriel Davis,Gabriel,Davis,NE,4.7,rotoguru_gid,Gabriel Davis,fd,4800,gabriel davis,BUF,WR,00-0036196,manual_override,high
WR,LA,6000,5323,Odell Beckham Jr.,Odell,Beckham Jr.,JAX,6.5625,rotoguru_gid,Odell Beckham Jr.,fd,6000,odell beckham,LA,WR,00-0031235,auto_exact,high
WR,DEN,6100,5832,Jerry Jeudy,Jerry,Jeudy,KC,7.52,rotoguru_gid,Jerry Jeudy,fd,6100,jerry jeudy,DEN,WR,00-0036407,auto_exact,high
WR,DET,5100,5582,Josh Reynolds,Josh,Reynolds,MIN,4.071428571428571,rotoguru_gid,Josh Reynolds,fd,5100,josh reynolds,DET,WR,00-0033943,auto_exact,high
WR,MIA,5400,5380,DeVante Parker,DeVante,Parker,NYG,10.24,rotoguru_gid,DeVante Parker,fd,5400,devante parker,MIA,WR,00-0031547,auto_exact,high
WR,SEA,7300,5725,D.K. Metcalf,D.K.,Metcalf,SF,12.409090909090908,rotoguru_gid,D.K. Metcalf,fd,7300,dk metcalf,SEA,WR,00-0035640,auto_exact,high
WR,JAX,4900,5453,Laquon Treadwell,Laquon,Treadwell,LA,1.8666666666666665,rotoguru_gid,Laquon Treadwell,fd,4900,laquon treadwell,JAX,WR,00-0032951,auto_exact,high
WR,NYJ,5500,5410,Jamison Crowder,Jamison,Crowder,PHI,8.0,rotoguru_gid,Jamison Crowder,fd,5500,jamison crowder,NYJ,WR,00-0031941,auto_exact,high
WR,BAL,7100,5730,Marquise Brown,Marquise,Brown,PIT,14.35,rotoguru_gid,Marquise Brown,fd,7100,marquise brown,BAL,WR,00-0035662,auto_exact,high
WR,CIN,7500,5924,Ja'Marr Chase,Ja'Marr,Chase,LAC,14.827272727272726,rotoguru_gid,Ja'Marr Chase,fd,7500,jamarr chase,CIN,WR,00-0036900,auto_exact,high
WR,PHI,5300,5895,Quez Watkins,Quez,Watkins,NYJ,4.95,rotoguru_gid,Quez Watkins,fd,5300,quez watkins,PHI,WR,00-0036271,auto_exact,high
WR,BUF,8300,5424,Stefon Diggs,Stefon,Diggs,NE,14.563636363636364,rotoguru_gid,Stefon Diggs,fd,8300,stefon diggs,BUF,WR,00-0031588,auto_exact,high
WR,MIA,4800,5578,Mack Hollins,Mack,Hollins,NYG,3.483333333333333,rotoguru_gid,Mack Hollins,fd,4800,mack hollins,MIA,WR,00-0033555,auto_exact,high
WR,SF,7000,5830,Brandon Aiyuk,Brandon,Aiyuk,SEA,7.136363636363637,rotoguru_gid,Brandon Aiyuk,fd,7000,brandon aiyuk,SF,WR,00-0036261,auto_exact,high
WR,HOU,6700,5255,Brandin Cooks,Brandin,Cooks,IND,10.9,rotoguru_gid,Brandin Cooks,fd,6700,brandin cooks,HOU,WR,00-0031236,auto_exact,high
WR,MIA,4700,5706,Isaiah Ford,Isaiah,Ford,NYG,2.5375,rotoguru_gid,Isaiah Ford,fd,4700,isaiah ford,MIA,WR,00-0033471,auto_exact,high
WR,IND,5000,5798,Ashton Dulin,Ashton,Dulin,HOU,2.1333333333333333,rotoguru_gid,Ashton Dulin,fd,5000,ashton dulin,IND,WR,00-0035021,auto_exact,high
WR,PIT,6500,5861,Chase Claypool,Chase,Claypool,BAL,10.055555555555555,rotoguru_gid,Chase Claypool,fd,6500,chase claypool,PIT,WR,00-0036326,auto_exact,high
WR,ATL,5200,5799,Olamide Zaccheaus,Olamide,Zaccheaus,TB,4.5181818181818185,rotoguru_gid,Olamide Zaccheaus,fd,5200,olamide zaccheaus,ATL,WR,00-0035208,auto_exact,high
WR,WAS,4800,5412,Adam Humphries,Adam,Humphries,LV,3.5818181818181816,rotoguru_gid,Adam Humphries,fd,4800,adam humphries,WAS,WR,00-0032009,auto_exact,high
WR,NYG,5800,5554,Kenny Golladay,Kenny,Golladay,MIA,6.0875,rotoguru_gid,Kenny Golladay,fd,5800,kenny golladay,NYG,WR,00-0033932,auto_exact,high
WR,CHI,6700,5857,Darnell Mooney,Darnell,Mooney,ARI,10.827272727272726,rotoguru_gid,Darnell Mooney,fd,6700,darnell mooney,CHI,WR,00-0036309,auto_exact,high
WR,DAL,7000,5376,Amari Cooper,Amari,Cooper,NO,12.255555555555556,rotoguru_gid,Amari Cooper,fd,7000,amari cooper,DAL,WR,00-0031544,auto_exact,high
WR,CHI,5000,5531,Damiere Byrd,Damiere,Byrd,ARI,1.0818181818181818,rotoguru_gid,Damiere Byrd,fd,5000,damiere byrd,CHI,WR,00-0031868,auto_exact,high
WR,MIA,5100,5339,Albert Wilson,Albert,Wilson,NYG,2.6727272727272724,rotoguru_gid,Albert Wilson,fd,5100,albert wilson,MIA,WR,00-0030669,auto_exact,high
WR,JAX,5400,5847,Laviska Shenault Jr.,Laviska,Shenault Jr.,LA,6.145454545454545,rotoguru_gid,Laviska Shenault Jr.,fd,5400,laviska shenault,JAX,WR,00-0036268,auto_exact,high
WR,LV,5100,5854,Bryan Edwards,Bryan,Edwards,WAS,6.145454545454546,rotoguru_gid,Bryan Edwards,fd,5100,bryan edwards,LV,WR,00-0036365,auto_exact,high
WR,DET,5200,5520,Kalif Raymond,Kalif,Raymond,MIN,6.127272727272728,rotoguru_gid,Kalif Raymond,fd,5200,kalif raymond,DET,WR,00-0032464,auto_exact,high
WR,LA,4800,5962,Ben Skowronek,Ben,Skowronek,JAX,1.45,rotoguru_gid,Ben Skowronek,fd,4800,ben skowronek,LA,WR,00-0036862,auto_exact,high
WR,BUF,5800,3983,Emmanuel Sanders,Emmanuel,Sanders,NE,9.181818181818182,rotoguru_gid,Emmanuel Sanders,fd,5800,emmanuel sanders,BUF,WR,00-0027685,auto_exact,high
WR,WAS,7200,5757,Terry McLaurin,Terry,McLaurin,LV,12.618181818181816,rotoguru_gid,Terry McLaurin,fd,7200,terry mclaurin,WAS,WR,00-0035659,auto_exact,high
WR,LV,5300,5557,Zay Jones,Zay,Jones,WAS,3.363636363636364,rotoguru_gid,Zay Jones,fd,5300,zay jones,LV,WR,00-0033891,auto_exact,high
WR,SEA,4700,5853,Freddie Swain,Freddie,Swain,SF,4.5,rotoguru_gid,Freddie Swain,fd,4700,freddie swain,SEA,WR,00-0036247,auto_exact,high
WR,KC,8500,5485,Tyreek Hill,Tyreek,Hill,DEN,17.327272727272728,rotoguru_gid,Tyreek Hill,fd,8500,tyreek hill,KC,WR,00-0033040,auto_exact,high
WR,IND,5700,5151,T.Y. Hilton,T.Y.,Hilton,HOU,5.6,rotoguru_gid,T.Y. Hilton,fd,5700,ty hilton,IND,WR,00-0029608,auto_exact,high
WR,NYG,4700,5462,Pharoh Cooper,Pharoh,Cooper,MIA,0.4666666666666666,rotoguru_gid,Pharoh Cooper,fd,4700,pharoh cooper,NYG,WR,00-0033111,auto_exact,high
WR,KC,5100,5515,Demarcus Robinson,Demarcus,Robinson,DEN,3.4181818181818184,rotoguru_gid,Demarcus Robinson,fd,5100,demarcus robinson,KC,WR,00-0032775,auto_exact,high
WR,BAL,5100,5841,Devin Duvernay,Devin,Duvernay,PIT,4.963636363636364,rotoguru_gid,Devin Duvernay,fd,5100,devin duvernay,BAL,WR,00-0036331,auto_exact,high
WR,SF,5000,5699,Trent Sherfield,Trent,Sherfield,SEA,1.1909090909090911,rotoguru_gid,Trent Sherfield,fd,5000,trent sherfield,SF,WR,00-0034487,auto_exact,high
WR,ATL,5000,5461,Tajae Sharpe,Tajae,Sharpe,TB,2.890909090909091,rotoguru_gid,Tajae Sharpe,fd,5000,tajae sharpe,ATL,WR,00-0032778,auto_exact,high
WR,DEN,6000,5637,Courtland Sutton,Courtland,Sutton,KC,9.08181818181818,rotoguru_gid,Courtland Sutton,fd,6000,courtland sutton,DEN,WR,00-0034348,auto_exact,high
WR,NYJ,5900,5550,Corey Davis,Corey,Davis,PHI,10.7125,rotoguru_gid,Corey Davis,fd,5900,corey davis,NYJ,WR,00-0033871,auto_exact,high
WR,PHI,6300,5925,Devonta Smith,Devonta,Smith,NYJ,9.716666666666669,rotoguru_gid,Devonta Smith,fd,6300,devonta smith,PHI,WR,00-0036912,auto_exact,high
WR,NO,5900,5639,Tre'Quan Smith,Tre'Quan,Smith,DAL,7.6,rotoguru_gid,Tre'Quan Smith,fd,5900,trequan smith,NO,WR,00-0034765,auto_exact,high
WR,DAL,4700,5585,Noah Brown,Noah,Brown,NO,2.4,rotoguru_gid,Noah Brown,fd,4700,noah brown,DAL,WR,00-0033591,auto_exact,high
WR,NYG,5300,5767,Darius Slayton,Darius,Slayton,MIA,4.862500000000001,rotoguru_gid,Darius Slayton,fd,5300,darius slayton,NYG,WR,00-0035535,auto_exact,high
WR,IND,5100,5647,Zach Pascal,Zach,Pascal,HOU,5.658333333333334,rotoguru_gid,Zach Pascal,fd,5100,zach pascal,IND,WR,00-0033251,auto_exact,high
WR,JAX,5600,5168,Marvin Jones,Marvin,Jones,LA,8.536363636363635,rotoguru_gid,Marvin Jones,fd,5600,marvin jones,JAX,WR,00-0029293,auto_exact,high
WR,JAX,4500,5600,Jaydon Mickens,Jaydon,Mickens,LA,0.0,rotoguru_gid,Jaydon Mickens,fd,4500,jaydon mickens,JAX,WR,00-0033006,auto_exact,high
WR,KC,5300,5759,Byron Pringle,Byron,Pringle,DEN,5.572727272727272,rotoguru_gid,Byron Pringle,fd,5300,byron pringle,KC,WR,00-0034297,auto_exact,high
WR,LV,5200,3770,DeSean Jackson,DeSean,Jackson,WAS,5.25,rotoguru_gid,DeSean Jackson,fd,5200,desean jackson,LV,WR,00-0026189,auto_exact,high
WR,ARI,5600,5091,A.J. Green,A.J.,Green,CHI,8.879999999999999,rotoguru_gid,A.J. Green,fd,5600,aj green,ARI,WR,00-0027942,auto_exact,high
WR,NO,5700,5877,Marquez Callaway,Marquez,Callaway,DAL,8.1,rotoguru_gid,Marquez Callaway,fd,5700,marquez callaway,NO,WR,00-0036219,auto_exact,high
WR,KC,5500,5727,Mecole Hardman,Mecole,Hardman,DEN,6.2727272727272725,rotoguru_gid,Mecole Hardman,fd,5500,mecole hardman,KC,WR,00-0035140,auto_exact,high
WR,NYJ,4900,5641,Braxton Berrios,Braxton,Berrios,PHI,4.0,rotoguru_gid,Braxton Berrios,fd,4900,braxton berrios,NYJ,WR,00-0034419,auto_exact,high
WR,BUF,5700,5163,Cole Beasley,Cole,Beasley,NE,8.181818181818182,rotoguru_gid,Cole Beasley,fd,5700,cole beasley,BUF,WR,00-0029000,auto_exact,high
WR,DAL,4600,5702,Malik Turner,Malik,Turner,NO,2.575,rotoguru_gid,Malik Turner,fd,4600,malik turner,DAL,WR,00-0034867,auto_exact,high
WR,ARI,5500,5934,Rondale Moore,Rondale,Moore,CHI,6.818181818181818,rotoguru_gid,Rondale Moore,fd,5500,rondale moore,ARI,WR,00-0036936,auto_exact,high
WR,DET,4800,5675,KhaDarel Hodge,KhaDarel,Hodge,MIN,1.01,rotoguru_gid,KhaDarel Hodge,fd,4800,khadarel hodge,DET,WR,00-0034854,auto_exact,high
WR,JAX,5000,5199,Tavon Austin,Tavon,Austin,LA,2.45,rotoguru_gid,Tavon Austin,fd,5000,tavon austin,JAX,WR,00-0030525,auto_exact,high
WR,DEN,5700,5651,Tim Patrick,Tim,Patrick,KC,8.945454545454545,rotoguru_gid,Tim Patrick,fd,5700,tim patrick,DEN,WR,00-0033375,auto_exact,high
WR,SF,5300,5955,Jauan Jennings,Jauan,Jennings,SEA,2.411111111111111,rotoguru_gid,Jauan Jennings,fd,5300,jauan jennings,SF,WR,00-0036259,auto_exact,high
WR,PHI,5100,5834,Jalen Reagor,Jalen,Reagor,NYJ,3.925,rotoguru_gid,Jalen Reagor,fd,5100,jalen reagor,PHI,WR,00-0036387,auto_exact,high
WR,DEN,4600,1561,Kendall Hinton,Kendall,Hinton,KC,2.65,rotoguru_gid,Kendall Hinton,fd,4600,kendall hinton,DEN,WR,00-0035864,auto_exact,high
WR,PIT,4800,5665,Ray-Ray McCloud,Ray-Ray,McCloud,BAL,2.31,rotoguru_gid,Ray-Ray McCloud,fd,4800,ray ray mccloud,PIT,WR,00-0034407,auto_exact,high
WR,WAS,4700,5936,Dyami Brown,Dyami,Brown,LV,1.2999999999999998,rotoguru_gid,Dyami Brown,fd,4700,dyami brown,WAS,WR,00-0036626,auto_exact,high
WR,WAS,5400,5654,DeAndre Carter,DeAndre,Carter,LV,5.781818181818182,rotoguru_gid,DeAndre Carter,fd,5400,deandre carter,WAS,WR,00-0031763,auto_exact,high
WR,TB,4900,5846,Tyler Johnson,Tyler,Johnson,ATL,2.909090909090909,rotoguru_gid,Tyler Johnson,fd,4900,tyler johnson,TB,WR,00-0036427,auto_exact,high
WR,TB,4500,5379,Breshad Perriman,Breshad,Perriman,ATL,2.6,rotoguru_gid,Breshad Perriman,fd,4500,breshad perriman,TB,WR,00-0032054,auto_exact,high
WR,ARI,6200,5636,Christian Kirk,Christian,Kirk,CHI,10.338181818181818,rotoguru_gid,Christian Kirk,fd,6200,christian kirk,ARI,WR,00-0034775,auto_exact,high
WR,NYJ,4800,5838,Denzel Mims,Denzel,Mims,PHI,2.733333333333333,rotoguru_gid,Denzel Mims,fd,4800,denzel mims,NYJ,WR,00-0036255,auto_exact,high
WR,NE,5500,5378,Nelson Agholor,Nelson,Agholor,BUF,6.341666666666666,rotoguru_gid,Nelson Agholor,fd,5500,nelson agholor,NE,WR,00-0031549,auto_exact,high
WR,MIN,7600,5333,Adam Thielen,Adam,Thielen,DET,14.572727272727274,rotoguru_gid,Adam Thielen,fd,7600,adam thielen,MIN,WR,00-0030035,auto_exact,high
WR,SEA,4600,5894,Penny Hart,Penny,Hart,SF,0.5272727272727272,rotoguru_gid,Penny Hart,fd,4600,penny hart,SEA,WR,00-0035022,auto_exact,high
WR,MIN,4700,5603,Dede Westbrook,Dede,Westbrook,DET,1.06,rotoguru_gid,Dede Westbrook,fd,4700,dede westbrook,MIN,WR,00-0033839,auto_exact,high
WR,NE,5800,5598,Kendrick Bourne,Kendrick,Bourne,BUF,10.341666666666669,rotoguru_gid,Kendrick Bourne,fd,5800,kendrick bourne,NE,WR,00-0033307,auto_exact,high
WR,WAS,5000,5556,Curtis Samuel,Curtis,Samuel,LV,2.1666666666666665,rotoguru_gid,Curtis Samuel,fd,5000,curtis samuel,WAS,WR,00-0033282,auto_exact,high
WR,KC,4600,5666,Marcus Kemp,Marcus,Kemp,DEN,0.34,rotoguru_gid,Marcus Kemp,fd,4600,marcus kemp,KC,WR,00-0033481,auto_exact,high
WR,HOU,4500,5979,Davion Davis,Davion,Davis,IND,,rotoguru_gid,Davion Davis,fd,4500,davion davis,HOU,WR,00-0035101,auto_exact,high
WR,PIT,4500,4813,Cody White,Cody,White,BAL,0.3,rotoguru_gid,Cody White,fd,4500,cody white,PIT,WR,00-0035891,auto_exact,high
WR,DET,4700,5960,Tom Kennedy,Tom,Kennedy,MIN,0.4,rotoguru_gid,Tom Kennedy,fd,4700,tom kennedy,DET,WR,00-0035544,auto_exact,high
WR,LA,4500,5689,Brandon Powell,Brandon,Powell,JAX,,rotoguru_gid,Brandon Powell,fd,4500,brandon powell,LA,WR,00-0034646,auto_exact,high
WR,HOU,4900,5479,Chris Moore,Chris,Moore,IND,3.4875,rotoguru_gid,Chris Moore,fd,4900,chris moore,HOU,WR,00-0032398,auto_exact,high
WR,NE,4500,5752,Gunner Olszewski,Gunner,Olszewski,BUF,0.2454545454545454,rotoguru_gid,Gunner Olszewski,fd,4500,gunner olszewski,NE,WR,00-0035645,auto_exact,high
WR,LA,4700,5969,J.J. Koski,J.J.,Koski,JAX,-0.6666666666666666,rotoguru_gid,J.J. Koski,fd,4700,jj koski,LA,WR,00-0035935,auto_exact,high
WR,NYG,5100,5558,John Ross,John,Ross,MIA,4.2875,rotoguru_gid,John Ross,fd,5100,john ross,NYG,WR,00-0033460,auto_exact,high
WR,BAL,4600,5845,James Proche,James,Proche,PIT,1.58,rotoguru_gid,James Proche,fd,4600,james proche,BAL,WR,00-0036133,auto_exact,high
WR,BAL,5500,5930,Rashod Bateman,Rashod,Bateman,PIT,7.1000000000000005,rotoguru_gid,Rashod Bateman,fd,5500,rashod bateman,BAL,WR,00-0036550,auto_exact,high
WR,PHI,4800,5793,Greg Ward,Greg,Ward,NYJ,1.3333333333333333,rotoguru_gid,Greg Ward,fd,4800,greg ward,PHI,WR,00-0033733,auto_exact,high
WR,BAL,4500,5937,Tylan Wallace,Tylan,Wallace,PIT,0.0,rotoguru_gid,Tylan Wallace,fd,4500,tylan wallace,BAL,WR,00-0036630,auto_exact,high
WR,TB,4800,5772,Scott Miller,Scott,Miller,ATL,0.525,rotoguru_gid,Scott Miller,fd,4800,scott miller,TB,WR,00-0035298,auto_exact,high
WR,LAC,4900,5929,Josh Palmer,Josh,Palmer,CIN,2.809090909090909,rotoguru_gid,Josh Palmer,fd,4900,josh palmer,LAC,WR,00-0036988,auto_exact,high
WR,SF,4500,5694,River Cracraft,River,Cracraft,SEA,,rotoguru_gid,River Cracraft,fd,4500,river cracraft,SF,WR,00-0034054,auto_exact,high
WR,HOU,4800,5385,Chris Conley,Chris,Conley,IND,3.1181818181818177,rotoguru_gid,Chris Conley,fd,4800,chris conley,HOU,WR,00-0032128,auto_exact,high
WR,CIN,4500,5779,Stanley Morgan,Stanley,Morgan,LAC,0.0727272727272727,rotoguru_gid,Stanley Morgan,fd,4500,stanley morgan,CIN,WR,00-0035399,auto_exact,high
WR,CHI,4500,5945,Rodney Adams,Rodney,Adams,ARI,,rotoguru_gid,Rodney Adams,fd,4500,rodney adams,CHI,WR,00-0033957,auto_exact,high
WR,IND,4500,5940,Dezmon Patmon,Dezmon,Patmon,HOU,0.3,rotoguru_gid,Dezmon Patmon,fd,4500,dezmon patmon,IND,WR,00-0036228,auto_exact,high
WR,PIT,5000,5635,James Washington,James,Washington,BAL,3.4200000000000004,rotoguru_gid,James Washington,fd,5000,james washington,PIT,WR,00-0034676,auto_exact,high
WR,LAC,4500,3978,Andre Roberts,Andre,Roberts,CIN,0.3,rotoguru_gid,Andre Roberts,fd,4500,andre roberts,LAC,WR,00-0027691,auto_exact,high
WR,CIN,4500,5900,Trenton Irwin,Trenton,Irwin,LAC,0.75,rotoguru_gid,Trenton Irwin,fd,4500,trenton irwin,CIN,WR,00-0035341,auto_exact,high
WR,WAS,5000,5812,Cam Sims,Cam,Sims,LV,2.2875,rotoguru_gid,Cam Sims,fd,5000,cam sims,WAS,WR,00-0034104,auto_exact,high
WR,NYJ,4600,5807,Jeff Smith,Jeff,Smith,PHI,1.5875,rotoguru_gid,Jeff Smith,fd,4600,jeff smith,NYJ,WR,00-0035510,auto_exact,high
WR,ATL,4600,5942,Frank Darby,Frank,Darby,TB,0.38,rotoguru_gid,Frank Darby,fd,4600,frank darby,ATL,WR,00-0036951,auto_exact,high
WR,KC,5000,5165,Josh Gordon,Josh,Gordon,DEN,0.3999999999999999,rotoguru_gid,Josh Gordon,fd,5000,josh gordon,KC,WR,00-0029664,auto_exact,high
WR,BUF,4500,5704,Jake Kumerow,Jake,Kumerow,NE,0.0,rotoguru_gid,Jake Kumerow,fd,4500,jake kumerow,BUF,WR,00-0031787,auto_exact,high
WR,NE,4500,3760,Matthew Slater,Matthew,Slater,BUF,0.0,rotoguru_gid,Matthew Slater,fd,4500,matthew slater,NE,WR,00-0026293,auto_exact,high
WR,PHI,4700,5732,JJ Arcega-Whiteside,JJ,Arcega-Whiteside,NYJ,0.4181818181818181,rotoguru_gid,JJ Arcega-Whiteside,fd,4700,jj arcega whiteside,PHI,WR,00-0035246,auto_exact,high
WR,HOU,5200,5932,Nico Collins,Nico,Collins,IND,3.975,rotoguru_gid,Nico Collins,fd,5200,nico collins,HOU,WR,00-0036554,auto_exact,high
WR,NE,5700,5749,Jakobi Meyers,Jakobi,Meyers,BUF,8.616666666666667,rotoguru_gid,Jakobi Meyers,fd,5700,jakobi meyers,NE,WR,00-0034960,auto_exact,high
WR,ARI,4900,5966,Antoine Wesley,Antoine,Wesley,CHI,3.825,rotoguru_gid,Antoine Wesley,fd,4900,antoine wesley,ARI,WR,00-0035126,auto_exact,high
WR,NYG,4700,5860,Collin Johnson,Collin,Johnson,MIA,1.5444444444444445,rotoguru_gid,Collin Johnson,fd,4700,collin johnson,NYG,WR,00-0036254,auto_exact,high
WR,NO,4600,5212,Kenny Stills,Kenny,Stills,DAL,2.5,rotoguru_gid,Kenny Stills,fd,4600,kenny stills,NO,WR,00-0030085,auto_exact,high
WR,MIA,4700,5755,Preston Williams,Preston,Williams,NYG,1.7999999999999998,rotoguru_gid,Preston Williams,fd,4700,preston williams,MIA,WR,00-0035350,auto_exact,high
WR,DEN,4500,5765,Diontae Spencer,Diontae,Spencer,KC,0.02,rotoguru_gid,Diontae Spencer,fd,4500,diontae spencer,DEN,WR,00-0031319,auto_exact,high
WR,NE,4800,5724,N'Keal Harry,N'Keal,Harry,BUF,1.9625,rotoguru_gid,N'Keal Harry,fd,4800,nkeal harry,NE,WR,00-0035624,auto_fallback_name_only_position_mismatch,low
WR,SF,4500,5173,Travis Benjamin,Travis,Benjamin,SEA,0.0,rotoguru_gid,Travis Benjamin,fd,4500,travis benjamin,SF,WR,00-0029269,auto_exact,high
TE,SF,6300,4703,George Kittle,George,Kittle,SEA,9.6125,rotoguru_gid,George Kittle,fd,6300,george kittle,SF,TE,00-0033288,auto_exact,high
TE,PHI,5800,4725,Dallas Goedert,Dallas,Goedert,NYJ,7.327272727272727,rotoguru_gid,Dallas Goedert,fd,5800,dallas goedert,PHI,TE,00-0034351,auto_exact,high
TE,TB,7000,4494,Rob Gronkowski,Rob,Gronkowski,ATL,12.716666666666669,rotoguru_gid,Rob Gronkowski,fd,7000,rob gronkowski,TB,TE,00-0027656,auto_exact,high
TE,DET,6100,4749,T.J. Hockenson,T.J.,Hockenson,MIN,9.263636363636364,rotoguru_gid,T.J. Hockenson,fd,6100,tj hockenson,DET,TE,00-0035229,auto_exact,high
TE,WAS,5600,1463,Logan Thomas,Logan,Thomas,LV,6.459999999999999,rotoguru_gid,Logan Thomas,fd,5600,logan thomas,WAS,TE,00-0031260,auto_exact,high
TE,DET,4200,5971,Brock Wright,Brock,Wright,MIN,0.7999999999999999,rotoguru_gid,Brock Wright,fd,4200,brock wright,DET,TE,00-0036754,auto_exact,high
TE,MIN,5200,4732,Tyler Conklin,Tyler,Conklin,DET,7.209090909090909,rotoguru_gid,Tyler Conklin,fd,5200,tyler conklin,MIN,TE,00-0034270,auto_exact,high
TE,CHI,4700,4492,Jimmy Graham,Jimmy,Graham,ARI,2.088888888888889,rotoguru_gid,Jimmy Graham,fd,4700,jimmy graham,CHI,TE,00-0027696,auto_exact,high
TE,NYJ,4700,4592,Ryan Griffin,Ryan,Griffin,PHI,3.127272727272727,rotoguru_gid,Ryan Griffin,fd,4700,ryan griffin,NYJ,TE,00-0030108,auto_exact,high
TE,NYG,5200,4701,Evan Engram,Evan,Engram,MIA,5.833333333333333,rotoguru_gid,Evan Engram,fd,5200,evan engram,NYG,TE,00-0033881,auto_exact,high
TE,MIA,6000,4719,Mike Gesicki,Mike,Gesicki,NYG,8.299999999999999,rotoguru_gid,Mike Gesicki,fd,6000,mike gesicki,MIA,TE,00-0034829,auto_exact,high
TE,LA,5300,4680,Tyler Higbee,Tyler,Higbee,JAX,6.563636363636364,rotoguru_gid,Tyler Higbee,fd,5300,tyler higbee,LA,TE,00-0033110,auto_exact,high
TE,BAL,7300,4721,Mark Andrews,Mark,Andrews,PIT,12.736363636363636,rotoguru_gid,Mark Andrews,fd,7300,mark andrews,BAL,TE,00-0034753,auto_exact,high
TE,ATL,6200,4801,Kyle Pitts,Kyle,Pitts,TB,8.6,rotoguru_gid,Kyle Pitts,fd,6200,kyle pitts,ATL,TE,00-0036970,auto_exact,high
TE,DAL,6000,4742,Dalton Schultz,Dalton,Schultz,NO,9.381818181818184,rotoguru_gid,Dalton Schultz,fd,6000,dalton schultz,DAL,TE,00-0034383,auto_exact,high
TE,TB,4800,4648,Cameron Brate,Cameron,Brate,ATL,3.0545454545454547,rotoguru_gid,Cameron Brate,fd,4800,cameron brate,TB,TE,00-0031273,auto_exact,high
TE,NO,4200,4688,Nick Vannett,Nick,Vannett,DAL,5.05,rotoguru_gid,Nick Vannett,fd,4200,nick vannett,NO,TE,00-0032394,auto_exact,high
TE,PIT,5400,4802,Pat Freiermuth,Pat,Freiermuth,BAL,7.881818181818182,rotoguru_gid,Pat Freiermuth,fd,5400,pat freiermuth,PIT,TE,00-0036894,auto_exact,high
TE,WAS,4500,4807,John Bates,John,Bates,LV,1.0818181818181818,rotoguru_gid,John Bates,fd,4500,john bates,WAS,TE,00-0036628,auto_exact,high
TE,CHI,5300,4778,Cole Kmet,Cole,Kmet,ARI,4.963636363636364,rotoguru_gid,Cole Kmet,fd,5300,cole kmet,CHI,TE,00-0036290,auto_exact,high
TE,DEN,5900,4748,Noah Fant,Noah,Fant,KC,7.959999999999999,rotoguru_gid,Noah Fant,fd,5900,noah fant,DEN,TE,00-0035644,auto_exact,high
TE,LAC,5100,4437,Jared Cook,Jared,Cook,CIN,6.6909090909090905,rotoguru_gid,Jared Cook,fd,5100,jared cook,LAC,TE,00-0027061,auto_exact,high
TE,KC,7300,4582,Travis Kelce,Travis,Kelce,DEN,13.636363636363637,rotoguru_gid,Travis Kelce,fd,7300,travis kelce,KC,TE,00-0030506,auto_exact,high
TE,LV,5000,4760,Foster Moreau,Foster,Moreau,WAS,3.409090909090909,rotoguru_gid,Foster Moreau,fd,5000,foster moreau,LV,TE,00-0034981,auto_exact,high
TE,DEN,4900,4789,Albert Okwuegbunam,Albert,Okwuegbunam,KC,4.3125,rotoguru_gid,Albert Okwuegbunam,fd,4900,albert okwuegbunam,DEN,TE,00-0036423,auto_exact,high
TE,CIN,5200,4656,C.J. Uzomah,C.J.,Uzomah,LAC,7.1,rotoguru_gid,C.J. Uzomah,fd,5200,cj uzomah,CIN,TE,00-0032134,auto_exact,high
TE,NO,4500,5883,Juwan Johnson,Juwan,Johnson,DAL,3.7,rotoguru_gid,Juwan Johnson,fd,4500,juwan johnson,NO,TE,00-0036040,auto_exact,high
TE,NYG,4400,4537,Kyle Rudolph,Kyle,Rudolph,MIA,3.12,rotoguru_gid,Kyle Rudolph,fd,4400,kyle rudolph,NYG,TE,00-0027981,auto_exact,high
TE,BUF,5900,4750,Dawson Knox,Dawson,Knox,NE,11.22222222222222,rotoguru_gid,Dawson Knox,fd,5900,dawson knox,BUF,TE,00-0035689,auto_exact,high
TE,JAX,4500,4664,James O'Shaughnessy,James,O'Shaughnessy,LA,5.7,rotoguru_gid,James O'Shaughnessy,fd,4500,james oshaughnessy,JAX,TE,00-0031951,auto_exact,high
TE,HOU,4200,4753,Pharaoh Brown,Pharaoh,Brown,IND,2.1555555555555554,rotoguru_gid,Pharaoh Brown,fd,4200,pharaoh brown,HOU,TE,00-0033439,auto_exact,high
TE,PIT,4600,4775,Zach Gentry,Zach,Gentry,BAL,0.9545454545454546,rotoguru_gid,Zach Gentry,fd,4600,zach gentry,PIT,TE,00-0035222,auto_exact,high
TE,IND,5000,4594,Jack Doyle,Jack,Doyle,HOU,5.066666666666666,rotoguru_gid,Jack Doyle,fd,5000,jack doyle,IND,TE,00-0030181,auto_exact,high
TE,ARI,4100,4642,Demetrius Harris,Demetrius,Harris,CHI,0.0,rotoguru_gid,Demetrius Harris,fd,4100,demetrius harris,ARI,TE,00-0030155,auto_exact,high
TE,HOU,4900,4803,Brevin Jordan,Brevin,Jordan,IND,6.125,rotoguru_gid,Brevin Jordan,fd,4900,brevin jordan,HOU,TE,00-0036556,auto_exact,high
TE,SEA,4500,4727,Will Dissly,Will,Dissly,SF,2.8181818181818183,rotoguru_gid,Will Dissly,fd,4500,will dissly,SEA,TE,00-0034159,auto_exact,high
TE,NE,4500,4706,Jonnu Smith,Jonnu,Smith,BUF,4.3,rotoguru_gid,Jonnu Smith,fd,4500,jonnu smith,NE,TE,00-0033858,auto_exact,high
TE,ARI,5500,4569,Zach Ertz,Zach,Ertz,CHI,8.745454545454546,rotoguru_gid,Zach Ertz,fd,5500,zach ertz,ARI,TE,00-0030061,auto_exact,high
TE,NO,4100,4717,Garrett Griffin,Garrett,Griffin,DAL,0.4090909090909091,rotoguru_gid,Garrett Griffin,fd,4100,garrett griffin,NO,TE,00-0033095,auto_exact,high
TE,MIA,4000,4815,Hunter Long,Hunter,Long,NYG,0.0,rotoguru_gid,Hunter Long,fd,4000,hunter long,MIA,TE,00-0037004,auto_exact,high
TE,LAC,4600,4787,Donald Parham,Donald,Parham,CIN,4.127272727272727,rotoguru_gid,Donald Parham,fd,4600,donald parham,LAC,TE,00-0035329,auto_exact,high
TE,IND,4300,4814,Kylen Granson,Kylen,Granson,HOU,1.5444444444444445,rotoguru_gid,Kylen Granson,fd,4300,kylen granson,IND,TE,00-0036876,auto_exact,high
TE,LA,4000,4818,Kendall Blanton,Kendall,Blanton,JAX,0.35,rotoguru_gid,Kendall Blanton,fd,4000,kendall blanton,LA,TE,00-0035603,auto_exact,high
TE,IND,4600,4736,Mo Alie-Cox,Mo,Alie-Cox,HOU,4.491666666666666,rotoguru_gid,Mo Alie-Cox,fd,4600,mo alie cox,IND,TE,00-0033217,auto_exact,high
TE,DAL,4100,4714,Jeremy Sprinkle,Jeremy,Sprinkle,NO,0.0,rotoguru_gid,Jeremy Sprinkle,fd,4100,jeremy sprinkle,DAL,TE,00-0033528,auto_exact,high
TE,LAC,4000,4809,Tre' McKitty,Tre',McKitty,CIN,0.24,rotoguru_gid,Tre' McKitty,fd,4000,tre mckitty,LAC,TE,00-0037011,auto_exact,high
TE,NYG,4500,4821,Chris Myarick,Chris,Myarick,MIA,8.1,rotoguru_gid,Chris Myarick,fd,4500,chris myarick,NYG,TE,00-0035345,auto_exact,high
TE,JAX,4300,4697,Chris Manhertz,Chris,Manhertz,LA,1.318181818181818,rotoguru_gid,Chris Manhertz,fd,4300,chris manhertz,JAX,TE,00-0031484,auto_exact,high
TE,CHI,4200,4653,Jesse James,Jesse,James,ARI,1.48,rotoguru_gid,Jesse James,fd,4200,jesse james,CHI,TE,00-0032135,auto_exact,high
TE,DEN,4000,4761,Andrew Beck,Andrew,Beck,KC,0.0,rotoguru_gid,Andrew Beck,fd,4000,andrew beck,DEN,TE,00-0034959,manual_override,high
TE,BAL,4200,4766,Josh Oliver,Josh,Oliver,PIT,0.9399999999999998,rotoguru_gid,Josh Oliver,fd,4200,josh oliver,BAL,TE,00-0035249,auto_exact,high
TE,HOU,4200,4716,Antony Auclair,Antony,Auclair,IND,0.9909090909090909,rotoguru_gid,Antony Auclair,fd,4200,antony auclair,HOU,TE,00-0033421,auto_exact,high
TE,KC,4000,4759,James Winchester,James,Winchester,DEN,0.0,rotoguru_gid,James Winchester,fd,4000,james winchester,KC,TE,00-0030615,auto_fallback_name_only_position_mismatch,low
TE,BUF,4200,4752,Tommy Sweeney,Tommy,Sweeney,NE,1.3545454545454545,rotoguru_gid,Tommy Sweeney,fd,4200,tommy sweeney,BUF,TE,00-0035308,auto_exact,high
TE,MIA,4100,4711,Cethan Carter,Cethan,Carter,NYG,0.2166666666666666,rotoguru_gid,Cethan Carter,fd,4100,cethan carter,MIA,TE,00-0033338,auto_exact,high
TE,NE,5600,4675,Hunter Henry,Hunter,Henry,BUF,8.241666666666665,rotoguru_gid,Hunter Henry,fd,5600,hunter henry,NE,TE,00-0033090,auto_exact,high
TE,BAL,4000,4704,Eric Tomlinson,Eric,Tomlinson,PIT,0.109090909090909,rotoguru_gid,Eric Tomlinson,fd,4000,eric tomlinson,BAL,TE,00-0031690,auto_exact,high
TE,NYJ,4000,4823,Kenny Yeboah,Kenny,Yeboah,PHI,,rotoguru_gid,Kenny Yeboah,fd,4000,kenny yeboah,NYJ,TE,00-0036510,auto_exact,high
TE,PHI,4100,4820,Tyree Jackson,Tyree,Jackson,NYJ,0.0,rotoguru_gid,Tyree Jackson,fd,4100,tyree jackson,PHI,TE,00-0035356,auto_exact,high
TE,MIN,4200,4734,Chris Herndon,Chris,Herndon,DET,0.890909090909091,rotoguru_gid,Chris Herndon,fd,4200,chris herndon,MIN,TE,00-0034766,auto_exact,high
TE,CIN,4200,4756,Drew Sample,Drew,Sample,LAC,0.7090909090909091,rotoguru_gid,Drew Sample,fd,4200,drew sample,CIN,TE,00-0035631,auto_exact,high
TE,ATL,4200,4535,Lee Smith,Lee,Smith,TB,1.5299999999999998,rotoguru_gid,Lee Smith,fd,4200,lee smith,ATL,TE,00-0028097,auto_exact,high
TE,CHI,4000,4763,J.P. Holtz,J.P.,Holtz,ARI,0.0,rotoguru_gid,J.P. Holtz,fd,4000,jp holtz,CHI,TE,00-0032986,auto_exact,high
TE,TB,4400,4700,O.J. Howard,O.J.,Howard,ATL,2.409090909090909,rotoguru_gid,O.J. Howard,fd,4400,oj howard,TB,TE,00-0033879,auto_exact,high
TE,KC,4100,4812,Noah Gray,Noah,Gray,DEN,1.225,rotoguru_gid,Noah Gray,fd,4100,noah gray,KC,TE,00-0036637,auto_exact,high
TE,DEN,4200,4726,Eric Saubert,Eric,Saubert,KC,1.3363636363636362,rotoguru_gid,Eric Saubert,fd,4200,eric saubert,DEN,TE,00-0033576,auto_exact,high
TE,KC,4200,4666,Blake Bell,Blake,Bell,DEN,0.71,rotoguru_gid,Blake Bell,fd,4200,blake bell,KC,TE,00-0032062,auto_exact,high
TE,PHI,4200,4816,Jack Stoll,Jack,Stoll,NYJ,0.6,rotoguru_gid,Jack Stoll,fd,4200,jack stoll,PHI,TE,00-0036741,auto_exact,high
TE,ARI,4300,4708,Darrell Daniels,Darrell,Daniels,CHI,0.0555555555555555,rotoguru_gid,Darrell Daniels,fd,4300,darrell daniels,ARI,TE,00-0033258,auto_exact,high
TE,LA,4000,4804,Brycen Hopkins,Brycen,Hopkins,JAX,0.0,rotoguru_gid,Brycen Hopkins,fd,4000,brycen hopkins,LA,TE,00-0036424,auto_exact,high
TE,ATL,4300,4819,Parker Hesse,Parker,Hesse,TB,1.1,rotoguru_gid,Parker Hesse,fd,4300,parker hesse,ATL,TE,00-0035572,auto_exact,high
TE,LAC,4300,4679,Stephen Anderson,Stephen,Anderson,CIN,1.9545454545454544,rotoguru_gid,Stephen Anderson,fd,4300,stephen anderson,LAC,TE,00-0032725,auto_exact,high
TE,CHI,4100,4771,Jesper Horsted,Jesper,Horsted,ARI,1.34,rotoguru_gid,Jesper Horsted,fd,4100,jesper horsted,CHI,TE,00-0035562,auto_exact,high
TE,MIN,4100,4532,Luke Stocker,Luke,Stocker,DET,0.3666666666666667,rotoguru_gid,Luke Stocker,fd,4100,luke stocker,MIN,TE,00-0028042,auto_exact,high
TE,NYJ,4200,5436,Daniel Brown,Daniel,Brown,PHI,0.0,rotoguru_gid,Daniel Brown,fd,4200,daniel brown,NYJ,TE,00-0032098,auto_exact,high
TE,SEA,4100,4798,Colby Parkinson,Colby,Parkinson,SF,0.2125,rotoguru_gid,Colby Parkinson,fd,4100,colby parkinson,SEA,TE,00-0036244,auto_exact,high
TE,DAL,4300,4808,Sean McKeon,Sean,McKeon,NO,2.675,rotoguru_gid,Sean McKeon,fd,4300,sean mckeon,DAL,TE,00-0036032,auto_exact,high
TE,MIA,4800,4737,Durham Smythe,Durham,Smythe,NYG,3.1750000000000003,rotoguru_gid,Durham Smythe,fd,4800,durham smythe,MIA,TE,00-0034798,auto_exact,high
TE,SF,4300,4797,Charlie Woerner,Charlie,Woerner,SEA,0.7000000000000001,rotoguru_gid,Charlie Woerner,fd,4300,charlie woerner,SF,TE,00-0036429,auto_exact,high
TE,JAX,4200,4805,Luke Farrell,Luke,Farrell,LA,0.79,rotoguru_gid,Luke Farrell,fd,4200,luke farrell,JAX,TE,00-0036887,auto_exact,high
TE,LV,4000,4822,Daniel Helm,Daniel,Helm,WAS,0.0,rotoguru_gid,Daniel Helm,fd,4000,daniel helm,LV,TE,00-0035428,auto_exact,high
TE,PIT,4000,4817,Kevin Rader,Kevin,Rader,BAL,0.6,rotoguru_gid,Kevin Rader,fd,4000,kevin rader,PIT,TE,00-0034193,auto_exact,high
TE,SF,4200,4745,Ross Dwelley,Ross,Dwelley,SEA,1.190909090909091,rotoguru_gid,Ross Dwelley,fd,4200,ross dwelley,SF,TE,00-0034073,auto_exact,high
TE,SEA,4900,4705,Gerald Everett,Gerald,Everett,SF,6.1,rotoguru_gid,Gerald Everett,fd,4900,gerald everett,SEA,TE,00-0033895,auto_exact,high
D,LAC,3600,7026,LA Chargers,LA,Chargers,CIN,3.5454545454545454,rotoguru_gid,LA Chargers,fd,3600,la chargers,LAC,D,DST_LAC,team_defense,high
D,IND,4500,7013,Indianapolis,Indianapolis,,HOU,8.0,rotoguru_gid,Indianapolis,fd,4500,indianapolis,IND,D,DST_IND,team_defense,high
D,DAL,4000,7009,Dallas,Dallas,,NO,9.090909090909092,rotoguru_gid,Dallas,fd,4000,dallas,DAL,D,DST_DAL,team_defense,high
D,KC,3300,7015,Kansas City,Kansas,City,DEN,5.727272727272728,rotoguru_gid,Kansas City,fd,3300,kansas city,KC,D,DST_KC,team_defense,high
D,TB,4300,7029,Tampa Bay,Tampa,Bay,ATL,8.454545454545455,rotoguru_gid,Tampa Bay,fd,4300,tampa bay,TB,D,DST_TB,team_defense,high
D,ARI,5000,7001,Arizona,Arizona,,CHI,8.909090909090908,rotoguru_gid,Arizona,fd,5000,arizona,ARI,D,DST_ARI,team_defense,high
D,LA,4900,7025,LA Rams,LA,Rams,JAX,5.727272727272728,rotoguru_gid,LA Rams,fd,4900,la rams,LA,D,DST_LA,team_defense,high
D,PIT,4000,7024,Pittsburgh,Pittsburgh,,BAL,5.454545454545454,rotoguru_gid,Pittsburgh,fd,4000,pittsburgh,PIT,D,DST_PIT,team_defense,high
D,SF,4200,7027,San Francisco,San,Francisco,SEA,6.2727272727272725,rotoguru_gid,San Francisco,fd,4200,san francisco,SF,D,DST_SF,team_defense,high
D,SEA,3700,7028,Seattle,Seattle,,SF,5.181818181818182,rotoguru_gid,Seattle,fd,3700,seattle,SEA,D,DST_SEA,team_defense,high
D,MIA,4000,7016,Miami,Miami,,NYG,7.5,rotoguru_gid,Miami,fd,4000,miami,MIA,D,DST_MIA,team_defense,high
D,NE,5000,7018,New England,New,England,BUF,11.25,rotoguru_gid,New England,fd,5000,new england,NE,D,DST_NE,team_defense,high
D,ATL,3200,7002,Atlanta,Atlanta,,TB,3.0,rotoguru_gid,Atlanta,fd,3200,atlanta,ATL,D,DST_ATL,team_defense,high
D,CIN,3900,7007,Cincinnati,Cincinnati,,LAC,6.818181818181818,rotoguru_gid,Cincinnati,fd,3900,cincinnati,CIN,D,DST_CIN,team_defense,high
D,MIN,4600,7017,Minnesota,Minnesota,,DET,7.090909090909091,rotoguru_gid,Minnesota,fd,4600,minnesota,MIN,D,DST_MIN,team_defense,high
D,PHI,4800,7023,Philadelphia,Philadelphia,,NYJ,7.0,rotoguru_gid,Philadelphia,fd,4800,philadelphia,PHI,D,DST_PHI,team_defense,high
D,DET,3100,7011,Detroit,Detroit,,MIN,3.4545454545454546,rotoguru_gid,Detroit,fd,3100,detroit,DET,D,DST_DET,team_defense,high
D,DEN,4100,7010,Denver,Denver,,KC,8.272727272727273,rotoguru_gid,Denver,fd,4100,denver,DEN,D,DST_DEN,team_defense,high
D,LV,4100,7022,Las Vegas,Las,Vegas,WAS,4.363636363636363,rotoguru_gid,Las Vegas,fd,4100,las vegas,LV,D,DST_LV,team_defense,high
D,BUF,4500,7004,Buffalo,Buffalo,,NE,10.0,rotoguru_gid,Buffalo,fd,4500,buffalo,BUF,D,DST_BUF,team_defense,high
D,NO,3800,7019,New Orleans,New,Orleans,DAL,7.818181818181818,rotoguru_gid,New Orleans,fd,3800,new orleans,NO,D,DST_NO,team_defense,high
D,WAS,3400,7031,Washington,Washington,,LV,4.818181818181818,rotoguru_gid,Washington,fd,3400,washington,WAS,D,DST_WAS,team_defense,high
D,NYG,3800,7020,New York G,New,York G,MIA,6.454545454545454,rotoguru_gid,New York G,fd,3800,new york g,NYG,D,DST_NYG,team_defense,high
D,HOU,3300,7032,Houston,Houston,,IND,5.545454545454546,rotoguru_gid,Houston,fd,3300,houston,HOU,D,DST_HOU,team_defense,high
D,BAL,4800,7003,Baltimore,Baltimore,,PIT,5.636363636363637,rotoguru_gid,Baltimore,fd,4800,baltimore,BAL,D,DST_BAL,team_defense,high
D,NYJ,3500,7021,New York J,New,York J,PHI,2.909090909090909,rotoguru_gid,New York J,fd,3500,new york j,NYJ,D,DST_NYJ,team_defense,high
D,CHI,3600,7006,Chicago,Chicago,,ARI,6.0,rotoguru_gid,Chicago,fd,3600,chicago,CHI,D,DST_CHI,team_defense,high
D,JAX,3000,7014,Jacksonville,Jacksonville,,LA,3.636363636363636,rotoguru_gid,Jacksonville,fd,3000,jacksonville,JAX,D,DST_JAX,team_defense,high
