Name,Position,TeamAbbrev,Salary,ID,Roster Position,Game Info,AvgPointsPerGame,id_source,name,site,salary,normalized_name,normalized_team,position_upper,player_id,match_method,match_confidence
Jameis Winston,QB,TB,5800,1465,QB,TB@ATL,8.5,rotoguru_gid,Jameis Winston,dk,5800,jameis winston,TB,QB,00-0031503,auto_exact,high
Patrick Mahomes II,QB,KC,6900,1523,QB,KC@NE,29.024,rotoguru_gid,Patrick Mahomes II,dk,6900,patrick mahomes,KC,QB,00-0033873,auto_exact,high
Aaron Rodgers,QB,GB,6600,1252,QB,GB@SF,22.316,rotoguru_gid,Aaron Rodgers,dk,6600,aaron rodgers,GB,QB,00-0023459,auto_exact,high
Mitchell Trubisky,QB,CHI,5300,1519,QB,CHI@MIA,21.375,rotoguru_gid,Mitchell Trubisky,dk,5300,mitchell trubisky,CHI,QB,00-0033869,auto_exact,high
Brock Osweiler,QB,MIA,4300,1414,QB,MIA@CHI,6.1,rotoguru_gid,Brock Osweiler,dk,4300,brock osweiler,MIA,QB,00-0029682,auto_exact,high
Matt Ryan,QB,ATL,6800,1301,QB,ATL@TB,26.468,rotoguru_gid,Matt Ryan,dk,6800,matt ryan,ATL,QB,00-0026143,auto_exact,high
Dak Prescott,QB,DAL,4700,1501,QB,DAL@JAX,13.508,rotoguru_gid,Dak Prescott,dk,4700,dak prescott,DAL,QB,00-0033077,auto_exact,high
Andrew Luck,QB,IND,6200,1409,QB,IND@NYJ,23.588,rotoguru_gid,Andrew Luck,dk,6200,andrew luck,IND,QB,00-0029668,auto_exact,high
Tom Brady,QB,NE,6600,1131,QB,NE@KC,20.332,rotoguru_gid,Tom Brady,dk,6600,tom brady,NE,QB,00-0019596,auto_exact,high
Ben Roethlisberger,QB,PIT,6500,1232,QB,PIT@CIN,25.092,rotoguru_gid,Ben Roethlisberger,dk,6500,ben roethlisberger,PIT,QB,00-0022924,auto_exact,high
Carson Wentz,QB,PHI,6100,1514,QB,PHI@NYG,20.986666666666665,rotoguru_gid,Carson Wentz,dk,6100,carson wentz,PHI,QB,00-0032950,auto_exact,high
Cam Newton,QB,CAR,6100,1378,QB,CAR@WAS,24.455,rotoguru_gid,Cam Newton,dk,6100,cam newton,CAR,QB,00-0027939,auto_exact,high
Case Keenum,QB,DEN,5500,1435,QB,DEN@LA,16.240000000000002,rotoguru_gid,Case Keenum,dk,5500,case keenum,DEN,QB,00-0028986,auto_exact,high
Russell Wilson,QB,SEA,5700,1412,QB,SEA@LV,16.728,rotoguru_gid,Russell Wilson,dk,5700,russell wilson,SEA,QB,00-0029263,auto_exact,high
Kirk Cousins,QB,MIN,6700,1415,QB,MIN@ARI,24.944,rotoguru_gid,Kirk Cousins,dk,6700,kirk cousins,MIN,QB,00-0029604,auto_exact,high
Sam Darnold,QB,NYJ,5300,1524,QB,NYJ@IND,13.788,rotoguru_gid,Sam Darnold,dk,5300,sam darnold,NYJ,QB,00-0034869,auto_exact,high
C.J. Beathard,QB,SF,5200,1520,QB,SF@GB,15.826666666666668,rotoguru_gid,C.J. Beathard,dk,5200,cj beathard,SF,QB,00-0033936,auto_exact,high
Andy Dalton,QB,CIN,6300,1403,QB,CIN@PIT,21.58,rotoguru_gid,Andy Dalton,dk,6300,andy dalton,CIN,QB,00-0027973,auto_exact,high
Alex Smith,QB,WAS,5400,1254,QB,WAS@CAR,16.545,rotoguru_gid,Alex Smith,dk,5400,alex smith,WAS,QB,00-0023436,auto_exact,high
Philip Rivers,QB,LAC,5900,1231,QB,LAC@CLE,23.96,rotoguru_gid,Philip Rivers,dk,5900,philip rivers,LAC,QB,00-0022942,auto_exact,high
Baker Mayfield,QB,CLE,5500,1528,QB,CLE@LAC,16.206666666666667,rotoguru_gid,Baker Mayfield,dk,5500,baker mayfield,CLE,QB,00-0034855,auto_exact,high
Joe Flacco,QB,BAL,5200,1302,QB,BAL@TEN,19.66,rotoguru_gid,Joe Flacco,dk,5200,joe flacco,BAL,QB,00-0026158,auto_exact,high
Blake Bortles,QB,JAX,5600,1442,QB,JAX@DAL,23.328,rotoguru_gid,Blake Bortles,dk,5600,blake bortles,JAX,QB,00-0031407,auto_exact,high
Eli Manning,QB,NYG,5300,1225,QB,NYG@PHI,16.488,rotoguru_gid,Eli Manning,dk,5300,eli manning,NYG,QB,00-0022803,auto_exact,high
Josh Rosen,QB,ARI,4700,1525,QB,ARI@MIN,8.213333333333333,rotoguru_gid,Josh Rosen,dk,4700,josh rosen,ARI,QB,00-0034343,auto_exact,high
Jared Goff,QB,LA,6000,1490,QB,LA@DEN,26.156,rotoguru_gid,Jared Goff,dk,6000,jared goff,LA,QB,00-0033106,auto_exact,high
Deshaun Watson,QB,HOU,6400,1518,QB,HOU@BUF,25.788,rotoguru_gid,Deshaun Watson,dk,6400,deshaun watson,HOU,QB,00-0033537,auto_exact,high
Marcus Mariota,QB,TEN,5400,1466,QB,TEN@BAL,13.06,rotoguru_gid,Marcus Mariota,dk,5400,marcus mariota,TEN,QB,00-0032268,auto_exact,high
Derek Carr,QB,LV,5100,1441,QB,LV@SEA,19.428,rotoguru_gid,Derek Carr,dk,5100,derek carr,LV,QB,00-0031280,auto_exact,high
Josh Allen,QB,BUF,4700,1529,QB,BUF@HOU,12.684,rotoguru_gid,Josh Allen,dk,4700,josh allen,BUF,QB,00-0034857,auto_exact,high
Nathan Peterman,QB,BUF,4000,1522,QB,BUF@HOU,-0.94,rotoguru_gid,Nathan Peterman,dk,4000,nathan peterman,BUF,QB,00-0033958,auto_exact,high
Lamar Jackson,QB,BAL,4500,1527,QB,BAL@TEN,1.632,rotoguru_gid,Lamar Jackson,dk,4500,lamar jackson,BAL,QB,00-0034796,auto_exact,high
Geno Smith,QB,LAC,4300,1426,QB,LAC@CLE,-0.1,rotoguru_gid,Geno Smith,dk,4300,geno smith,LAC,QB,00-0030565,auto_exact,high
Cooper Rush,QB,DAL,4200,1521,QB,DAL@JAX,,rotoguru_gid,Cooper Rush,dk,4200,cooper rush,DAL,QB,,,
Joe Webb,QB,HOU,4000,5071,QB,HOU@BUF,0.0,rotoguru_gid,Joe Webb,dk,4000,joe webb,HOU,QB,00-0027796,auto_exact,high
Chad Kelly,QB,DEN,4500,1533,QB,DEN@LA,,rotoguru_gid,Chad Kelly,dk,4500,chad kelly,DEN,QB,00-0033597,auto_exact,high
Saquon Barkley,RB,NYG,7400,5614,RB,NYG@PHI,24.44,rotoguru_gid,Saquon Barkley,dk,7400,saquon barkley,NYG,RB,00-0034844,auto_exact,high
Todd Gurley,RB,LA,10000,2992,RB,LA@DEN,29.3,rotoguru_gid,Todd Gurley,dk,10000,todd gurley,LA,RB,00-0032241,auto_exact,high
Melvin Gordon,RB,LAC,8200,2991,RB,LAC@CLE,26.7,rotoguru_gid,Melvin Gordon,dk,8200,melvin gordon,LAC,RB,00-0032144,auto_exact,high
Kareem Hunt,RB,KC,6600,5560,RB,KC@NE,16.439999999999998,rotoguru_gid,Kareem Hunt,dk,6600,kareem hunt,KC,RB,00-0033923,auto_exact,high
James Conner,RB,PIT,7700,5537,RB,PIT@CIN,23.82,rotoguru_gid,James Conner,dk,7700,james conner,PIT,RB,00-0033553,auto_exact,high
Latavius Murray,RB,MIN,4700,2899,RB,MIN@ARI,5.52,rotoguru_gid,Latavius Murray,dk,4700,latavius murray,MIN,RB,00-0030513,auto_exact,high
Sony Michel,RB,NE,5800,5615,RB,NE@KC,12.3,rotoguru_gid,Sony Michel,dk,5800,sony michel,NE,RB,00-0034845,auto_exact,high
Tarik Cohen,RB,CHI,4600,5564,RB,CHI@MIA,13.45,rotoguru_gid,Tarik Cohen,dk,4600,tarik cohen,CHI,RB,00-0033556,auto_exact,high
Ezekiel Elliott,RB,DAL,7000,5444,RB,DAL@JAX,21.7,rotoguru_gid,Ezekiel Elliott,dk,7000,ezekiel elliott,DAL,RB,00-0033045,auto_exact,high
Peyton Barber,RB,TB,3500,5507,RB,TB@ATL,4.525,rotoguru_gid,Peyton Barber,dk,3500,peyton barber,TB,RB,00-0032741,auto_exact,high
Joe Mixon,RB,CIN,7500,5535,RB,CIN@PIT,18.7,rotoguru_gid,Joe Mixon,dk,7500,joe mixon,CIN,RB,00-0033897,auto_exact,high
Alex Collins,RB,BAL,4600,5450,RB,BAL@TEN,10.88,rotoguru_gid,Alex Collins,dk,4600,alex collins,BAL,RB,00-0032426,auto_exact,high
Frank Gore,RB,MIA,3700,2467,RB,MIA@CHI,6.539999999999999,rotoguru_gid,Frank Gore,dk,3700,frank gore,MIA,RB,00-0023500,auto_exact,high
Corey Clement,RB,PHI,4400,5583,RB,PHI@NYG,10.866666666666667,rotoguru_gid,Corey Clement,dk,4400,corey clement,PHI,RB,00-0033725,auto_exact,high
Duke Johnson,RB,CLE,3700,2997,RB,CLE@LAC,6.119999999999999,rotoguru_gid,Duke Johnson,dk,3700,duke johnson,CLE,RB,00-0032257,auto_exact,high
James White,RB,NE,6900,2954,RB,NE@KC,20.0,rotoguru_gid,James White,dk,6900,james white,NE,RB,00-0031062,auto_exact,high
David Johnson,RB,ARI,5900,5395,RB,ARI@MIN,16.04,rotoguru_gid,David Johnson,dk,5900,david johnson,ARI,RB,00-0032187,auto_exact,high
Christian McCaffrey,RB,CAR,8300,5536,RB,CAR@WAS,22.525,rotoguru_gid,Christian McCaffrey,dk,8300,christian mccaffrey,CAR,RB,00-0033280,auto_exact,high
Phillip Lindsay,RB,DEN,4500,5630,RB,DEN@LA,12.46,rotoguru_gid,Phillip Lindsay,dk,4500,phillip lindsay,DEN,RB,00-0034109,auto_exact,high
LeSean McCoy,RB,BUF,5500,2707,RB,BUF@HOU,8.350000000000001,rotoguru_gid,LeSean McCoy,dk,5500,lesean mccoy,BUF,RB,00-0027029,auto_exact,high
Jalen Richard,RB,LV,3400,5490,RB,LV@SEA,9.48,rotoguru_gid,Jalen Richard,dk,3400,jalen richard,LV,RB,00-0033025,auto_exact,high
Matt Breida,RB,SF,5500,5567,RB,SF@GB,14.38,rotoguru_gid,Matt Breida,dk,5500,matt breida,SF,RB,00-0033308,auto_exact,high
Tevin Coleman,RB,ATL,5400,2994,RB,ATL@TB,11.88,rotoguru_gid,Tevin Coleman,dk,5400,tevin coleman,ATL,RB,00-0032058,auto_exact,high
Kenyan Drake,RB,MIA,4600,5446,RB,MIA@CHI,11.34,rotoguru_gid,Kenyan Drake,dk,4600,kenyan drake,MIA,RB,00-0033118,auto_exact,high
Marlon Mack,RB,IND,3800,5548,RB,IND@NYJ,2.3,rotoguru_gid,Marlon Mack,dk,3800,marlon mack,IND,RB,00-0033951,auto_exact,high
Ty Montgomery,RB,GB,3600,5392,RB,GB@SF,7.279999999999999,rotoguru_gid,Ty Montgomery,dk,3600,ty montgomery,GB,RB,00-0032200,auto_fallback_name_only_position_mismatch,low
Ito Smith,RB,ATL,3100,5658,RB,ATL@TB,8.675,rotoguru_gid,Ito Smith,dk,3100,ito smith,ATL,RB,00-0034378,auto_exact,high
T.J. Yeldon,RB,JAX,6400,2993,RB,JAX@DAL,18.04,rotoguru_gid,T.J. Yeldon,dk,6400,tj yeldon,JAX,RB,00-0032209,auto_exact,high
Adrian Peterson,RB,WAS,4800,2553,RB,WAS@CAR,16.2,rotoguru_gid,Adrian Peterson,dk,4800,adrian peterson,WAS,RB,00-0025394,auto_exact,high
Lamar Miller,RB,HOU,4700,2859,RB,HOU@BUF,10.225,rotoguru_gid,Lamar Miller,dk,4700,lamar miller,HOU,RB,00-0029615,auto_exact,high
Rashaad Penny,RB,SEA,3600,5618,RB,SEA@LV,3.3400000000000007,rotoguru_gid,Rashaad Penny,dk,3600,rashaad penny,SEA,RB,00-0034750,auto_exact,high
Marshawn Lynch,RB,LV,5300,2552,RB,LV@SEA,14.62,rotoguru_gid,Marshawn Lynch,dk,5300,marshawn lynch,LV,RB,00-0025399,auto_exact,high
Raheem Mostert,RB,SF,3300,5414,RB,SF@GB,0.54,rotoguru_gid,Raheem Mostert,dk,3300,raheem mostert,SF,RB,00-0031687,auto_exact,high
Isaiah Crowell,RB,NYJ,5000,2969,RB,NYJ@IND,16.919999999999998,rotoguru_gid,Isaiah Crowell,dk,5000,isaiah crowell,NYJ,RB,00-0030656,auto_exact,high
Alfred Blue,RB,HOU,4400,2960,RB,HOU@BUF,7.779999999999999,rotoguru_gid,Alfred Blue,dk,4400,alfred blue,HOU,RB,00-0031075,auto_exact,high
Wayne Gallman,RB,NYG,3800,5547,RB,NYG@PHI,2.38,rotoguru_gid,Wayne Gallman,dk,3800,wayne gallman,NYG,RB,00-0033950,auto_exact,high
Wendell Smallwood,RB,PHI,4100,5473,RB,PHI@NYG,9.52,rotoguru_gid,Wendell Smallwood,dk,4100,wendell smallwood,PHI,RB,00-0032782,auto_exact,high
Austin Ekeler,RB,LAC,4200,5575,RB,LAC@CLE,14.4,rotoguru_gid,Austin Ekeler,dk,4200,austin ekeler,LAC,RB,00-0033699,auto_exact,high
Chris Carson,RB,SEA,4400,5565,RB,SEA@LV,13.1,rotoguru_gid,Chris Carson,dk,4400,chris carson,SEA,RB,00-0033594,auto_exact,high
Jordan Howard,RB,CHI,6500,5447,RB,CHI@MIA,11.025,rotoguru_gid,Jordan Howard,dk,6500,jordan howard,CHI,RB,00-0032780,auto_exact,high
Bilal Powell,RB,NYJ,4500,2819,RB,NYJ@IND,10.38,rotoguru_gid,Bilal Powell,dk,4500,bilal powell,NYJ,RB,00-0028064,auto_exact,high
Nyheim Hines,RB,IND,5100,5623,RB,IND@NYJ,14.66,rotoguru_gid,Nyheim Hines,dk,5100,nyheim hines,IND,RB,00-0034367,auto_exact,high
Kyle Juszczyk,RB,SF,3800,2908,RB,SF@GB,8.18,rotoguru_gid,Kyle Juszczyk,dk,3800,kyle juszczyk,SF,RB,00-0029892,auto_exact,high
Jamaal Williams,RB,GB,4100,5541,RB,GB@SF,6.640000000000001,rotoguru_gid,Jamaal Williams,dk,4100,jamaal williams,GB,RB,00-0033948,auto_exact,high
Devontae Booker,RB,DEN,3800,5468,RB,DEN@LA,5.58,rotoguru_gid,Devontae Booker,dk,3800,devontae booker,DEN,RB,00-0032972,auto_exact,high
Javorius Allen,RB,BAL,4800,5370,RB,BAL@TEN,13.34,rotoguru_gid,Javorius Allen,dk,4800,javorius allen,BAL,RB,00-0031577,auto_exact,high
Ronald Jones,RB,TB,3900,5617,RB,TB@ATL,3.8,rotoguru_gid,Ronald Jones,dk,3900,ronald jones,TB,RB,00-0034816,auto_exact,high
Aaron Jones,RB,GB,4600,5543,RB,GB@SF,9.6,rotoguru_gid,Aaron Jones,dk,4600,aaron jones,GB,RB,00-0033293,auto_exact,high
Mike Davis,RB,SEA,4100,5320,RB,SEA@LV,12.45,rotoguru_gid,Mike Davis,dk,4100,mike davis,SEA,RB,00-0032063,auto_exact,high
Derrick Henry,RB,TEN,4000,5445,RB,TEN@BAL,5.284,rotoguru_gid,Derrick Henry,dk,4000,derrick henry,TEN,RB,00-0032764,auto_exact,high
Spencer Ware,RB,KC,3600,2914,RB,KC@NE,2.64,rotoguru_gid,Spencer Ware,dk,3600,spencer ware,KC,RB,00-0030414,auto_exact,high
Dion Lewis,RB,TEN,4700,2816,RB,TEN@BAL,11.34,rotoguru_gid,Dion Lewis,dk,4700,dion lewis,TEN,RB,00-0028087,auto_exact,high
Carlos Hyde,RB,CLE,4900,2933,RB,CLE@LAC,14.74,rotoguru_gid,Carlos Hyde,dk,4900,carlos hyde,CLE,RB,00-0031045,auto_fallback_team_mismatch,medium
Kapri Bibbs,RB,WAS,3000,2963,RB,WAS@CAR,3.6,rotoguru_gid,Kapri Bibbs,dk,3000,kapri bibbs,WAS,RB,00-0031102,auto_fallback_team_mismatch,medium
Nick Chubb,RB,CLE,3700,5622,RB,CLE@LAC,5.96,rotoguru_gid,Nick Chubb,dk,3700,nick chubb,CLE,RB,00-0034791,auto_exact,high
Malcolm Brown,RB,LA,4300,5441,RB,LA@DEN,3.02,rotoguru_gid,Malcolm Brown,dk,4300,malcolm brown,LA,RB,00-0031806,auto_exact,high
James Develin,RB,NE,3000,2825,RB,NE@KC,1.24,rotoguru_gid,James Develin,dk,3000,james develin,NE,RB,00-0027925,auto_exact,high
Justin Jackson,RB,LAC,3000,5682,RB,LAC@CLE,,rotoguru_gid,Justin Jackson,dk,3000,justin jackson,LAC,RB,00-0034440,auto_exact,high
Royce Freeman,RB,DEN,3900,5620,RB,DEN@LA,9.82,rotoguru_gid,Royce Freeman,dk,3900,royce freeman,DEN,RB,00-0034838,auto_exact,high
Mike Boone,RB,MIN,3000,5662,RB,MIN@ARI,1.1,rotoguru_gid,Mike Boone,dk,3000,mike boone,MIN,RB,00-0034208,auto_exact,high
Chris Ivory,RB,BUF,3800,2741,RB,BUF@HOU,6.48,rotoguru_gid,Chris Ivory,dk,3800,chris ivory,BUF,RB,00-0027531,auto_exact,high
Doug Martin,RB,LV,3500,2858,RB,LV@SEA,2.52,rotoguru_gid,Doug Martin,dk,3500,doug martin,LV,RB,00-0029613,auto_exact,high
Robert Turbin,RB,IND,3500,2867,RB,IND@NYJ,0.0,rotoguru_gid,Robert Turbin,dk,3500,robert turbin,IND,RB,00-0029273,auto_exact,high
Jamize Olawale,RB,DAL,3000,2913,RB,DAL@JAX,0.0,rotoguru_gid,Jamize Olawale,dk,3000,jamize olawale,DAL,RB,00-0029492,auto_exact,high
Samaje Perine,RB,WAS,3200,5538,RB,WAS@CAR,,rotoguru_gid,Samaje Perine,dk,3200,samaje perine,WAS,RB,00-0033526,auto_exact,high
Benny Cunningham,RB,CHI,3400,2911,RB,CHI@MIA,0.475,rotoguru_gid,Benny Cunningham,dk,3400,benny cunningham,CHI,RB,00-0029795,auto_exact,high
Anthony Sherman,RB,KC,3000,2822,RB,KC@NE,3.14,rotoguru_gid,Anthony Sherman,dk,3000,anthony sherman,KC,RB,00-0028074,auto_exact,high
Chase Edmonds,RB,ARI,4300,5619,RB,ARI@MIN,3.3600000000000003,rotoguru_gid,Chase Edmonds,dk,4300,chase edmonds,ARI,RB,00-0034681,auto_exact,high
Rod Smith,RB,DAL,4000,3191,RB,DAL@JAX,0.94,rotoguru_gid,Rod Smith,dk,4000,rod smith,DAL,RB,00-0031900,auto_exact,high
Stevan Ridley,RB,PIT,4000,2829,RB,PIT@CIN,1.075,rotoguru_gid,Stevan Ridley,dk,4000,stevan ridley,PIT,RB,00-0028011,auto_exact,high
Derrick Coleman,RB,ARI,3000,2909,RB,ARI@MIN,0.76,rotoguru_gid,Derrick Coleman,dk,3000,derrick coleman,ARI,RB,00-0029068,auto_exact,high
C.J. Ham,RB,MIN,3300,5581,RB,MIN@ARI,2.92,rotoguru_gid,C.J. Ham,dk,3300,cj ham,MIN,RB,00-0032918,auto_exact,high
Damien Williams,RB,KC,3000,2957,RB,KC@NE,0.9600000000000002,rotoguru_gid,Damien Williams,dk,3000,damien williams,KC,RB,00-0030874,auto_exact,high
Jacquizz Rodgers,RB,TB,3200,2818,RB,TB@ATL,2.9,rotoguru_gid,Jacquizz Rodgers,dk,3200,jacquizz rodgers,TB,RB,00-0028083,auto_exact,high
Jordan Wilkins,RB,IND,3600,5625,RB,IND@NYJ,5.779999999999999,rotoguru_gid,Jordan Wilkins,dk,3600,jordan wilkins,IND,RB,00-0034400,auto_exact,high
Tre Madden,RB,SEA,3000,5596,RB,SEA@LV,0.38,rotoguru_gid,Tre Madden,dk,3000,tre madden,SEA,RB,00-0032472,auto_exact,high
Ricky Ortiz,RB,ATL,3000,5676,RB,ATL@TB,0.0,rotoguru_gid,Ricky Ortiz,dk,3000,ricky ortiz,ATL,RB,00-0033374,auto_exact,high
Elijhaa Penny,RB,NYG,3000,5588,RB,NYG@PHI,0.0,rotoguru_gid,Elijhaa Penny,dk,3000,elijhaa penny,NYG,RB,00-0032813,auto_exact,high
Senorise Perry,RB,MIA,3000,2974,RB,MIA@CHI,0.0,rotoguru_gid,Senorise Perry,dk,3000,senorise perry,MIA,RB,00-0031209,auto_exact,high
Tommy Bohanon,RB,JAX,3200,2910,RB,JAX@DAL,0.3,rotoguru_gid,Tommy Bohanon,dk,3200,tommy bohanon,JAX,RB,00-0030112,auto_exact,high
Brandon Bolden,RB,MIA,3000,2874,RB,MIA@CHI,0.0,rotoguru_gid,Brandon Bolden,dk,3000,brandon bolden,MIA,RB,00-0029239,auto_exact,high
Derek Watt,RB,LAC,3000,5504,RB,LAC@CLE,0.02,rotoguru_gid,Derek Watt,dk,3000,derek watt,LAC,RB,00-0032897,auto_exact,high
Keith Smith,RB,LV,3000,5492,RB,LV@SEA,0.8800000000000001,rotoguru_gid,Keith Smith,dk,3000,keith smith,LV,RB,00-0030968,auto_exact,high
Roosevelt Nix,RB,PIT,3000,5403,RB,PIT@CIN,0.58,rotoguru_gid,Roosevelt Nix,dk,3000,roosevelt nix,PIT,RB,00-0030741,auto_exact,high
Alex Armah,RB,CAR,3000,5644,RB,CAR@WAS,1.75,rotoguru_gid,Alex Armah,dk,3000,alex armah,CAR,RB,00-0033296,auto_exact,high
Josh Adams,RB,PHI,3000,5661,RB,PHI@NYG,1.45,rotoguru_gid,Josh Adams,dk,3000,josh adams,PHI,RB,00-0034457,auto_exact,high
Tyler Ervin,RB,HOU,3000,5470,RB,HOU@BUF,0.44,rotoguru_gid,Tyler Ervin,dk,3000,tyler ervin,HOU,RB,00-0032404,auto_exact,high
Justin Davis,RB,LA,3000,5568,RB,LA@DEN,0.0,rotoguru_gid,Justin Davis,dk,3000,justin davis,LA,RB,00-0033760,auto_exact,high
Taiwan Jones,RB,BUF,3000,2820,RB,BUF@HOU,0.0,rotoguru_gid,Taiwan Jones,dk,3000,taiwan jones,BUF,RB,00-0028063,auto_exact,high
Patrick DiMarco,RB,BUF,3000,2805,RB,BUF@HOU,0.6799999999999999,rotoguru_gid,Patrick DiMarco,dk,3000,patrick dimarco,BUF,RB,00-0028581,auto_exact,high
Andy Janovich,RB,DEN,3000,5482,RB,DEN@LA,1.3000000000000005,rotoguru_gid,Andy Janovich,dk,3000,andy janovich,DEN,RB,00-0032956,auto_exact,high
David Fluellen,RB,TEN,3000,2959,RB,TEN@BAL,0.0,rotoguru_gid,David Fluellen,dk,3000,david fluellen,TEN,RB,00-0030711,auto_exact,high
Alfred Morris,RB,SF,4700,2871,RB,SF@GB,8.08,rotoguru_gid,Alfred Morris,dk,4700,alfred morris,SF,RB,00-0029141,auto_exact,high
Trenton Cannon,RB,NYJ,3000,5657,RB,NYJ@IND,0.62,rotoguru_gid,Trenton Cannon,dk,3000,trenton cannon,NYJ,RB,00-0034164,auto_exact,high
Mark Walton,RB,CIN,3500,5629,RB,CIN@PIT,2.6666666666666665,rotoguru_gid,Mark Walton,dk,3500,mark walton,CIN,RB,00-0034679,auto_exact,high
Roc Thomas,RB,MIN,3300,5668,RB,MIN@ARI,1.4,rotoguru_gid,Roc Thomas,dk,3300,roc thomas,MIN,RB,00-0034221,auto_exact,high
Tyreek Hill,WR,KC,7800,5485,WR,KC@NE,20.04,rotoguru_gid,Tyreek Hill,dk,7800,tyreek hill,KC,WR,00-0033040,auto_exact,high
Davante Adams,WR,GB,8000,5263,WR,GB@SF,21.3,rotoguru_gid,Davante Adams,dk,8000,davante adams,GB,WR,00-0031381,auto_exact,high
Albert Wilson,WR,MIA,3800,5339,WR,MIA@CHI,11.436,rotoguru_gid,Albert Wilson,dk,3800,albert wilson,MIA,WR,00-0030669,auto_exact,high
Cole Beasley,WR,DAL,3200,5163,WR,DAL@JAX,7.26,rotoguru_gid,Cole Beasley,dk,3200,cole beasley,DAL,WR,00-0029000,auto_exact,high
Adam Thielen,WR,MIN,8500,5333,WR,MIN@ARI,27.78,rotoguru_gid,Adam Thielen,dk,8500,adam thielen,MIN,WR,00-0030035,auto_exact,high
Marquise Goodwin,WR,SF,4800,5205,WR,SF@GB,5.533333333333334,rotoguru_gid,Marquise Goodwin,dk,4800,marquise goodwin,SF,WR,00-0030068,auto_exact,high
Tyrell Williams,WR,LAC,3700,5432,WR,LAC@CLE,7.92,rotoguru_gid,Tyrell Williams,dk,3700,tyrell williams,LAC,WR,00-0032160,auto_exact,high
Emmanuel Sanders,WR,DEN,6700,3983,WR,DEN@LA,18.380000000000003,rotoguru_gid,Emmanuel Sanders,dk,6700,emmanuel sanders,DEN,WR,00-0027685,auto_exact,high
Alshon Jeffery,WR,PHI,5900,5153,WR,PHI@NYG,16.7,rotoguru_gid,Alshon Jeffery,dk,5900,alshon jeffery,PHI,WR,00-0029137,auto_exact,high
Julio Jones,WR,ATL,7900,5089,WR,ATL@TB,19.5,rotoguru_gid,Julio Jones,dk,7900,julio jones,ATL,WR,00-0027944,auto_exact,high
Tyler Boyd,WR,CIN,6000,5455,WR,CIN@PIT,17.56,rotoguru_gid,Tyler Boyd,dk,6000,tyler boyd,CIN,WR,00-0033009,auto_exact,high
Antonio Brown,WR,PIT,8700,3474,WR,PIT@CIN,21.06,rotoguru_gid,Antonio Brown,dk,8700,antonio brown,PIT,WR,00-0027793,auto_exact,high
JuJu Smith-Schuster,WR,PIT,7300,5553,WR,PIT@CIN,20.2,rotoguru_gid,JuJu Smith-Schuster,dk,7300,juju smith schuster,PIT,WR,00-0033857,auto_exact,high
Robert Woods,WR,LA,6900,5217,WR,LA@DEN,20.34,rotoguru_gid,Robert Woods,dk,6900,robert woods,LA,WR,00-0030431,auto_exact,high
Michael Crabtree,WR,BAL,4700,3872,WR,BAL@TEN,11.0,rotoguru_gid,Michael Crabtree,dk,4700,michael crabtree,BAL,WR,00-0026986,auto_exact,high
Taylor Gabriel,WR,CHI,4300,5361,WR,CHI@MIA,14.75,rotoguru_gid,Taylor Gabriel,dk,4300,taylor gabriel,CHI,WR,00-0031228,auto_exact,high
Jermaine Kearse,WR,NYJ,3500,5186,WR,NYJ@IND,3.525,rotoguru_gid,Jermaine Kearse,dk,3500,jermaine kearse,NYJ,WR,00-0029159,auto_exact,high
Devin Funchess,WR,CAR,4900,5381,WR,CAR@WAS,11.95,rotoguru_gid,Devin Funchess,dk,4900,devin funchess,CAR,WR,00-0032055,auto_exact,high
Chris Godwin,WR,TB,4400,5579,WR,TB@ATL,12.825,rotoguru_gid,Chris Godwin,dk,4400,chris godwin,TB,WR,00-0033921,auto_exact,high
Allen Robinson,WR,CHI,5700,5258,WR,CHI@MIA,11.675,rotoguru_gid,Allen Robinson,dk,5700,allen robinson,CHI,WR,00-0031428,auto_exact,high
DeAndre Hopkins,WR,HOU,7700,5206,WR,HOU@BUF,23.54,rotoguru_gid,DeAndre Hopkins,dk,7700,deandre hopkins,HOU,WR,00-0030564,auto_exact,high
Torrey Smith,WR,CAR,3300,5113,WR,CAR@WAS,4.925000000000001,rotoguru_gid,Torrey Smith,dk,3300,torrey smith,CAR,WR,00-0027996,auto_exact,high
Terrelle Pryor,WR,NYJ,3400,1407,WR,NYJ@IND,6.56,rotoguru_gid,Terrelle Pryor,dk,3400,terrelle pryor,NYJ,WR,00-0028825,auto_fallback_team_mismatch,medium
Marquez Valdes-Scantling,WR,GB,4600,5656,WR,GB@SF,5.18,rotoguru_gid,Marquez Valdes-Scantling,dk,4600,marquez valdes scantling,GB,WR,00-0034272,auto_exact,high
Julian Edelman,WR,NE,6100,3826,WR,NE@KC,12.7,rotoguru_gid,Julian Edelman,dk,6100,julian edelman,NE,WR,00-0027150,auto_exact,high
Chester Rogers,WR,IND,4500,5500,WR,IND@NYJ,9.2,rotoguru_gid,Chester Rogers,dk,4500,chester rogers,IND,WR,00-0032355,auto_exact,high
A.J. Green,WR,CIN,8000,5091,WR,CIN@PIT,19.78,rotoguru_gid,A.J. Green,dk,8000,aj green,CIN,WR,00-0027942,auto_exact,high
Doug Baldwin,WR,SEA,5300,5136,WR,SEA@LV,3.4,rotoguru_gid,Doug Baldwin,dk,5300,doug baldwin,SEA,WR,00-0028434,auto_exact,high
Demaryius Thomas,WR,DEN,5800,3997,WR,DEN@LA,13.460000000000004,rotoguru_gid,Demaryius Thomas,dk,5800,demaryius thomas,DEN,WR,00-0027874,auto_fallback_team_mismatch,medium
Keenan Allen,WR,LAC,7500,5198,WR,LAC@CLE,15.54,rotoguru_gid,Keenan Allen,dk,7500,keenan allen,LAC,WR,00-0030279,auto_exact,high
Damion Ratley,WR,CLE,3000,5678,WR,CLE@LAC,,rotoguru_gid,Damion Ratley,dk,3000,damion ratley,CLE,WR,00-0034273,auto_exact,high
Danny Amendola,WR,MIA,3700,3851,WR,MIA@CHI,6.220000000000001,rotoguru_gid,Danny Amendola,dk,3700,danny amendola,MIA,WR,00-0026035,auto_exact,high
Christian Kirk,WR,ARI,4200,5636,WR,ARI@MIN,9.92,rotoguru_gid,Christian Kirk,dk,4200,christian kirk,ARI,WR,00-0034775,auto_exact,high
David Moore,WR,SEA,3600,5655,WR,SEA@LV,4.94,rotoguru_gid,David Moore,dk,3600,david moore,SEA,WR,00-0033589,auto_exact,high
Marcus Johnson,WR,IND,3000,5587,WR,IND@NYJ,2.2,rotoguru_gid,Marcus Johnson,dk,3000,marcus johnson,IND,WR,00-0032980,auto_exact,high
Willie Snead,WR,BAL,4100,5287,WR,BAL@TEN,10.86,rotoguru_gid,Willie Snead,dk,4100,willie snead,BAL,WR,00-0030663,auto_exact,high
Dede Westbrook,WR,JAX,5000,5603,WR,JAX@DAL,13.5,rotoguru_gid,Dede Westbrook,dk,5000,dede westbrook,JAX,WR,00-0033839,auto_exact,high
Mohamed Sanu,WR,ATL,4800,5159,WR,ATL@TB,12.46,rotoguru_gid,Mohamed Sanu,dk,4800,mohamed sanu,ATL,WR,00-0029632,auto_exact,high
Zay Jones,WR,BUF,3500,5557,WR,BUF@HOU,5.88,rotoguru_gid,Zay Jones,dk,3500,zay jones,BUF,WR,00-0033891,auto_exact,high
DeSean Jackson,WR,TB,5900,3770,WR,TB@ATL,21.6,rotoguru_gid,DeSean Jackson,dk,5900,desean jackson,TB,WR,00-0026189,auto_exact,high
Paul Richardson,WR,WAS,4100,5260,WR,WAS@CAR,9.275,rotoguru_gid,Paul Richardson,dk,4100,paul richardson,WAS,WR,00-0031257,auto_exact,high
Nelson Agholor,WR,PHI,5200,5378,WR,PHI@NYG,11.72,rotoguru_gid,Nelson Agholor,dk,5200,nelson agholor,PHI,WR,00-0031549,auto_exact,high
Chris Hogan,WR,NE,4000,5167,WR,NE@KC,7.459999999999999,rotoguru_gid,Chris Hogan,dk,4000,chris hogan,NE,WR,00-0028237,auto_exact,high
Adam Humphries,WR,TB,3200,5412,WR,TB@ATL,5.875,rotoguru_gid,Adam Humphries,dk,3200,adam humphries,TB,WR,00-0032009,auto_exact,high
Tyler Lockett,WR,SEA,5100,5386,WR,SEA@LV,15.96,rotoguru_gid,Tyler Lockett,dk,5100,tyler lockett,SEA,WR,00-0032211,auto_exact,high
Odell Beckham Jr.,WR,NYG,7800,5323,WR,NYG@PHI,21.276,rotoguru_gid,Odell Beckham Jr.,dk,7800,odell beckham,NYG,WR,00-0031235,auto_exact,high
Anthony Miller,WR,CHI,3500,5632,WR,CHI@MIA,6.666666666666667,rotoguru_gid,Anthony Miller,dk,3500,anthony miller,CHI,WR,00-0034353,auto_exact,high
Mike Evans,WR,TB,8100,5253,WR,TB@ATL,23.65,rotoguru_gid,Mike Evans,dk,8100,mike evans,TB,WR,00-0031408,auto_exact,high
D.J. Moore,WR,CAR,4000,5633,WR,CAR@WAS,6.275,rotoguru_gid,D.J. Moore,dk,4000,dj moore,CAR,WR,00-0034827,auto_exact,high
Zach Pascal,WR,IND,3400,5647,WR,IND@NYJ,4.78,rotoguru_gid,Zach Pascal,dk,3400,zach pascal,IND,WR,00-0033251,auto_exact,high
Josh Gordon,WR,NE,5400,5165,WR,NE@KC,8.966666666666667,rotoguru_gid,Josh Gordon,dk,5400,josh gordon,NE,WR,00-0029664,auto_exact,high
Larry Fitzgerald,WR,ARI,4500,3501,WR,ARI@MIN,6.92,rotoguru_gid,Larry Fitzgerald,dk,4500,larry fitzgerald,ARI,WR,00-0022921,auto_exact,high
Courtland Sutton,WR,DEN,3500,5637,WR,DEN@LA,6.4,rotoguru_gid,Courtland Sutton,dk,3500,courtland sutton,DEN,WR,00-0034348,auto_exact,high
Cody Latimer,WR,NYG,3000,5268,WR,NYG@PHI,2.8666666666666667,rotoguru_gid,Cody Latimer,dk,3000,cody latimer,NYG,WR,00-0031344,auto_exact,high
Seth Roberts,WR,LV,3300,5408,WR,LV@SEA,6.675,rotoguru_gid,Seth Roberts,dk,3300,seth roberts,LV,WR,00-0031166,auto_exact,high
Laquon Treadwell,WR,MIN,3500,5453,WR,MIN@ARI,7.040000000000001,rotoguru_gid,Laquon Treadwell,dk,3500,laquon treadwell,MIN,WR,00-0032951,auto_exact,high
Calvin Ridley,WR,ATL,6300,5631,WR,ATL@TB,17.9,rotoguru_gid,Calvin Ridley,dk,6300,calvin ridley,ATL,WR,00-0034837,auto_exact,high
Pierre Garcon,WR,SF,4700,3754,WR,SF@GB,6.959999999999999,rotoguru_gid,Pierre Garcon,dk,4700,pierre garcon,SF,WR,00-0026345,auto_exact,high
Jaron Brown,WR,SEA,3500,5229,WR,SEA@LV,3.7599999999999993,rotoguru_gid,Jaron Brown,dk,3500,jaron brown,SEA,WR,00-0030300,auto_exact,high
Brandin Cooks,WR,LA,7000,5255,WR,LA@DEN,16.96,rotoguru_gid,Brandin Cooks,dk,7000,brandin cooks,LA,WR,00-0031236,auto_exact,high
Stefon Diggs,WR,MIN,7600,5424,WR,MIN@ARI,21.32,rotoguru_gid,Stefon Diggs,dk,7600,stefon diggs,MIN,WR,00-0031588,auto_exact,high
Keelan Cole,WR,JAX,4800,5570,WR,JAX@DAL,11.9,rotoguru_gid,Keelan Cole,dk,4800,keelan cole,JAX,WR,00-0033681,auto_exact,high
Robby Anderson,WR,NYJ,4600,5502,WR,NYJ@IND,10.44,rotoguru_gid,Robby Anderson,dk,4600,robby anderson,NYJ,WR,00-0032688,manual_override,high
Sterling Shepard,WR,NYG,5700,5456,WR,NYG@PHI,14.48,rotoguru_gid,Sterling Shepard,dk,5700,sterling shepard,NYG,WR,00-0032385,auto_exact,high
Kenny Stills,WR,MIA,4700,5212,WR,MIA@CHI,11.82,rotoguru_gid,Kenny Stills,dk,4700,kenny stills,MIA,WR,00-0030085,auto_exact,high
Kelvin Benjamin,WR,BUF,3400,5257,WR,BUF@HOU,4.86,rotoguru_gid,Kelvin Benjamin,dk,3400,kelvin benjamin,BUF,WR,00-0031359,auto_fallback_team_mismatch,medium
Keke Coutee,WR,HOU,4600,5670,WR,HOU@BUF,21.0,rotoguru_gid,Keke Coutee,dk,4600,keke coutee,HOU,WR,00-0034366,auto_exact,high
Justin Hardy,WR,ATL,3000,5387,WR,ATL@TB,0.2799999999999999,rotoguru_gid,Justin Hardy,dk,3000,justin hardy,ATL,WR,00-0031570,auto_exact,high
Jakeem Grant,WR,MIA,3600,5486,WR,MIA@CHI,10.14,rotoguru_gid,Jakeem Grant,dk,3600,jakeem grant,MIA,WR,00-0032791,auto_exact,high
Tajae Sharpe,WR,TEN,3200,5461,WR,TEN@BAL,4.68,rotoguru_gid,Tajae Sharpe,dk,3200,tajae sharpe,TEN,WR,00-0032778,auto_exact,high
Will Fuller,WR,HOU,6800,5454,WR,HOU@BUF,17.7,rotoguru_gid,Will Fuller,dk,6800,will fuller,HOU,WR,00-0033127,auto_exact,high
Josh Doctson,WR,WAS,3700,5460,WR,WAS@CAR,3.266666666666667,rotoguru_gid,Josh Doctson,dk,3700,josh doctson,WAS,WR,00-0032760,auto_exact,high
Antonio Callaway,WR,CLE,4000,5642,WR,CLE@LAC,7.479999999999999,rotoguru_gid,Antonio Callaway,dk,4000,antonio callaway,CLE,WR,00-0034772,auto_exact,high
Maurice Harris,WR,WAS,3000,5512,WR,WAS@CAR,3.85,rotoguru_gid,Maurice Harris,dk,3000,maurice harris,WAS,WR,00-0032362,auto_exact,high
John Brown,WR,BAL,5500,5264,WR,BAL@TEN,16.0,rotoguru_gid,John Brown,dk,5500,john brown,BAL,WR,00-0031051,auto_exact,high
Jordan Matthews,WR,PHI,3400,5254,WR,PHI@NYG,6.033333333333332,rotoguru_gid,Jordan Matthews,dk,3400,jordan matthews,PHI,WR,00-0031299,auto_fallback_name_only_position_mismatch,low
Ryan Grant,WR,IND,4600,2580,WR,IND@NYJ,10.92,rotoguru_gid,Ryan Grant,dk,4600,ryan grant,IND,WR,00-0031068,auto_exact,high
Chris Moore,WR,BAL,3000,5479,WR,BAL@TEN,2.16,rotoguru_gid,Chris Moore,dk,3000,chris moore,BAL,WR,00-0032398,auto_exact,high
Martavis Bryant,WR,LV,3500,5367,WR,LV@SEA,7.9,rotoguru_gid,Martavis Bryant,dk,3500,martavis bryant,LV,WR,00-0031373,auto_exact,high
Sammy Watkins,WR,KC,5400,5252,WR,KC@NE,11.9,rotoguru_gid,Sammy Watkins,dk,5400,sammy watkins,KC,WR,00-0031325,auto_exact,high
Michael Gallup,WR,DAL,3000,5634,WR,DAL@JAX,2.84,rotoguru_gid,Michael Gallup,dk,3000,michael gallup,DAL,WR,00-0034764,auto_exact,high
Corey Davis,WR,TEN,5800,5550,WR,TEN@BAL,14.220000000000002,rotoguru_gid,Corey Davis,dk,5800,corey davis,TEN,WR,00-0033871,auto_exact,high
Brian Quick,WR,WAS,3000,5157,WR,WAS@CAR,0.8,rotoguru_gid,Brian Quick,dk,3000,brian quick,WAS,WR,00-0029640,auto_exact,high
Kendrick Bourne,WR,SF,3200,5598,WR,SF@GB,6.16,rotoguru_gid,Kendrick Bourne,dk,3200,kendrick bourne,SF,WR,00-0033307,auto_exact,high
Jarvis Landry,WR,CLE,6600,5335,WR,CLE@LAC,16.220000000000002,rotoguru_gid,Jarvis Landry,dk,6600,jarvis landry,CLE,WR,00-0031382,auto_exact,high
Andre Holmes,WR,BUF,3100,5177,WR,BUF@HOU,2.22,rotoguru_gid,Andre Holmes,dk,3100,andre holmes,BUF,WR,00-0028263,auto_fallback_team_mismatch,medium
Equanimeous St. Brown,WR,GB,3600,5672,WR,GB@SF,11.9,rotoguru_gid,Equanimeous St. Brown,dk,3600,equanimeous st brown,GB,WR,00-0034279,auto_exact,high
Chris Conley,WR,KC,3200,5385,WR,KC@NE,5.98,rotoguru_gid,Chris Conley,dk,3200,chris conley,KC,WR,00-0032128,auto_exact,high
Tavon Austin,WR,DAL,3000,5199,WR,DAL@JAX,6.92,rotoguru_gid,Tavon Austin,dk,3000,tavon austin,DAL,WR,00-0030525,auto_exact,high
Alex Erickson,WR,CIN,3000,5480,WR,CIN@PIT,1.6,rotoguru_gid,Alex Erickson,dk,3000,alex erickson,CIN,WR,00-0032543,auto_exact,high
Cordarrelle Patterson,WR,NE,3300,5208,WR,NE@KC,7.0,rotoguru_gid,Cordarrelle Patterson,dk,3300,cordarrelle patterson,NE,WR,00-0030578,auto_fallback_name_only_position_mismatch,low
Jordy Nelson,WR,LV,4900,3751,WR,LV@SEA,14.939999999999998,rotoguru_gid,Jordy Nelson,dk,4900,jordy nelson,LV,WR,00-0026176,auto_exact,high
Mike Williams,WR,LAC,4300,5594,WR,LAC@CLE,11.64,rotoguru_gid,Mike Williams,dk,4300,mike williams,LAC,WR,00-0033536,auto_exact,high
Taywan Taylor,WR,TEN,3900,5555,WR,TEN@BAL,7.779999999999999,rotoguru_gid,Taywan Taylor,dk,3900,taywan taylor,TEN,WR,00-0033911,auto_exact,high
Brandon Marshall,WR,SEA,3700,3627,WR,SEA@LV,5.7,rotoguru_gid,Brandon Marshall,dk,3700,brandon marshall,SEA,WR,00-0024334,auto_exact,high
DeAndre Carter,WR,PHI,3000,5654,WR,PHI@NYG,0.6666666666666666,rotoguru_gid,DeAndre Carter,dk,3000,deandre carter,PHI,WR,00-0031763,auto_fallback_team_mismatch,medium
J'Mon Moore,WR,GB,3000,5684,WR,GB@SF,,rotoguru_gid,J'Mon Moore,dk,3000,jmon moore,GB,WR,00-0034268,auto_exact,high
Russell Gage,WR,ATL,3000,5680,WR,ATL@TB,,rotoguru_gid,Russell Gage,dk,3000,russell gage,ATL,WR,00-0034411,auto_exact,high
J.J. Nelson,WR,ARI,3000,5409,WR,ARI@MIN,0.2799999999999999,rotoguru_gid,J.J. Nelson,dk,3000,jj nelson,ARI,WR,00-0032112,auto_exact,high
Ryan Switzer,WR,PIT,3100,5569,WR,PIT@CIN,5.08,rotoguru_gid,Ryan Switzer,dk,3100,ryan switzer,PIT,WR,00-0033562,auto_exact,high
Dwayne Harris,WR,LV,3000,5130,WR,LV@SEA,0.75,rotoguru_gid,Dwayne Harris,dk,3000,dwayne harris,LV,WR,00-0028114,auto_exact,high
Chad Williams,WR,ARI,3000,5580,WR,ARI@MIN,3.06,rotoguru_gid,Chad Williams,dk,3000,chad williams,ARI,WR,00-0033933,auto_exact,high
Jarius Wright,WR,CAR,3500,5188,WR,CAR@WAS,7.425,rotoguru_gid,Jarius Wright,dk,3500,jarius wright,CAR,WR,00-0029572,auto_exact,high
Cooper Kupp,WR,LA,6500,5552,WR,LA@DEN,21.62,rotoguru_gid,Cooper Kupp,dk,6500,cooper kupp,LA,WR,00-0033908,auto_exact,high
Deonte Thompson,WR,DAL,3000,5160,WR,DAL@JAX,4.24,rotoguru_gid,Deonte Thompson,dk,3000,deonte thompson,DAL,WR,00-0029388,auto_fallback_team_mismatch,medium
Quincy Enunwa,WR,NYJ,5600,5420,WR,NYJ@IND,10.96,rotoguru_gid,Quincy Enunwa,dk,5600,quincy enunwa,NYJ,WR,00-0031023,auto_exact,high
Josh Reynolds,WR,LA,3900,5582,WR,LA@DEN,1.725,rotoguru_gid,Josh Reynolds,dk,3900,josh reynolds,LA,WR,00-0033943,auto_exact,high
Ray-Ray McCloud,WR,BUF,3000,5665,WR,BUF@HOU,1.0,rotoguru_gid,Ray-Ray McCloud,dk,3000,ray ray mccloud,BUF,WR,00-0034407,auto_exact,high
Marcus Kemp,WR,KC,3000,5666,WR,KC@NE,0.5666666666666667,rotoguru_gid,Marcus Kemp,dk,3000,marcus kemp,KC,WR,00-0033481,auto_exact,high
Shelton Gibson,WR,PHI,3000,5611,WR,PHI@NYG,1.16,rotoguru_gid,Shelton Gibson,dk,3000,shelton gibson,PHI,WR,00-0033573,auto_exact,high
DaeSean Hamilton,WR,DEN,3000,5640,WR,DEN@LA,1.48,rotoguru_gid,DaeSean Hamilton,dk,3000,daesean hamilton,DEN,WR,00-0034370,auto_exact,high
Michael Floyd,WR,WAS,3200,5148,WR,WAS@CAR,0.0,rotoguru_gid,Michael Floyd,dk,3200,michael floyd,WAS,WR,00-0029638,auto_exact,high
Phillip Dorsett,WR,NE,3900,5384,WR,NE@KC,10.0,rotoguru_gid,Phillip Dorsett,dk,3900,phillip dorsett,NE,WR,00-0032208,auto_exact,high
Brandon Zylstra,WR,MIN,3000,5677,WR,MIN@ARI,0.0,rotoguru_gid,Brandon Zylstra,dk,3000,brandon zylstra,MIN,WR,00-0034052,auto_exact,high
Jawill Davis,WR,NYG,3000,5667,WR,NYG@PHI,4.7,rotoguru_gid,Jawill Davis,dk,3000,jawill davis,NYG,WR,00-0034499,auto_exact,high
Amari Cooper,WR,LV,5200,5376,WR,LV@SEA,12.580000000000002,rotoguru_gid,Amari Cooper,dk,5200,amari cooper,LV,WR,00-0031544,auto_fallback_team_mismatch,medium
Donte Moncrief,WR,JAX,4400,5344,WR,JAX@DAL,11.38,rotoguru_gid,Donte Moncrief,dk,4400,donte moncrief,JAX,WR,00-0031339,auto_exact,high
Josh Malone,WR,CIN,3000,5599,WR,CIN@PIT,0.44,rotoguru_gid,Josh Malone,dk,3000,josh malone,CIN,WR,00-0033859,auto_exact,high
Allen Hurns,WR,DAL,3000,5341,WR,DAL@JAX,4.48,rotoguru_gid,Allen Hurns,dk,3000,allen hurns,DAL,WR,00-0030821,auto_exact,high
Darius Jennings,WR,TEN,3000,5433,WR,TEN@BAL,2.18,rotoguru_gid,Darius Jennings,dk,3000,darius jennings,TEN,WR,00-0031972,auto_exact,high
Geremy Davis,WR,LAC,3000,5399,WR,LAC@CLE,0.0,rotoguru_gid,Geremy Davis,dk,3000,geremy davis,LAC,WR,00-0031953,auto_exact,high
Demarcus Robinson,WR,KC,3000,5515,WR,KC@NE,2.4799999999999995,rotoguru_gid,Demarcus Robinson,dk,3000,demarcus robinson,KC,WR,00-0032775,auto_exact,high
Jaydon Mickens,WR,JAX,3000,5600,WR,JAX@DAL,0.0,rotoguru_gid,Jaydon Mickens,dk,3000,jaydon mickens,JAX,WR,00-0033006,auto_exact,high
Kamar Aiken,WR,PHI,3000,5275,WR,PHI@NYG,2.825,rotoguru_gid,Kamar Aiken,dk,3000,kamar aiken,PHI,WR,00-0028497,auto_exact,high
D.J. Chark,WR,JAX,3500,5659,WR,JAX@DAL,2.9250000000000003,rotoguru_gid,D.J. Chark,dk,3500,dj chark,JAX,WR,00-0034777,auto_exact,high
James Washington,WR,PIT,3400,5635,WR,PIT@CIN,3.18,rotoguru_gid,James Washington,dk,3400,james washington,PIT,WR,00-0034676,auto_exact,high
KhaDarel Hodge,WR,LA,3000,5675,WR,LA@DEN,2.4,rotoguru_gid,KhaDarel Hodge,dk,3000,khadarel hodge,LA,WR,00-0034854,auto_exact,high
Andre Roberts,WR,NYJ,3000,3978,WR,NYJ@IND,1.52,rotoguru_gid,Andre Roberts,dk,3000,andre roberts,NYJ,WR,00-0027691,auto_exact,high
DeVante Parker,WR,MIA,3300,5380,WR,MIA@CHI,6.0,rotoguru_gid,DeVante Parker,dk,3300,devante parker,MIA,WR,00-0031547,auto_exact,high
Robert Foster,WR,BUF,3000,5649,WR,BUF@HOU,1.0,rotoguru_gid,Robert Foster,dk,3000,robert foster,BUF,WR,00-0034510,auto_exact,high
Sammie Coates,WR,HOU,3000,5388,WR,HOU@BUF,0.7333333333333334,rotoguru_gid,Sammie Coates,dk,3000,sammie coates,HOU,WR,00-0032166,auto_exact,high
Matthew Slater,WR,NE,3000,3760,WR,NE@KC,0.0,rotoguru_gid,Matthew Slater,dk,3000,matthew slater,NE,WR,00-0026293,auto_exact,high
Victor Bolden,WR,SF,3000,5576,WR,SF@GB,2.0,rotoguru_gid,Victor Bolden,dk,3000,victor bolden,SF,WR,00-0033306,auto_fallback_team_mismatch,medium
Curtis Samuel,WR,CAR,3800,5556,WR,CAR@WAS,11.7,rotoguru_gid,Curtis Samuel,dk,3800,curtis samuel,CAR,WR,00-0033282,auto_exact,high
Cody Core,WR,CIN,3000,5518,WR,CIN@PIT,0.0,rotoguru_gid,Cody Core,dk,3000,cody core,CIN,WR,00-0032795,auto_exact,high
Aldrick Robinson,WR,MIN,3300,5134,WR,MIN@ARI,6.4,rotoguru_gid,Aldrick Robinson,dk,3300,aldrick robinson,MIN,WR,00-0028116,auto_exact,high
Richie James,WR,SF,3000,5674,WR,SF@GB,1.7,rotoguru_gid,Richie James,dk,3000,richie james,SF,WR,00-0034286,auto_exact,high
Rod Streater,WR,CLE,3000,5169,WR,CLE@LAC,-0.55,rotoguru_gid,Rod Streater,dk,3000,rod streater,CLE,WR,00-0029129,auto_exact,high
Justin Hunter,WR,PIT,3000,5207,WR,PIT@CIN,0.8,rotoguru_gid,Justin Hunter,dk,3000,justin hunter,PIT,WR,00-0030521,auto_exact,high
Josh Bellamy,WR,CHI,3000,5191,WR,CHI@MIA,2.95,rotoguru_gid,Josh Bellamy,dk,3000,josh bellamy,CHI,WR,00-0029319,auto_exact,high
Tim Patrick,WR,DEN,3000,5651,WR,DEN@LA,1.04,rotoguru_gid,Tim Patrick,dk,3000,tim patrick,DEN,WR,00-0033375,auto_exact,high
Marvin Hall,WR,ATL,3000,5595,WR,ATL@TB,2.28,rotoguru_gid,Marvin Hall,dk,3000,marvin hall,ATL,WR,00-0033094,auto_exact,high
Kevin White,WR,CHI,3000,5377,WR,CHI@MIA,0.0,rotoguru_gid,Kevin White,dk,3000,kevin white,CHI,WR,00-0031545,auto_exact,high
Austin Hooper,TE,ATL,3500,4677,TE,ATL@TB,9.84,rotoguru_gid,Austin Hooper,dk,3500,austin hooper,ATL,TE,00-0032392,auto_exact,high
David Njoku,TE,CLE,3800,4702,TE,CLE@LAC,7.8,rotoguru_gid,David Njoku,dk,3800,david njoku,CLE,TE,00-0033885,auto_exact,high
Jimmy Graham,TE,GB,4700,4492,TE,GB@SF,10.5,rotoguru_gid,Jimmy Graham,dk,4700,jimmy graham,GB,TE,00-0027696,auto_exact,high
Zach Ertz,TE,PHI,6800,4569,TE,PHI@NYG,19.34,rotoguru_gid,Zach Ertz,dk,6800,zach ertz,PHI,TE,00-0030061,auto_exact,high
Eric Ebron,TE,IND,5400,4601,TE,IND@NYJ,16.9,rotoguru_gid,Eric Ebron,dk,5400,eric ebron,IND,TE,00-0031387,auto_exact,high
O.J. Howard,TE,TB,3500,4700,TE,TB@ATL,9.8,rotoguru_gid,O.J. Howard,dk,3500,oj howard,TB,TE,00-0033879,auto_exact,high
Nick O'Leary,TE,MIA,2500,4661,TE,MIA@CHI,,rotoguru_gid,Nick O'Leary,dk,2500,nick oleary,MIA,TE,00-0032117,auto_exact,high
Vernon Davis,TE,WAS,3000,4323,TE,WAS@CAR,4.025,rotoguru_gid,Vernon Davis,dk,3000,vernon davis,WAS,TE,00-0024221,auto_exact,high
Vance McDonald,TE,PIT,3400,4572,TE,PIT@CIN,10.4,rotoguru_gid,Vance McDonald,dk,3400,vance mcdonald,PIT,TE,00-0030470,auto_exact,high
Chris Herndon,TE,NYJ,2500,4734,TE,NYJ@IND,2.425,rotoguru_gid,Chris Herndon,dk,2500,chris herndon,NYJ,TE,00-0034766,auto_exact,high
Rob Gronkowski,TE,NE,6100,4494,TE,NE@KC,12.36,rotoguru_gid,Rob Gronkowski,dk,6100,rob gronkowski,NE,TE,00-0027656,auto_exact,high
Trey Burton,TE,CHI,4500,4618,TE,CHI@MIA,10.2,rotoguru_gid,Trey Burton,dk,4500,trey burton,CHI,TE,00-0030710,auto_exact,high
Ricky Seals-Jones,TE,ARI,2700,4712,TE,ARI@MIN,5.66,rotoguru_gid,Ricky Seals-Jones,dk,2700,ricky seals jones,ARI,TE,00-0033611,auto_exact,high
C.J. Uzomah,TE,CIN,3000,4656,TE,CIN@PIT,5.340000000000001,rotoguru_gid,C.J. Uzomah,dk,3000,cj uzomah,CIN,TE,00-0032134,auto_exact,high
Travis Kelce,TE,KC,7100,4582,TE,KC@NE,19.14,rotoguru_gid,Travis Kelce,dk,7100,travis kelce,KC,TE,00-0030506,auto_exact,high
Greg Olsen,TE,CAR,4300,4368,TE,CAR@WAS,5.3,rotoguru_gid,Greg Olsen,dk,4300,greg olsen,CAR,TE,00-0025418,auto_exact,high
Jordan Reed,TE,WAS,5200,4573,TE,WAS@CAR,9.725,rotoguru_gid,Jordan Reed,dk,5200,jordan reed,WAS,TE,00-0030472,auto_exact,high
Cameron Brate,TE,TB,3700,4648,TE,TB@ATL,6.075,rotoguru_gid,Cameron Brate,dk,3700,cameron brate,TB,TE,00-0031273,auto_exact,high
Kyle Rudolph,TE,MIN,4400,4537,TE,MIN@ARI,11.58,rotoguru_gid,Kyle Rudolph,dk,4400,kyle rudolph,MIN,TE,00-0027981,auto_exact,high
Jesse James,TE,PIT,2900,4653,TE,PIT@CIN,9.16,rotoguru_gid,Jesse James,dk,2900,jesse james,PIT,TE,00-0032135,auto_exact,high
Erik Swoope,TE,IND,2500,4626,TE,IND@NYJ,5.8,rotoguru_gid,Erik Swoope,dk,2500,erik swoope,IND,TE,00-0030854,auto_exact,high
George Kittle,TE,SF,5700,4703,TE,SF@GB,14.78,rotoguru_gid,George Kittle,dk,5700,george kittle,SF,TE,00-0033288,auto_exact,high
Charles Clay,TE,BUF,2700,4543,TE,BUF@HOU,3.78,rotoguru_gid,Charles Clay,dk,2700,charles clay,BUF,TE,00-0028112,auto_exact,high
James O'Shaughnessy,TE,JAX,2600,4664,TE,JAX@DAL,2.64,rotoguru_gid,James O'Shaughnessy,dk,2600,james oshaughnessy,JAX,TE,00-0031951,auto_exact,high
Lance Kendricks,TE,GB,2500,4538,TE,GB@SF,2.8,rotoguru_gid,Lance Kendricks,dk,2500,lance kendricks,GB,TE,00-0027985,auto_exact,high
Xavier Grimble,TE,PIT,2500,4604,TE,PIT@CIN,0.38,rotoguru_gid,Xavier Grimble,dk,2500,xavier grimble,PIT,TE,00-0031035,auto_exact,high
Jeff Heuerman,TE,DEN,2600,4676,TE,DEN@LA,4.34,rotoguru_gid,Jeff Heuerman,dk,2600,jeff heuerman,DEN,TE,00-0032227,auto_exact,high
Gerald Everett,TE,LA,2900,4705,TE,LA@DEN,2.925,rotoguru_gid,Gerald Everett,dk,2900,gerald everett,LA,TE,00-0033895,auto_exact,high
Geoff Swaim,TE,DAL,2900,4668,TE,DAL@JAX,7.18,rotoguru_gid,Geoff Swaim,dk,2900,geoff swaim,DAL,TE,00-0032141,auto_exact,high
Mark Andrews,TE,BAL,2600,4721,TE,BAL@TEN,6.1,rotoguru_gid,Mark Andrews,dk,2600,mark andrews,BAL,TE,00-0034753,auto_exact,high
Jermaine Gresham,TE,ARI,2700,4493,TE,ARI@MIN,1.3333333333333333,rotoguru_gid,Jermaine Gresham,dk,2700,jermaine gresham,ARI,TE,00-0027873,auto_exact,high
Scott Simonson,TE,NYG,2500,4620,TE,NYG@PHI,0.3399999999999999,rotoguru_gid,Scott Simonson,dk,2500,scott simonson,NYG,TE,00-0031167,auto_exact,high
Neal Sterling,TE,NYJ,2500,4684,TE,NYJ@IND,2.85,rotoguru_gid,Neal Sterling,dk,2500,neal sterling,NYJ,TE,00-0032120,auto_exact,high
Jared Cook,TE,LV,5000,4437,TE,LV@SEA,17.4,rotoguru_gid,Jared Cook,dk,5000,jared cook,LV,TE,00-0027061,auto_exact,high
Nick Boyle,TE,BAL,2500,4660,TE,BAL@TEN,4.279999999999999,rotoguru_gid,Nick Boyle,dk,2500,nick boyle,BAL,TE,00-0031598,auto_exact,high
Rico Gathers,TE,DAL,2500,4735,TE,DAL@JAX,1.05,rotoguru_gid,Rico Gathers,dk,2500,rico gathers,DAL,TE,00-0033054,auto_exact,high
Jonnu Smith,TE,TEN,2600,4706,TE,TEN@BAL,0.82,rotoguru_gid,Jonnu Smith,dk,2600,jonnu smith,TEN,TE,00-0033858,auto_exact,high
Mike Gesicki,TE,MIA,2700,4719,TE,MIA@CHI,3.14,rotoguru_gid,Mike Gesicki,dk,2700,mike gesicki,MIA,TE,00-0034829,auto_exact,high
Orson Charles,TE,CLE,2500,4561,TE,CLE@LAC,0.0,rotoguru_gid,Orson Charles,dk,2500,orson charles,CLE,TE,00-0029414,auto_exact,high
Dallas Goedert,TE,PHI,2600,4725,TE,PHI@NYG,5.72,rotoguru_gid,Dallas Goedert,dk,2600,dallas goedert,PHI,TE,00-0034351,auto_exact,high
Matt LaCosse,TE,DEN,2500,4674,TE,DEN@LA,1.3199999999999998,rotoguru_gid,Matt LaCosse,dk,2500,matt lacosse,DEN,TE,00-0031744,auto_exact,high
Jordan Akins,TE,HOU,2500,4729,TE,HOU@BUF,3.26,rotoguru_gid,Jordan Akins,dk,2500,jordan akins,HOU,TE,00-0034364,auto_exact,high
Antony Auclair,TE,TB,2500,4716,TE,TB@ATL,0.45,rotoguru_gid,Antony Auclair,dk,2500,antony auclair,TB,TE,00-0033421,auto_exact,high
Antonio Gates,TE,LAC,2800,4270,TE,LAC@CLE,5.54,rotoguru_gid,Antonio Gates,dk,2800,antonio gates,LAC,TE,00-0021547,auto_exact,high
Chris Manhertz,TE,CAR,2500,4697,TE,CAR@WAS,0.0,rotoguru_gid,Chris Manhertz,dk,2500,chris manhertz,CAR,TE,00-0031484,auto_exact,high
Logan Thomas,TE,BUF,2500,1463,TE,BUF@HOU,1.7,rotoguru_gid,Logan Thomas,dk,2500,logan thomas,BUF,TE,00-0031260,auto_exact,high
Garrett Celek,TE,SF,2500,4564,TE,SF@GB,2.38,rotoguru_gid,Garrett Celek,dk,2500,garrett celek,SF,TE,00-0028903,auto_exact,high
Clark Harris,TE,CIN,2500,4391,TE,CIN@PIT,0.0,rotoguru_gid,Clark Harris,dk,2500,clark harris,CIN,TE,00-0025630,manual_override,high
Jeremy Sprinkle,TE,WAS,2500,4714,TE,WAS@CAR,0.0,rotoguru_gid,Jeremy Sprinkle,dk,2500,jeremy sprinkle,WAS,TE,00-0033528,auto_exact,high
Tyler Higbee,TE,LA,2900,4680,TE,LA@DEN,4.35,rotoguru_gid,Tyler Higbee,dk,2900,tyler higbee,LA,TE,00-0033110,auto_exact,high
Dion Sims,TE,CHI,2500,4576,TE,CHI@MIA,0.725,rotoguru_gid,Dion Sims,dk,2500,dion sims,CHI,TE,00-0030422,auto_exact,high
Blake Jarwin,TE,DAL,2500,4733,TE,DAL@JAX,0.42,rotoguru_gid,Blake Jarwin,dk,2500,blake jarwin,DAL,TE,00-0033658,auto_exact,high
Logan Paulsen,TE,ATL,2500,4513,TE,ATL@TB,2.56,rotoguru_gid,Logan Paulsen,dk,2500,logan paulsen,ATL,TE,00-0027215,auto_exact,high
Jordan Leggett,TE,NYJ,2600,4724,TE,NYJ@IND,3.075,rotoguru_gid,Jordan Leggett,dk,2600,jordan leggett,NYJ,TE,00-0033953,auto_exact,high
Darren Fells,TE,CLE,2500,4609,TE,CLE@LAC,3.88,rotoguru_gid,Darren Fells,dk,2500,darren fells,CLE,TE,00-0029738,auto_exact,high
Marcedes Lewis,TE,GB,2500,4324,TE,GB@SF,0.0,rotoguru_gid,Marcedes Lewis,dk,2500,marcedes lewis,GB,TE,00-0024243,auto_exact,high
Ian Thomas,TE,CAR,2800,4730,TE,CAR@WAS,4.3,rotoguru_gid,Ian Thomas,dk,2800,ian thomas,CAR,TE,00-0034365,auto_exact,high
Eric Tomlinson,TE,NYJ,2500,4704,TE,NYJ@IND,2.2,rotoguru_gid,Eric Tomlinson,dk,2500,eric tomlinson,NYJ,TE,00-0031690,auto_exact,high
Derek Carrier,TE,LV,2500,4599,TE,LV@SEA,1.1,rotoguru_gid,Derek Carrier,dk,2500,derek carrier,LV,TE,00-0029119,auto_exact,high
Demetrius Harris,TE,KC,2500,4642,TE,KC@NE,4.425000000000001,rotoguru_gid,Demetrius Harris,dk,2500,demetrius harris,KC,TE,00-0030155,auto_exact,high
Virgil Green,TE,LAC,2600,4542,TE,LAC@CLE,5.08,rotoguru_gid,Virgil Green,dk,2600,virgil green,LAC,TE,00-0028142,auto_exact,high
Lee Smith,TE,LV,2500,4535,TE,LV@SEA,1.325,rotoguru_gid,Lee Smith,dk,2500,lee smith,LV,TE,00-0028097,auto_exact,high
Jordan Thomas,TE,HOU,2500,4731,TE,HOU@BUF,2.62,rotoguru_gid,Jordan Thomas,dk,2500,jordan thomas,HOU,TE,00-0034420,auto_fallback_name_only_position_mismatch,low
Hayden Hurst,TE,BAL,2700,4720,TE,BAL@TEN,1.7,rotoguru_gid,Hayden Hurst,dk,2700,hayden hurst,BAL,TE,00-0034830,auto_exact,high
Seth DeValve,TE,CLE,2500,4690,TE,CLE@LAC,1.8,rotoguru_gid,Seth DeValve,dk,2500,seth devalve,CLE,TE,00-0033080,auto_exact,high
Ryan Griffin,TE,HOU,2500,4592,TE,HOU@BUF,4.8,rotoguru_gid,Ryan Griffin,dk,2500,ryan griffin,HOU,TE,00-0030108,auto_exact,high
MyCole Pruitt,TE,TEN,2500,4669,TE,TEN@BAL,0.0,rotoguru_gid,MyCole Pruitt,dk,2500,mycole pruitt,TEN,TE,00-0031585,auto_exact,high
Dwayne Allen,TE,NE,3000,4551,TE,NE@KC,0.12,rotoguru_gid,Dwayne Allen,dk,3000,dwayne allen,NE,TE,00-0029689,auto_exact,high
Eric Saubert,TE,ATL,2500,4726,TE,ATL@TB,0.36,rotoguru_gid,Eric Saubert,dk,2500,eric saubert,ATL,TE,00-0033576,auto_exact,high
Darrell Daniels,TE,SEA,2500,4708,TE,SEA@LV,0.0,rotoguru_gid,Darrell Daniels,dk,2500,darrell daniels,SEA,TE,00-0033258,auto_fallback_team_mismatch,medium
Ryan Hewitt,TE,IND,2500,2978,TE,IND@NYJ,0.0,rotoguru_gid,Ryan Hewitt,dk,2500,ryan hewitt,IND,TE,00-0030780,auto_exact,high
Alan Cross,TE,TB,2500,4682,TE,TB@ATL,0.0,rotoguru_gid,Alan Cross,dk,2500,alan cross,TB,TE,00-0032745,auto_exact,high
Gabe Holmes,TE,ARI,2500,4718,TE,ARI@MIN,0.0,rotoguru_gid,Gabe Holmes,dk,2500,gabe holmes,ARI,TE,00-0031884,auto_exact,high
Luke Stocker,TE,TEN,2500,4532,TE,TEN@BAL,2.26,rotoguru_gid,Luke Stocker,dk,2500,luke stocker,TEN,TE,00-0028042,auto_exact,high
Daniel Brown,TE,CHI,2500,5436,TE,CHI@MIA,0.0,rotoguru_gid,Daniel Brown,dk,2500,daniel brown,CHI,TE,00-0032098,auto_exact,high
Ben Braunecker,TE,CHI,2500,4691,TE,CHI@MIA,0.0,rotoguru_gid,Ben Braunecker,dk,2500,ben braunecker,CHI,TE,00-0032661,auto_exact,high
Jacob Hollister,TE,NE,2500,4707,TE,NE@KC,3.25,rotoguru_gid,Jacob Hollister,dk,2500,jacob hollister,NE,TE,00-0033387,auto_exact,high
David Morgan,TE,MIN,2500,4694,TE,MIN@ARI,2.15,rotoguru_gid,David Morgan,dk,2500,david morgan,MIN,TE,00-0032430,auto_exact,high
Maxx Williams,TE,BAL,2500,4650,TE,BAL@TEN,5.48,rotoguru_gid,Maxx Williams,dk,2500,maxx williams,BAL,TE,00-0031558,auto_exact,high
Durham Smythe,TE,MIA,2500,4737,TE,MIA@CHI,0.0,rotoguru_gid,Durham Smythe,dk,2500,durham smythe,MIA,TE,00-0034798,auto_exact,high
Tyler Conklin,TE,MIN,2500,4732,TE,MIN@ARI,0.6599999999999999,rotoguru_gid,Tyler Conklin,dk,2500,tyler conklin,MIN,TE,00-0034270,auto_exact,high
Jason Croom,TE,BUF,2500,4728,TE,BUF@HOU,4.26,rotoguru_gid,Jason Croom,dk,2500,jason croom,BUF,TE,00-0033627,auto_exact,high
Brian Parker,TE,DEN,2500,4672,TE,DEN@LA,0.0,rotoguru_gid,Brian Parker,dk,2500,brian parker,DEN,TE,00-0032089,auto_exact,high
Joshua Perkins,TE,PHI,2500,4693,TE,PHI@NYG,2.34,rotoguru_gid,Joshua Perkins,dk,2500,joshua perkins,PHI,TE,00-0032599,manual_override,high
Niles Paul,TE,JAX,2600,5110,TE,JAX@DAL,3.96,rotoguru_gid,Niles Paul,dk,2600,niles paul,JAX,TE,00-0028093,auto_exact,high
Baltimore,DST,BAL,2800,7003,DST,BAL@TEN,7.8,rotoguru_gid,Baltimore,dk,2800,baltimore,BAL,DST,DST_BAL,team_defense,high
Houston,DST,HOU,3500,7032,DST,HOU@BUF,6.8,rotoguru_gid,Houston,dk,3500,houston,HOU,DST,DST_HOU,team_defense,high
Seattle,DST,SEA,2600,7028,DST,SEA@LV,7.4,rotoguru_gid,Seattle,dk,2600,seattle,SEA,DST,DST_SEA,team_defense,high
Buffalo,DST,BUF,2200,7004,DST,BUF@HOU,7.2,rotoguru_gid,Buffalo,dk,2200,buffalo,BUF,DST,DST_BUF,team_defense,high
Arizona,DST,ARI,2000,7001,DST,ARI@MIN,8.0,rotoguru_gid,Arizona,dk,2000,arizona,ARI,DST,DST_ARI,team_defense,high
New York J,DST,NYJ,2900,7021,DST,NYJ@IND,10.6,rotoguru_gid,New York J,dk,2900,new york j,NYJ,DST,DST_NYJ,team_defense,high
Minnesota,DST,MIN,3800,7017,DST,MIN@ARI,6.8,rotoguru_gid,Minnesota,dk,3800,minnesota,MIN,DST,DST_MIN,team_defense,high
Dallas,DST,DAL,2300,7009,DST,DAL@JAX,5.8,rotoguru_gid,Dallas,dk,2300,dallas,DAL,DST,DST_DAL,team_defense,high
Philadelphia,DST,PHI,3000,7023,DST,PHI@NYG,5.6,rotoguru_gid,Philadelphia,dk,3000,philadelphia,PHI,DST,DST_PHI,team_defense,high
LA Chargers,DST,LAC,2700,7026,DST,LAC@CLE,4.8,rotoguru_gid,LA Chargers,dk,2700,la chargers,LAC,DST,DST_LAC,team_defense,high
Washington,DST,WAS,2400,7031,DST,WAS@CAR,6.25,rotoguru_gid,Washington,dk,2400,washington,WAS,DST,DST_WAS,team_defense,high
Denver,DST,DEN,2000,7010,DST,DEN@LA,5.4,rotoguru_gid,Denver,dk,2000,denver,DEN,DST,DST_DEN,team_defense,high
Green Bay,DST,GB,3200,7012,DST,GB@SF,8.8,rotoguru_gid,Green Bay,dk,3200,green bay,GB,DST,DST_GB,team_defense,high
Miami,DST,MIA,2600,7016,DST,MIA@CHI,9.4,rotoguru_gid,Miami,dk,2600,miami,MIA,DST,DST_MIA,team_defense,high
Atlanta,DST,ATL,2100,7002,DST,ATL@TB,1.8,rotoguru_gid,Atlanta,dk,2100,atlanta,ATL,DST,DST_ATL,team_defense,high
Chicago,DST,CHI,3300,7006,DST,CHI@MIA,14.5,rotoguru_gid,Chicago,dk,3300,chicago,CHI,DST,DST_CHI,team_defense,high
LA Rams,DST,LA,3100,7025,DST,LA@DEN,10.0,rotoguru_gid,LA Rams,dk,3100,la rams,LA,DST,DST_LA,team_defense,high
Oakland,DST,LV,2100,7022,DST,LV@SEA,3.6,rotoguru_gid,Oakland,dk,2100,oakland,LV,DST,DST_LV,team_defense,high
Carolina,DST,CAR,2600,7005,DST,CAR@WAS,8.75,rotoguru_gid,Carolina,dk,2600,carolina,CAR,DST,DST_CAR,team_defense,high
Pittsburgh,DST,PIT,2300,7024,DST,PIT@CIN,10.0,rotoguru_gid,Pittsburgh,dk,2300,pittsburgh,PIT,DST,DST_PIT,team_defense,high
San Francisco,DST,SF,2000,7027,DST,SF@GB,3.4,rotoguru_gid,San Francisco,dk,2000,san francisco,SF,DST,DST_SF,team_defense,high
Tennessee,DST,TEN,2500,7030,DST,TEN@BAL,8.6,rotoguru_gid,Tennessee,dk,2500,tennessee,TEN,DST,DST_TEN,team_defense,high
Indianapolis,DST,IND,2500,7013,DST,IND@NYJ,6.4,rotoguru_gid,Indianapolis,dk,2500,indianapolis,IND,DST,DST_IND,team_defense,high
Tampa Bay,DST,TB,2000,7029,DST,TB@ATL,4.0,rotoguru_gid,Tampa Bay,dk,2000,tampa bay,TB,DST,DST_TB,team_defense,high
Kansas City,DST,KC,2100,7015,DST,KC@NE,7.8,rotoguru_gid,Kansas City,dk,2100,kansas city,KC,DST,DST_KC,team_defense,high
New England,DST,NE,2200,7018,DST,NE@KC,6.2,rotoguru_gid,New England,dk,2200,new england,NE,DST,DST_NE,team_defense,high
New York G,DST,NYG,2200,7020,DST,NYG@PHI,3.4,rotoguru_gid,New York G,dk,2200,new york g,NYG,DST,DST_NYG,team_defense,high
Cincinnati,DST,CIN,2400,7007,DST,CIN@PIT,8.6,rotoguru_gid,Cincinnati,dk,2400,cincinnati,CIN,DST,DST_CIN,team_defense,high
Jacksonville,DST,JAX,3600,7014,DST,JAX@DAL,7.8,rotoguru_gid,Jacksonville,dk,3600,jacksonville,JAX,DST,DST_JAX,team_defense,high
Cleveland,DST,CLE,2600,7008,DST,CLE@LAC,9.4,rotoguru_gid,Cleveland,dk,2600,cleveland,CLE,DST,DST_CLE,team_defense,high
