Id,Position,First Name,Nickname,Last Name,FPPG,Played,Salary,Game,Team,Opponent,Injury Indicator,Injury Details,Tier,Unnamed: 14,Unnamed: 15,Roster Position,name,site,salary,normalized_name,normalized_team,position_upper,slate_format,player_id,match_method,match_confidence
133646-129368,RB,Jahmyr,Jahmyr Gibbs,Gibbs,20.02352905273437,17,9100,NO@DET,DET,NO,,,,,,RB/FLEX,Jahmyr Gibbs,fd,9100,jahmyr gibbs,DET,RB,classic,00-0039139,auto_exact,high
133646-85701,WR,Ja'Marr,Ja'Marr Chase,Chase,17.006250381469727,16,8900,TB@CIN,CIN,TB,Q,Knee,,,,WR/FLEX,Ja'Marr Chase,fd,8900,jamarr chase,CIN,WR,classic,00-0036900,auto_exact,high
133646-62239,QB,Josh,Josh Allen,Allen,24.32000054253472,18,8900,BUF@HOU,BUF,HOU,,,,,,QB,Josh Allen,fd,8900,josh allen,BUF,QB,classic,00-0034857,auto_exact,high
133646-136855,RB,Bijan,Bijan Robinson,Robinson,20.723528693704043,17,8800,ATL@PIT,ATL,PIT,,,,,,RB/FLEX,Bijan Robinson,fd,8800,bijan robinson,ATL,RB,classic,00-0038542,auto_exact,high
133646-89675,RB,Jonathan,Jonathan Taylor,Taylor,20.84117575252757,17,8600,BAL@IND,IND,BAL,,,,,,RB/FLEX,Jonathan Taylor,fd,8600,jonathan taylor,IND,RB,classic,00-0036223,auto_exact,high
133646-86997,WR,Amon-Ra,Amon-Ra St. Brown,St. Brown,16.5,17,8600,NO@DET,DET,NO,,,,,,WR/FLEX,Amon-Ra St. Brown,fd,8600,amon ra st brown,DET,WR,classic,00-0036963,auto_exact,high
133646-63115,QB,Lamar,Lamar Jackson,Jackson,17.066153893103966,13,8400,BAL@IND,BAL,IND,,,,,,QB,Lamar Jackson,fd,8400,lamar jackson,BAL,QB,classic,00-0034796,auto_exact,high
133646-39280,RB,Derrick,Derrick Henry,Henry,17.41176470588235,17,8300,BAL@IND,BAL,IND,,,,,,RB/FLEX,Derrick Henry,fd,8300,derrick henry,BAL,RB,classic,00-0032764,auto_exact,high
133646-63336,QB,Joe,Joe Burrow,Burrow,18.1825008392334,8,8200,TB@CIN,CIN,TB,,,,,,QB,Joe Burrow,fd,8200,joe burrow,CIN,QB,classic,00-0036442,auto_exact,high
133646-152113,QB,Caleb,Caleb Williams,Williams,19.67894704718339,19,8000,CHI@CAR,CHI,CAR,,,,,,QB,Caleb Williams,fd,8000,caleb williams,CHI,QB,classic,00-0039918,auto_exact,high
133646-152664,RB,Bucky,Bucky Irving,Irving,12.65,10,7900,TB@CIN,TB,CIN,,,,,,RB/FLEX,Bucky Irving,fd,7900,bucky irving,TB,RB,classic,00-0039361,auto_exact,high
133646-112745,WR,Drake,Drake London,London,15.241666158040363,12,7900,ATL@PIT,ATL,PIT,,,,,,WR/FLEX,Drake London,fd,7900,drake london,ATL,WR,classic,00-0037238,auto_exact,high
133646-91626,RB,James,James Cook III,Cook III,17.62631546823602,19,7800,BUF@HOU,BUF,HOU,,,,,,RB/FLEX,James Cook III,fd,7800,james cook,BUF,RB,classic,00-0037248,auto_exact,high
133646-38435,QB,Jared,Jared Goff,Goff,19.00352926815257,17,7800,NO@DET,DET,NO,,,,,,QB,Jared Goff,fd,7800,jared goff,DET,QB,classic,00-0033106,auto_exact,high
133646-91419,WR,Nico,Nico Collins,Collins,12.706250190734863,16,7700,BUF@HOU,HOU,BUF,,,,,,WR/FLEX,Nico Collins,fd,7700,nico collins,HOU,WR,classic,00-0036554,auto_exact,high
133646-89951,QB,Trevor,Trevor Lawrence,Lawrence,20.808888753255207,18,7700,CLE@JAC,JAC,CLE,,,,,,QB,Trevor Lawrence,fd,7700,trevor lawrence,JAX,QB,classic,00-0036971,auto_exact,high
133646-89493,RB,Chase,Chase Brown,Brown,15.123529770795036,17,7500,TB@CIN,CIN,TB,,,,,,RB/FLEX,Chase Brown,fd,7500,chase brown,CIN,RB,classic,00-0038597,auto_exact,high
133646-41535,QB,Baker,Baker Mayfield,Mayfield,16.995294907513788,17,7500,TB@CIN,TB,CIN,,,,,,QB,Baker Mayfield,fd,7500,baker mayfield,TB,QB,classic,00-0034855,auto_exact,high
133646-87770,WR,Chris,Chris Olave,Olave,14.25,16,7400,NO@DET,NO,DET,,,,,,WR/FLEX,Chris Olave,fd,7400,chris olave,NO,WR,classic,00-0037239,auto_exact,high
133646-63519,QB,Daniel,Daniel Jones,Jones,18.495384803185097,13,7300,BAL@IND,IND,BAL,,,,,,QB,Daniel Jones,fd,7300,daniel jones,IND,QB,classic,00-0035710,auto_exact,high
133646-112295,WR,Zay,Zay Flowers,Flowers,12.31176488539752,17,7300,BAL@IND,BAL,IND,Q,Lower body,,,,WR/FLEX,Zay Flowers,fd,7300,zay flowers,BAL,WR,classic,00-0039064,auto_exact,high
133646-89981,WR,Tee,Tee Higgins,Higgins,12.340000406901042,15,7200,TB@CIN,CIN,TB,Q,Heel,,,,WR/FLEX,Tee Higgins,fd,7200,tee higgins,CIN,WR,classic,00-0036410,auto_exact,high
133646-111631,WR,Jameson,Jameson Williams,Williams,11.72941140567555,17,7100,NO@DET,DET,NO,,,,,,WR/FLEX,Jameson Williams,fd,7100,jameson williams,DET,WR,classic,00-0037240,auto_exact,high
133646-6894,QB,Aaron,Aaron Rodgers,Rodgers,13.907058715820312,17,7100,ATL@PIT,PIT,ATL,,,,,,QB,Aaron Rodgers,fd,7100,aaron rodgers,PIT,QB,classic,00-0023459,auto_exact,high
133646-73048,WR,DK,DK Metcalf,Metcalf,10.556249618530272,16,7000,ATL@PIT,PIT,ATL,Q,Undisclosed,,,,WR/FLEX,DK Metcalf,fd,7000,dk metcalf,PIT,WR,classic,00-0035640,auto_exact,high
133646-103564,WR,Garrett,Garrett Wilson,Wilson,11.642857142857142,7,6900,NYJ@TEN,NYJ,TEN,,,,,,WR/FLEX,Garrett Wilson,fd,6900,garrett wilson,NYJ,WR,classic,00-0037740,auto_exact,high
133646-88431,QB,Tyler,Tyler Shough,Shough,15.450909701260654,11,6900,NO@DET,NO,DET,,,,,,QB,Tyler Shough,fd,6900,tyler shough,NO,QB,classic,00-0040743,auto_exact,high
133646-103064,RB,Breece,Breece Hall,Hall,12.603750228881836,16,6900,NYJ@TEN,NYJ,TEN,Q,Groin,,,,RB/FLEX,Breece Hall,fd,6900,breece hall,NYJ,RB,classic,00-0038120,auto_exact,high
133646-129471,QB,C.J.,C.J. Stroud,Stroud,14.88249969482422,16,6800,BUF@HOU,HOU,BUF,,,,,,QB,C.J. Stroud,fd,6800,cj stroud,HOU,QB,classic,00-0039163,auto_exact,high
133646-167620,WR,Tetairoa,Tetairoa McMillan,McMillan,10.72222222222222,18,6800,CHI@CAR,CAR,CHI,,,,,,WR/FLEX,Tetairoa McMillan,fd,6800,tetairoa mcmillan,CAR,WR,classic,00-0040124,auto_exact,high
133646-119606,QB,Bryce,Bryce Young,Young,15.117647058823527,17,6800,CHI@CAR,CAR,CHI,,,,,,QB,Bryce Young,fd,6800,bryce young,CAR,QB,classic,00-0039150,auto_exact,high
133646-89956,RB,Travis,Travis Etienne Jr.,Etienne Jr.,14.555555555555555,18,6800,NO@DET,NO,DET,,,,,,RB/FLEX,Travis Etienne Jr.,fd,6800,travis etienne,NO,RB,classic,00-0036973,auto_fallback_team_mismatch,medium
133646-120033,WR,Rome,Rome Odunze,Odunze,10.064285278320312,14,6700,CHI@CAR,CHI,CAR,,,,,,WR/FLEX,Rome Odunze,fd,6700,rome odunze,CHI,WR,classic,00-0039919,auto_exact,high
133646-160620,RB,Bhayshul,Bhayshul Tuten,Tuten,5.543749809265137,16,6700,CLE@JAC,JAC,CLE,Q,Illness,,,,RB/FLEX,Bhayshul Tuten,fd,6700,bhayshul tuten,JAX,RB,classic,00-0040719,auto_exact,high
133646-26483,QB,Geno,Geno Smith,Smith,12.926666259765623,15,6700,NYJ@TEN,NYJ,TEN,,,,,,QB,Geno Smith,fd,6700,geno smith,NYJ,QB,classic,00-0030565,auto_fallback_team_mismatch,medium
133646-137516,WR,Parker,Parker Washington,Washington,10.888235653147978,17,6600,CLE@JAC,JAC,CLE,,,,,,WR/FLEX,Parker Washington,fd,6600,parker washington,JAX,WR,classic,00-0038606,auto_exact,high
133646-168356,QB,Cam,Cam Ward,Ward,11.39176492130055,17,6600,NYJ@TEN,TEN,NYJ,,,,,,QB,Cam Ward,fd,6600,cam ward,TEN,QB,classic,00-0040676,auto_exact,high
133646-90572,QB,Tua,Tua Tagovailoa,Tagovailoa,12.764285496303014,14,6600,ATL@PIT,ATL,PIT,,,,,,QB,Tua Tagovailoa,fd,6600,tua tagovailoa,ATL,QB,classic,00-0036212,auto_fallback_team_mismatch,medium
133646-91598,RB,D'Andre,D'Andre Swift,Swift,13.577777438693577,18,6600,CHI@CAR,CHI,CAR,,,,,,RB/FLEX,D'Andre Swift,fd,6600,dandre swift,CHI,RB,classic,00-0036275,auto_exact,high
133646-88797,QB,Michael,Michael Penix Jr.,Penix Jr.,14.03111097547743,9,6600,ATL@PIT,ATL,PIT,Q,Knee - acl,,,,QB,Michael Penix Jr.,fd,6600,michael penix,ATL,QB,classic,00-0039917,auto_exact,high
133646-112057,RB,Jaylen,Jaylen Warren,Warren,12.252941355985756,17,6500,ATL@PIT,PIT,ATL,,,,,,RB/FLEX,Jaylen Warren,fd,6500,jaylen warren,PIT,RB,classic,00-0037228,auto_exact,high
133646-63043,WR,DJ,DJ Moore,Moore,9.188421149002878,19,6500,BUF@HOU,BUF,HOU,,,,,,WR/FLEX,DJ Moore,fd,6500,dj moore,BUF,WR,classic,00-0034827,auto_fallback_team_mismatch,medium
133646-54879,QB,Deshaun,Deshaun Watson,Watson,11.388571602957589,7,6500,CLE@JAC,CLE,JAC,,,,,,QB,Deshaun Watson,fd,6500,deshaun watson,CLE,QB,classic,00-0033537,auto_exact,high
133646-184183,QB,Shedeur,Shedeur Sanders,Sanders,12.237500190734863,8,6500,CLE@JAC,CLE,JAC,,,,,,QB,Shedeur Sanders,fd,6500,shedeur sanders,CLE,QB,classic,00-0040668,auto_exact,high
133646-152655,WR,Emeka,Emeka Egbuka,Egbuka,10.18823511460248,17,6400,TB@CIN,TB,CIN,Q,Toe,,,,WR/FLEX,Emeka Egbuka,fd,6400,emeka egbuka,TB,WR,classic,00-0040129,auto_exact,high
133646-103698,QB,Dillon,Dillon Gabriel,Gabriel,7.208000183105469,10,6400,CLE@JAC,CLE,JAC,IR,Back,,,,QB,Dillon Gabriel,fd,6400,dillon gabriel,CLE,QB,classic,00-0040704,auto_exact,high
133646-169410,RB,Quinshon,Quinshon Judkins,Judkins,11.414285932268417,14,6400,CLE@JAC,CLE,JAC,,,,,,RB/FLEX,Quinshon Judkins,fd,6400,quinshon judkins,CLE,RB,classic,00-0040784,auto_exact,high
133646-55635,WR,Chris,Chris Godwin Jr.,Godwin Jr.,7.722222222222222,9,6300,TB@CIN,TB,CIN,,,,,,WR/FLEX,Chris Godwin Jr.,fd,6300,chris godwin,TB,WR,classic,00-0033921,auto_exact,high
133646-73273,RB,David,David Montgomery,Montgomery,9.289411656996784,17,6300,BUF@HOU,HOU,BUF,,,,,,RB/FLEX,David Montgomery,fd,6300,david montgomery,HOU,RB,classic,00-0035685,auto_fallback_team_mismatch,medium
133646-44715,QB,Cooper,Cooper Rush,Rush,1.4299999475479126,4,6300,ATL@PIT,ATL,PIT,,,,,,QB,Cooper Rush,fd,6300,cooper rush,ATL,QB,classic,00-0033662,auto_fallback_team_mismatch,medium
133646-166092,WR,Luther,Luther Burden III,Burden III,7.035294027889476,17,6200,CHI@CAR,CHI,CAR,Q,Groin,,,,WR/FLEX,Luther Burden III,fd,6200,luther burden,CHI,WR,classic,00-0040735,auto_exact,high
133646-138774,RB,Woody,Woody Marks,Marks,8.994444105360243,18,6200,BUF@HOU,HOU,BUF,,,,,,RB/FLEX,Woody Marks,fd,6200,woody marks,HOU,RB,classic,00-0040583,auto_exact,high
133646-151745,WR,Brian,Brian Thomas Jr.,Thomas Jr.,8.260000101725261,15,6100,CLE@JAC,JAC,CLE,,,,,,WR/FLEX,Brian Thomas Jr.,fd,6100,brian thomas,JAX,WR,classic,00-0039893,auto_exact,high
133646-72297,RB,Rico,Rico Dowdle,Dowdle,11.544444613986546,18,6100,ATL@PIT,PIT,ATL,,,,,,RB/FLEX,Rico Dowdle,fd,6100,rico dowdle,PIT,RB,classic,00-0036139,auto_fallback_team_mismatch,medium
133646-243753,QB,Jack,Jack Strand,Strand,,0,6000,ATL@PIT,ATL,PIT,,,,,,QB,Jack Strand,fd,6000,jack strand,ATL,QB,classic,00-0041194,auto_exact,high
133646-169087,QB,Austin,Austin Reed,Reed,,0,6000,BAL@IND,BAL,IND,,,,,,QB,Austin Reed,fd,6000,austin reed,BAL,QB,classic,00-0039464,auto_exact,high
133646-103591,QB,Graham,Graham Mertz,Mertz,,0,6000,BUF@HOU,HOU,BUF,IR,Knee - acl,,,,QB,Graham Mertz,fd,6000,graham mertz,HOU,QB,classic,00-0040211,auto_exact,high
133646-86200,QB,Sean,Sean Clifford,Clifford,,0,6000,TB@CIN,CIN,TB,,,,,,QB,Sean Clifford,fd,6000,sean clifford,CIN,QB,classic,00-0038391,auto_exact,high
133646-69833,QB,Shane,Shane Buechele,Buechele,3.920000076293945,1,6000,BUF@HOU,BUF,HOU,,,,,,QB,Shane Buechele,fd,6000,shane buechele,BUF,QB,classic,00-0036679,auto_fallback_team_mismatch,medium
133646-86243,QB,Will,Will Levis,Levis,10.99500020345052,12,6000,NYJ@TEN,TEN,NYJ,,,,,,QB,Will Levis,fd,6000,will levis,TEN,QB,classic,00-0039152,auto_exact,high
133646-152820,QB,Taylen,Taylen Green,Green,,0,6000,CLE@JAC,CLE,JAC,,,,,,QB,Taylen Green,fd,6000,taylen green,CLE,QB,classic,00-0041092,auto_exact,high
133646-63759,RB,Tony,Tony Pollard,Pollard,10.488235473632812,17,6000,NYJ@TEN,TEN,NYJ,,,,,,RB/FLEX,Tony Pollard,fd,6000,tony pollard,TEN,RB,classic,00-0035261,auto_exact,high
133646-129315,QB,Anthony,Anthony Richardson Sr.,Richardson Sr.,0.8299999833106995,2,6000,BAL@IND,IND,BAL,,,,,,QB,Anthony Richardson Sr.,fd,6000,anthony richardson,IND,QB,classic,00-0039164,auto_exact,high
133646-90406,QB,Zach,Zach Wilson,Wilson,0.3449999988079071,4,6000,NO@DET,NO,DET,,,,,,QB,Zach Wilson,fd,6000,zach wilson,NO,QB,classic,00-0037013,auto_fallback_team_mismatch,medium
133646-120105,QB,Will,Will Howard,Howard,,0,6000,ATL@PIT,PIT,ATL,Q,Concussion,,,,QB,Will Howard,fd,6000,will howard,PIT,QB,classic,00-0040203,auto_exact,high
133646-86312,WR,Alec,Alec Pierce,Pierce,11.053333536783857,15,6000,BAL@IND,IND,BAL,Q,Ankle,,,,WR/FLEX,Alec Pierce,fd,6000,alec pierce,IND,WR,classic,00-0037664,auto_exact,high
133646-151938,QB,Luke,Luke Altmyer,Altmyer,,0,6000,NO@DET,DET,NO,,,,,,QB,Luke Altmyer,fd,6000,luke altmyer,DET,QB,classic,00-0041453,auto_exact,high
133646-103824,QB,Easton,Easton Stick,Stick,,0,6000,TB@CIN,TB,CIN,,,,,,QB,Easton Stick,fd,6000,easton stick,TB,QB,classic,00-0035282,auto_exact,high
133646-70051,QB,Tyler,Tyler Huntley,Huntley,8.027999877929688,5,6000,BAL@IND,BAL,IND,,,,,,QB,Tyler Huntley,fd,6000,tyler huntley,BAL,QB,classic,00-0035993,auto_exact,high
133646-151969,QB,Miller,Miller Moss,Moss,,0,6000,CHI@CAR,CHI,CAR,,,,,,QB,Miller Moss,fd,6000,miller moss,CHI,QB,classic,00-0041172,auto_exact,high
133646-60840,QB,Jake,Jake Browning,Browning,11.34800033569336,5,6000,TB@CIN,TB,CIN,,,,,,QB,Jake Browning,fd,6000,jake browning,TB,QB,classic,00-0035100,auto_fallback_team_mismatch,medium
133646-166314,QB,Cade,Cade Klubnik,Klubnik,,0,6000,NYJ@TEN,NYJ,TEN,,,,,,QB,Cade Klubnik,fd,6000,cade klubnik,NYJ,QB,classic,00-0041056,auto_exact,high
133646-110000,QB,Connor,Connor Bazelak,Bazelak,,0,6000,TB@CIN,TB,CIN,,,,,,QB,Connor Bazelak,fd,6000,connor bazelak,TB,QB,classic,00-0040415,auto_exact,high
133646-185776,QB,Tyson,Tyson Bagent,Bagent,1.2899999618530271,2,6000,CHI@CAR,CHI,CAR,,,,,,QB,Tyson Bagent,fd,6000,tyson bagent,CHI,QB,classic,00-0038416,auto_exact,high
133646-22994,QB,Case,Case Keenum,Keenum,,0,6000,CHI@CAR,CHI,CAR,,,,,,QB,Case Keenum,fd,6000,case keenum,CHI,QB,classic,00-0028986,auto_exact,high
133646-40407,QB,Joshua,Joshua Dobbs,Dobbs,0.5249999761581421,4,6000,NO@DET,DET,NO,,,,,,QB,Joshua Dobbs,fd,6000,joshua dobbs,DET,QB,classic,00-0033949,auto_fallback_team_mismatch,medium
133646-53729,QB,Mason,Mason Rudolph,Rudolph,2.8466666539510093,6,6000,ATL@PIT,PIT,ATL,,,,,,QB,Mason Rudolph,fd,6000,mason rudolph,PIT,QB,classic,00-0034771,auto_exact,high
133646-134655,QB,Hunter,Hunter Dekkers,Dekkers,,0,6000,NO@DET,NO,DET,,,,,,QB,Hunter Dekkers,fd,6000,hunter dekkers,NO,QB,classic,00-0040656,auto_exact,high
133646-89628,QB,Davis,Davis Mills,Mills,11.59999974568685,6,6000,BUF@HOU,HOU,BUF,,,,,,QB,Davis Mills,fd,6000,davis mills,HOU,QB,classic,00-0036898,auto_exact,high
133646-6714,QB,Joe,Joe Flacco,Flacco,12.512307974008412,13,6000,TB@CIN,CIN,TB,,,,,,QB,Joe Flacco,fd,6000,joe flacco,CIN,QB,classic,00-0026158,auto_exact,high
133646-41562,QB,Nick,Nick Mullens,Mullens,-0.0099999997764825,4,6000,CLE@JAC,JAC,CLE,,,,,,QB,Nick Mullens,fd,6000,nick mullens,JAX,QB,classic,00-0033319,auto_exact,high
133646-135811,QB,Jalon,Jalon Daniels,Daniels,,0,6000,TB@CIN,TB,CIN,,,,,,QB,Jalon Daniels,fd,6000,jalon daniels,TB,QB,classic,00-0041251,auto_exact,high
133646-187015,QB,Joey,Joey Aguilar,Aguilar,,0,6000,CLE@JAC,JAC,CLE,,,,,,QB,Joey Aguilar,fd,6000,joey aguilar,JAX,QB,classic,00-0041203,auto_exact,high
133646-184983,QB,Joe,Joe Fagnano,Fagnano,,0,6000,BAL@IND,BAL,IND,,,,,,QB,Joe Fagnano,fd,6000,joe fagnano,BAL,QB,classic,00-0040981,auto_exact,high
133646-69294,QB,Skylar,Skylar Thompson,Thompson,2.626666704813639,3,6000,BAL@IND,BAL,IND,IR,Undisclosed,,,,QB,Skylar Thompson,fd,6000,skylar thompson,BAL,QB,classic,00-0037327,auto_exact,high
133646-69304,QB,Kyle,Kyle Trask,Trask,-0.050000000745058,4,6000,CHI@CAR,CAR,CHI,,,,,,QB,Kyle Trask,fd,6000,kyle trask,CAR,QB,classic,,,
133646-166588,TE,Colston,Colston Loveland,Loveland,9.411110772026907,18,6000,CHI@CAR,CHI,CAR,,,,,,TE/FLEX,Colston Loveland,fd,6000,colston loveland,CHI,TE,classic,00-0040126,auto_exact,high
133646-139985,QB,Bailey,Bailey Zappe,Zappe,4.5,2,6000,NYJ@TEN,NYJ,TEN,,,,,,QB,Bailey Zappe,fd,6000,bailey zappe,NYJ,QB,classic,,,
133646-38628,QB,Mitchell,Mitchell Trubisky,Trubisky,7.78000020980835,4,6000,NYJ@TEN,TEN,NYJ,Q,Biceps,,,,QB,Mitchell Trubisky,fd,6000,mitchell trubisky,TEN,QB,classic,00-0033869,auto_fallback_team_mismatch,medium
133646-61157,QB,Brett,Brett Rypien,Rypien,0.0,1,6000,BUF@HOU,HOU,BUF,,,,,,QB,Brett Rypien,fd,6000,brett rypien,HOU,QB,classic,00-0034955,auto_fallback_team_mismatch,medium
133646-92975,QB,Malik,Malik Cunningham,Cunningham,0.1000000014901161,1,6000,NO@DET,DET,NO,,,,,,QB,Malik Cunningham,fd,6000,malik cunningham,DET,QB,classic,00-0038911,auto_fallback_name_only_position_mismatch,low
133646-154450,QB,Riley,Riley Leonard,Leonard,6.4,5,6000,BAL@IND,IND,BAL,,,,,,QB,Riley Leonard,fd,6000,riley leonard,IND,QB,classic,00-0040206,auto_exact,high
133646-8023,QB,Josh,Josh Johnson,Johnson,8.793333053588867,3,6000,TB@CIN,CIN,TB,,,,,,QB,Josh Johnson,fd,6000,josh johnson,CIN,QB,classic,00-0026300,auto_fallback_team_mismatch,medium
133646-53095,QB,Kyle,Kyle Allen,Allen,-0.1500000059604644,2,6000,BUF@HOU,BUF,HOU,,,,,,QB,Kyle Allen,fd,6000,kyle allen,BUF,QB,classic,00-0034577,auto_fallback_team_mismatch,medium
133646-88937,QB,Carter,Carter Bradley,Bradley,,0,6000,CLE@JAC,JAC,CLE,IR,Thumb,,,,QB,Carter Bradley,fd,6000,carter bradley,JAX,QB,classic,00-0039534,auto_exact,high
133646-92020,QB,Kenny,Kenny Pickett,Pickett,1.6200000445048015,6,6000,CHI@CAR,CAR,CHI,,,,,,QB,Kenny Pickett,fd,6000,kenny pickett,CAR,QB,classic,00-0038102,auto_fallback_team_mismatch,medium
133646-128944,QB,Haynes,Haynes King,King,,0,6000,CHI@CAR,CAR,CHI,Q,Hamstring,,,,QB,Haynes King,fd,6000,haynes king,CAR,QB,classic,00-0041149,auto_exact,high
133646-111557,QB,Spencer,Spencer Rattler,Rattler,11.515555487738716,9,6000,NO@DET,NO,DET,,,,,,QB,Spencer Rattler,fd,6000,spencer rattler,NO,QB,classic,00-0039376,auto_exact,high
133646-85983,QB,Hendon,Hendon Hooker,Hooker,0.6700000166893005,4,6000,NYJ@TEN,TEN,NYJ,,,,,,QB,Hendon Hooker,fd,6000,hendon hooker,TEN,QB,classic,00-0038550,auto_exact,high
133646-166892,QB,Drew,Drew Allar,Allar,,0,6000,ATL@PIT,PIT,ATL,,,,,,QB,Drew Allar,fd,6000,drew allar,PIT,QB,classic,00-0041565,auto_exact,high
133646-86518,WR,Khalil,Khalil Shakir,Shakir,8.811111450195312,18,5900,BUF@HOU,BUF,HOU,Q,Undisclosed,,,,WR/FLEX,Khalil Shakir,fd,5900,khalil shakir,BUF,WR,classic,00-0037261,auto_exact,high
133646-64555,WR,Calvin,Calvin Ridley,Ridley,5.971428462437221,7,5800,NYJ@TEN,TEN,NYJ,,,,,,WR/FLEX,Calvin Ridley,fd,5800,calvin ridley,TEN,WR,classic,00-0034837,auto_exact,high
133646-63634,WR,Jakobi,Jakobi Meyers,Meyers,8.235294117647058,17,5800,CLE@JAC,JAC,CLE,Q,Hand,,,,WR/FLEX,Jakobi Meyers,fd,5800,jakobi meyers,JAX,WR,classic,00-0034960,auto_exact,high
133646-105646,TE,Sam,Sam LaPorta,LaPorta,9.655555725097656,9,5800,NO@DET,DET,NO,Q,Hip,,,,TE/FLEX,Sam LaPorta,fd,5800,sam laporta,DET,TE,classic,00-0039065,auto_exact,high
133646-87467,RB,Chuba,Chuba Hubbard,Hubbard,8.081250190734863,16,5800,CHI@CAR,CAR,CHI,Q,Hamstring,,,,RB/FLEX,Chuba Hubbard,fd,5800,chuba hubbard,CAR,RB,classic,00-0036555,auto_exact,high
133646-69213,WR,Michael,Michael Pittman Jr.,Pittman Jr.,9.72941140567555,17,5800,ATL@PIT,PIT,ATL,Q,Hamstring,,,,WR/FLEX,Michael Pittman Jr.,fd,5800,michael pittman,PIT,WR,classic,00-0036252,auto_fallback_team_mismatch,medium
133646-158968,RB,Jonathon,Jonathon Brooks,Brooks,2.0,3,5700,CHI@CAR,CAR,CHI,Q,General soreness,,,,RB/FLEX,Jonathon Brooks,fd,5700,jonathon brooks,CAR,RB,classic,00-0039344,auto_exact,high
133646-129291,WR,Tank,Tank Dell,Dell,8.392857142857142,14,5700,BUF@HOU,HOU,BUF,IR,Knee - acl + mcl,,,,WR/FLEX,Tank Dell,fd,5700,tank dell,HOU,WR,classic,00-0038977,auto_exact,high
133646-90561,WR,Jerry,Jerry Jeudy,Jeudy,5.6294115851907165,17,5700,CLE@JAC,CLE,JAC,,,,,,WR/FLEX,Jerry Jeudy,fd,5700,jerry jeudy,CLE,WR,classic,00-0036407,auto_exact,high
133646-172675,WR,Jordyn,Jordyn Tyson,Tyson,,0,5700,NO@DET,NO,DET,IR,Hamstring,,,,WR/FLEX,Jordyn Tyson,fd,5700,jordyn tyson,NO,WR,classic,00-0041029,auto_exact,high
133646-172699,TE,Harold,Harold Fannin Jr.,Fannin Jr.,9.587499618530272,16,5700,CLE@JAC,CLE,JAC,,,,,,TE/FLEX,Harold Fannin Jr.,fd,5700,harold fannin,CLE,TE,classic,00-0040663,auto_exact,high
133646-129305,WR,Josh,Josh Downs,Downs,6.712500095367432,16,5600,BAL@IND,IND,BAL,Q,Calf,,,,WR/FLEX,Josh Downs,fd,5600,josh downs,IND,WR,classic,00-0038997,auto_exact,high
133646-137530,TE,Tyler,Tyler Warren,Warren,8.852941176470589,17,5600,BAL@IND,IND,BAL,Q,Groin,,,,TE/FLEX,Tyler Warren,fd,5600,tyler warren,IND,TE,classic,00-0040128,auto_exact,high
133646-183756,WR,Carnell,Carnell Tate,Tate,,0,5600,NYJ@TEN,TEN,NYJ,Q,Undisclosed,,,,WR/FLEX,Carnell Tate,fd,5600,carnell tate,TEN,WR,classic,00-0041438,auto_exact,high
133646-29253,WR,Keenan,Keenan Allen,Allen,8.288888719346788,18,5600,BAL@IND,IND,BAL,,,,,,WR/FLEX,Keenan Allen,fd,5600,keenan allen,IND,WR,classic,00-0030279,auto_fallback_team_mismatch,medium
133646-144102,RB,Kyle,Kyle Monangai,Monangai,8.331579107987253,19,5600,CHI@CAR,CHI,CAR,Q,Knee,,,,RB/FLEX,Kyle Monangai,fd,5600,kyle monangai,CHI,RB,classic,00-0040236,auto_exact,high
133646-86080,TE,Kyle,Kyle Pitts Sr.,Pitts Sr.,9.988235473632812,17,5500,ATL@PIT,ATL,PIT,,,,,,TE/FLEX,Kyle Pitts Sr.,fd,5500,kyle pitts,ATL,TE,classic,00-0036970,auto_exact,high
133646-42104,RB,Alvin,Alvin Kamara,Kamara,7.654545177112926,11,5500,NO@DET,NO,DET,Q,Knee - mcl,,,,RB/FLEX,Alvin Kamara,fd,5500,alvin kamara,NO,RB,classic,00-0033906,auto_exact,high
133646-90912,RB,Kenny,Kenny Gainwell,Gainwell,10.633332994249132,18,5500,TB@CIN,TB,CIN,,,,,,RB/FLEX,Kenny Gainwell,fd,5500,kenny gainwell,TB,RB,classic,00-0036919,auto_fallback_team_mismatch,medium
133646-147315,WR,Jayden,Jayden Higgins,Higgins,6.489473844829359,19,5500,BUF@HOU,HOU,BUF,IR,Knee - acl,,,,WR/FLEX,Jayden Higgins,fd,5500,jayden higgins,HOU,WR,classic,00-0040130,auto_exact,high
133646-86229,WR,Jahan,Jahan Dotson,Dotson,2.575000047683716,16,5400,ATL@PIT,ATL,PIT,,,,,,WR/FLEX,Jahan Dotson,fd,5400,jahan dotson,ATL,WR,classic,00-0037741,auto_fallback_team_mismatch,medium
133646-120042,WR,Jalen,Jalen McMillan,McMillan,6.724999904632568,4,5400,TB@CIN,TB,CIN,Q,Knee,,,,WR/FLEX,Jalen McMillan,fd,5400,jalen mcmillan,TB,WR,classic,00-0039855,auto_exact,high
133646-151789,WR,Adonai,Adonai Mitchell,Mitchell,4.75,16,5400,NYJ@TEN,NYJ,TEN,,,,,,WR/FLEX,Adonai Mitchell,fd,5400,adonai mitchell,NYJ,WR,classic,00-0039890,auto_exact,high
133646-64808,TE,Juwan,Juwan Johnson,Johnson,8.3176466997932,17,5400,NO@DET,NO,DET,,,,,,TE/FLEX,Juwan Johnson,fd,5400,juwan johnson,NO,TE,classic,00-0036040,auto_exact,high
133646-201547,WR,Jalen,Jalen Coker,Coker,8.40000025431315,12,5400,CHI@CAR,CAR,CHI,,,,,,WR/FLEX,Jalen Coker,fd,5400,jalen coker,CAR,WR,classic,00-0039491,auto_exact,high
133646-87127,RB,Chris,Chris Rodriguez Jr.,Rodriguez Jr.,7.541666666666667,12,5300,CLE@JAC,JAC,CLE,,,,,,RB/FLEX,Chris Rodriguez Jr.,fd,5300,chris rodriguez,JAX,RB,classic,00-0038611,auto_fallback_team_mismatch,medium
133646-103539,WR,Wan'Dale,Wan'Dale Robinson,Robinson,11.306249618530272,16,5300,NYJ@TEN,TEN,NYJ,Q,Head,,,,WR/FLEX,Wan'Dale Robinson,fd,5300,wandale robinson,TEN,WR,classic,00-0038117,auto_fallback_team_mismatch,medium
133646-92575,RB,Isiah,Isiah Pacheco,Pacheco,5.984615619365986,13,5300,NO@DET,DET,NO,IR,Back,,,,RB/FLEX,Isiah Pacheco,fd,5300,isiah pacheco,DET,RB,classic,00-0037197,auto_fallback_team_mismatch,medium
133646-184184,WR,Travis,Travis Hunter,Hunter,7.542857033865792,7,5300,CLE@JAC,JAC,CLE,,,,,,WR/FLEX,Travis Hunter,fd,5300,travis hunter,JAX,WR,classic,00-0040718,auto_fallback_name_only_position_mismatch,low
133646-64389,WR,Nick,Nick Westbrook-Ikhine,Westbrook-Ikhine,1.309090874411843,11,5300,BAL@IND,IND,BAL,,,,,,WR/FLEX,Nick Westbrook-Ikhine,fd,5300,nick westbrook ikhine,IND,WR,classic,00-0036182,auto_fallback_team_mismatch,medium
133646-64496,WR,Olamide,Olamide Zaccheaus,Zaccheaus,4.625,16,5300,ATL@PIT,ATL,PIT,,,,,,WR/FLEX,Olamide Zaccheaus,fd,5300,olamide zaccheaus,ATL,WR,classic,00-0035208,auto_fallback_team_mismatch,medium
133646-145558,TE,Dalton,Dalton Kincaid,Kincaid,10.014285496303014,14,5200,BUF@HOU,BUF,HOU,,,,,,TE/FLEX,Dalton Kincaid,fd,5200,dalton kincaid,BUF,TE,classic,00-0038933,auto_exact,high
133646-52436,TE,Mark,Mark Andrews,Andrews,6.294117647058823,17,5200,BAL@IND,BAL,IND,,,,,,TE/FLEX,Mark Andrews,fd,5200,mark andrews,BAL,TE,classic,00-0034753,auto_exact,high
133646-90562,RB,Brian,Brian Robinson Jr.,Robinson Jr.,3.142105303312603,19,5200,ATL@PIT,ATL,PIT,,,,,,RB/FLEX,Brian Robinson Jr.,fd,5200,brian robinson,ATL,RB,classic,00-0037746,auto_fallback_team_mismatch,medium
133646-85845,WR,Rashod,Rashod Bateman,Bateman,3.5307693481445312,13,5200,BAL@IND,BAL,IND,,,,,,WR/FLEX,Rashod Bateman,fd,5200,rashod bateman,BAL,WR,classic,00-0036550,auto_exact,high
133646-103587,TE,Brenton,Brenton Strange,Strange,7.453846271221455,13,5100,CLE@JAC,JAC,CLE,,,,,,TE/FLEX,Brenton Strange,fd,5100,brenton strange,JAX,TE,classic,00-0038935,auto_exact,high
133646-69860,RB,Trayveon,Trayveon Williams,Williams,2.183333396911621,6,5100,NO@DET,DET,NO,,,,,,RB/FLEX,Trayveon Williams,fd,5100,trayveon williams,DET,RB,classic,00-0035291,auto_fallback_team_mismatch,medium
133646-183649,WR,KC,KC Concepcion,Concepcion,,0,5100,CLE@JAC,CLE,JAC,,,,,,WR/FLEX,KC Concepcion,fd,5100,kc concepcion,CLE,WR,classic,00-0041547,auto_exact,high
133646-174486,RB,Dylan,Dylan Sampson,Sampson,4.73999989827474,15,5100,CLE@JAC,CLE,JAC,,,,,,RB/FLEX,Dylan Sampson,fd,5100,dylan sampson,CLE,RB,classic,00-0040162,auto_exact,high
133646-128624,WR,Tez,Tez Johnson,Johnson,5.226666768391927,15,5100,TB@CIN,TB,CIN,,,,,,WR/FLEX,Tez Johnson,fd,5100,tez johnson,TB,WR,classic,00-0040237,auto_exact,high
133646-172715,WR,Omar,Omar Cooper Jr.,Cooper Jr.,,0,5100,NYJ@TEN,NYJ,TEN,,,,,,WR/FLEX,Omar Cooper Jr.,fd,5100,omar cooper,NYJ,WR,classic,00-0041511,auto_exact,high
133646-55042,TE,Dalton,Dalton Schultz,Schultz,7.636842426500823,19,5100,BUF@HOU,HOU,BUF,,,,,,TE/FLEX,Dalton Schultz,fd,5100,dalton schultz,HOU,TE,classic,00-0034383,auto_exact,high
133646-103511,WR,Devaughn,Devaughn Vele,Vele,5.977777693006727,9,5000,NO@DET,NO,DET,,,,,,WR/FLEX,Devaughn Vele,fd,5000,devaughn vele,NO,WR,classic,00-0039424,auto_exact,high
133646-12554,D,Jacksonville,Jacksonville Jaguars,Jaguars,8.166666666666666,18,5000,CLE@JAC,JAC,CLE,,,,,,DEF,Jacksonville Jaguars,fd,5000,jacksonville jaguars,JAX,D,classic,DST_JAX,team_defense,high
133646-152007,WR,Jaylin,Jaylin Noel,Noel,2.9157895539936267,19,5000,BUF@HOU,HOU,BUF,Q,Hamstring,,,,WR/FLEX,Jaylin Noel,fd,5000,jaylin noel,HOU,WR,classic,00-0040138,auto_exact,high
133646-63050,RB,Ty,Ty Johnson,Johnson,5.194117826573989,17,5000,BUF@HOU,BUF,HOU,Q,Lower leg,,,,RB/FLEX,Ty Johnson,fd,5000,ty johnson,BUF,RB,classic,00-0035537,auto_exact,high
133646-86811,TE,Cade,Cade Otton,Otton,6.179999796549479,15,5000,TB@CIN,TB,CIN,,,,,,TE/FLEX,Cade Otton,fd,5000,cade otton,TB,TE,classic,00-0038129,auto_exact,high
133646-107293,RB,Tyjae,Tyjae Spears,Spears,6.861538226787861,13,5000,NYJ@TEN,TEN,NYJ,,,,,,RB/FLEX,Tyjae Spears,fd,5000,tyjae spears,TEN,RB,classic,00-0039032,auto_exact,high
133646-172861,WR,Elic,Elic Ayomanor,Ayomanor,6.0,16,5000,NYJ@TEN,TEN,NYJ,,,,,,WR/FLEX,Elic Ayomanor,fd,5000,elic ayomanor,TEN,WR,classic,00-0040170,auto_exact,high
133646-137059,RB,Sean,Sean Tucker,Tucker,5.317647148581112,17,5000,TB@CIN,TB,CIN,Q,Undisclosed,,,,RB/FLEX,Sean Tucker,fd,5000,sean tucker,TB,RB,classic,00-0038951,auto_exact,high
133646-119653,WR,Kayshon,Kayshon Boutte,Boutte,7.66111077202691,18,5000,BUF@HOU,HOU,BUF,,,,,,WR/FLEX,Kayshon Boutte,fd,5000,kayshon boutte,HOU,WR,classic,00-0038608,auto_fallback_team_mismatch,medium
133646-185593,WR,Andrei,Andrei Iosivas,Iosivas,4.893333435058594,15,4900,TB@CIN,CIN,TB,,,,,,WR/FLEX,Andrei Iosivas,fd,4900,andrei iosivas,CIN,WR,classic,00-0038619,auto_exact,high
133646-12547,D,Pittsburgh,Pittsburgh Steelers,Steelers,7.833333333333333,18,4900,ATL@PIT,PIT,ATL,,,,,,DEF,Pittsburgh Steelers,fd,4900,pittsburgh steelers,PIT,D,classic,DST_PIT,team_defense,high
133646-133477,TE,Darnell,Darnell Washington,Washington,4.453846271221455,13,4900,ATL@PIT,PIT,ATL,,,,,,TE/FLEX,Darnell Washington,fd,4900,darnell washington,PIT,TE,classic,00-0038558,auto_exact,high
133646-190930,WR,Ja'Kobi,Ja'Kobi Lane,Lane,,0,4900,BAL@IND,BAL,IND,,,,,,WR/FLEX,Ja'Kobi Lane,fd,4900,jakobi lane,BAL,WR,classic,00-0040870,auto_exact,high
133646-157467,WR,Keon,Keon Coleman,Coleman,7.0,14,4900,BUF@HOU,BUF,HOU,Q,Foot,,,,WR/FLEX,Keon Coleman,fd,4900,keon coleman,BUF,WR,classic,00-0039901,auto_exact,high
133646-166749,RB,LeQuint,LeQuint Allen Jr.,Allen Jr.,1.2647058823529411,17,4900,CLE@JAC,JAC,CLE,Q,Undisclosed,,,,RB/FLEX,LeQuint Allen Jr.,fd,4900,lequint allen,JAX,RB,classic,00-0040238,auto_exact,high
133646-56265,TE,Mike,Mike Gesicki,Gesicki,4.725000063578288,12,4900,TB@CIN,CIN,TB,,,,,,TE/FLEX,Mike Gesicki,fd,4900,mike gesicki,CIN,TE,classic,00-0034829,auto_exact,high
133646-168054,TE,Mason,Mason Taylor,Taylor,5.146153963529146,13,4800,NYJ@TEN,NYJ,TEN,,,,,,TE/FLEX,Mason Taylor,fd,4800,mason taylor,NYJ,TE,classic,00-0040736,auto_exact,high
133646-183488,WR,Isaac,Isaac TeSlaa,TeSlaa,4.850000108991351,14,4800,NO@DET,DET,NO,,,,,,WR/FLEX,Isaac TeSlaa,fd,4800,isaac teslaa,DET,WR,classic,00-0040669,auto_exact,high
133646-167110,WR,Denzel,Denzel Boston,Boston,,0,4800,CLE@JAC,CLE,JAC,,,,,,WR/FLEX,Denzel Boston,fd,4800,denzel boston,CLE,WR,classic,00-0041037,auto_exact,high
133646-52451,RB,Samaje,Samaje Perine,Perine,4.626666768391927,15,4800,TB@CIN,CIN,TB,,,,,,RB/FLEX,Samaje Perine,fd,4800,samaje perine,CIN,RB,classic,00-0033526,auto_exact,high
133646-86244,TE,Pat,Pat Freiermuth,Freiermuth,6.150000095367432,16,4800,ATL@PIT,PIT,ATL,,,,,,TE/FLEX,Pat Freiermuth,fd,4800,pat freiermuth,PIT,TE,classic,00-0036894,auto_exact,high
133646-12527,D,Chicago,Chicago Bears,Bears,6.368421052631579,19,4800,CHI@CAR,CHI,CAR,,,,,,DEF,Chicago Bears,fd,4800,chicago bears,CHI,D,classic,DST_CHI,team_defense,high
133646-120085,RB,Seth,Seth McGowan,McGowan,,0,4800,BAL@IND,IND,BAL,,,,,,RB/FLEX,Seth McGowan,fd,4800,seth mcgowan,IND,RB,classic,00-0041125,auto_exact,high
133646-114198,WR,Xavier,Xavier Legette,Legette,4.568749904632568,16,4800,CHI@CAR,CAR,CHI,Q,Ankle,,,,WR/FLEX,Xavier Legette,fd,4800,xavier legette,CAR,WR,classic,00-0039342,auto_exact,high
133646-152148,TE,Gunnar,Gunnar Helm,Helm,4.356249809265137,16,4800,NYJ@TEN,TEN,NYJ,,,,,,TE/FLEX,Gunnar Helm,fd,4800,gunnar helm,TEN,TE,classic,00-0040584,auto_exact,high
133646-158412,RB,Braelon,Braelon Allen,Allen,3.575000047683716,4,4800,NYJ@TEN,NYJ,TEN,,,,,,RB/FLEX,Braelon Allen,fd,4800,braelon allen,NYJ,RB,classic,00-0039794,auto_exact,high
133646-70422,WR,Kalif,Kalif Raymond,Raymond,3.914285659790039,14,4800,CHI@CAR,CHI,CAR,,,,,,WR/FLEX,Kalif Raymond,fd,4800,kalif raymond,CHI,WR,classic,00-0032464,auto_fallback_team_mismatch,medium
133646-119788,WR,Xavier,Xavier Hutchinson,Hutchinson,5.0,18,4800,BUF@HOU,HOU,BUF,,,,,,WR/FLEX,Xavier Hutchinson,fd,4800,xavier hutchinson,HOU,WR,classic,00-0038618,auto_exact,high
133646-64585,TE,Dawson,Dawson Knox,Knox,5.272222306993273,18,4700,BUF@HOU,BUF,HOU,,,,,,TE/FLEX,Dawson Knox,fd,4700,dawson knox,BUF,TE,classic,00-0035689,auto_exact,high
133646-129112,WR,Chimere,Chimere Dike,Dike,6.005882263183594,17,4700,NYJ@TEN,TEN,NYJ,,,,,,WR/FLEX,Chimere Dike,fd,4700,chimere dike,TEN,WR,classic,00-0040705,auto_exact,high
133646-12532,D,Detroit,Detroit Lions,Lions,5.705882352941177,17,4700,NO@DET,DET,NO,,,,,,DEF,Detroit Lions,fd,4700,detroit lions,DET,D,classic,DST_DET,team_defense,high
133646-154971,RB,Devin,Devin Neal,Neal,5.722222222222222,9,4700,NO@DET,NO,DET,IR,Hamstring,,,,RB/FLEX,Devin Neal,fd,4700,devin neal,NO,RB,classic,00-0040202,auto_exact,high
133646-91578,RB,Zamir,Zamir White,White,1.5199999809265137,5,4700,NO@DET,NO,DET,,,,,,RB/FLEX,Zamir White,fd,4700,zamir white,NO,RB,classic,00-0038040,auto_fallback_team_mismatch,medium
133646-184873,TE,Kenyon,Kenyon Sadiq,Sadiq,,0,4700,NYJ@TEN,NYJ,TEN,Q,Abdomen,,,,TE/FLEX,Kenyon Sadiq,fd,4700,kenyon sadiq,NYJ,TE,classic,00-0041032,auto_exact,high
133646-167636,WR,Germie,Germie Bernard,Bernard,,0,4700,ATL@PIT,PIT,ATL,,,,,,WR/FLEX,Germie Bernard,fd,4700,germie bernard,PIT,WR,classic,00-0041489,auto_exact,high
133646-138037,WR,Roman,Roman Wilson,Wilson,3.6222220526801214,9,4700,ATL@PIT,PIT,ATL,,,,,,WR/FLEX,Roman Wilson,fd,4700,roman wilson,PIT,WR,classic,00-0039739,auto_exact,high
133646-103308,RB,Jawhar,Jawhar Jordan,Jordan,7.300000190734863,4,4700,BUF@HOU,HOU,BUF,,,,,,RB/FLEX,Jawhar Jordan,fd,4700,jawhar jordan,HOU,RB,classic,00-0039405,auto_exact,high
133646-183251,WR,Zachariah,Zachariah Branch,Branch,,0,4700,ATL@PIT,ATL,PIT,,,,,,WR/FLEX,Zachariah Branch,fd,4700,zachariah branch,ATL,WR,classic,00-0041044,auto_exact,high
133646-103378,TE,Erick,Erick All Jr.,All Jr.,3.2249999046325684,8,4700,TB@CIN,CIN,TB,,,,,,TE/FLEX,Erick All Jr.,fd,4700,erick all,CIN,TE,classic,00-0039814,auto_exact,high
133646-91101,TE,Tommy,Tommy Tremble,Tremble,3.3812499046325684,16,4700,CHI@CAR,CAR,CHI,,,,,,TE/FLEX,Tommy Tremble,fd,4700,tommy tremble,CAR,TE,classic,00-0037005,auto_exact,high
133646-71705,TE,Noah,Noah Fant,Fant,4.446153787466196,13,4600,NO@DET,NO,DET,,,,,,TE/FLEX,Noah Fant,fd,4600,noah fant,NO,TE,classic,00-0035644,auto_fallback_team_mismatch,medium
133646-174245,WR,Isaiah,Isaiah Bond,Bond,3.046666717529297,15,4600,CLE@JAC,CLE,JAC,Q,Concussion,,,,WR/FLEX,Isaiah Bond,fd,4600,isaiah bond,CLE,WR,classic,00-0040782,auto_exact,high
133646-158983,TE,Ja'Tavion,Ja'Tavion Sanders,Sanders,3.590909090909091,11,4600,CHI@CAR,CAR,CHI,,,,,,TE/FLEX,Ja'Tavion Sanders,fd,4600,jatavion sanders,CAR,TE,classic,00-0039356,auto_exact,high
133646-103694,RB,Ray,Ray Davis,Davis,3.389473764519942,19,4600,BUF@HOU,BUF,HOU,,,,,,RB/FLEX,Ray Davis,fd,4600,ray davis,BUF,RB,classic,00-0039875,auto_exact,high
133646-102696,WR,John,John Metchie III,Metchie III,4.261538578913762,13,4600,CHI@CAR,CAR,CHI,,,,,,WR/FLEX,John Metchie III,fd,4600,john metchie,CAR,WR,classic,00-0037614,auto_fallback_team_mismatch,medium
133646-87418,WR,Joshua,Joshua Palmer,Palmer,3.441666603088379,12,4600,BUF@HOU,BUF,HOU,,,,,,WR/FLEX,Joshua Palmer,fd,4600,joshua palmer,BUF,WR,classic,,,
133646-56711,TE,Drew,Drew Sample,Sample,2.218181783502752,11,4600,TB@CIN,CIN,TB,,,,,,TE/FLEX,Drew Sample,fd,4600,drew sample,CIN,TE,classic,00-0035631,auto_exact,high
133646-166898,RB,Nick,Nick Singleton,Singleton,,0,4600,NYJ@TEN,TEN,NYJ,,,,,,RB/FLEX,Nick Singleton,fd,4600,nick singleton,TEN,RB,classic,,,
133646-112780,WR,Jamari,Jamari Thrash,Thrash,1.962499976158142,8,4500,CLE@JAC,CLE,JAC,IR,Undisclosed,,,,WR/FLEX,Jamari Thrash,fd,4500,jamari thrash,CLE,WR,classic,00-0039379,auto_exact,high
133646-90307,TE,Daniel,Daniel Bellinger,Bellinger,4.174999872843425,12,4500,NYJ@TEN,TEN,NYJ,,,,,,TE/FLEX,Daniel Bellinger,fd,4500,daniel bellinger,TEN,TE,classic,00-0038115,auto_fallback_team_mismatch,medium
133646-129422,TE,Nate,Nate Boerkircher,Boerkircher,,0,4500,CLE@JAC,JAC,CLE,,,,,,TE/FLEX,Nate Boerkircher,fd,4500,nate boerkircher,JAX,TE,classic,00-0041503,auto_exact,high
133646-193004,WR,Jahdae,Jahdae Walker,Walker,7.900000254313151,3,4500,CHI@CAR,CHI,CAR,,,,,,WR/FLEX,Jahdae Walker,fd,4500,jahdae walker,CHI,WR,classic,00-0040277,auto_exact,high
133646-206341,WR,Ted,Ted Hurst III,Hurst III,,0,4500,TB@CIN,TB,CIN,,,,,,WR/FLEX,Ted Hurst III,fd,4500,ted hurst,TB,WR,classic,00-0041048,auto_exact,high
133646-184917,WR,Elijah,Elijah Sarratt,Sarratt,,0,4500,BAL@IND,BAL,IND,,,,,,WR/FLEX,Elijah Sarratt,fd,4500,elijah sarratt,BAL,WR,classic,00-0040876,auto_exact,high
133646-155293,RB,DJ,DJ Giddens,Giddens,1.920000076293945,5,4500,BAL@IND,IND,BAL,,,,,,RB/FLEX,DJ Giddens,fd,4500,dj giddens,IND,RB,classic,00-0040179,auto_exact,high
133646-156527,WR,Devontez,Devontez Walker,Walker,5.766666412353516,6,4500,BAL@IND,BAL,IND,,,,,,WR/FLEX,Devontez Walker,fd,4500,devontez walker,BAL,WR,classic,00-0039792,auto_exact,high
133646-128912,WR,Mitch,Mitch Tinsley,Tinsley,3.450000047683716,8,4500,BUF@HOU,HOU,BUF,,,,,,WR/FLEX,Mitch Tinsley,fd,4500,mitch tinsley,HOU,WR,classic,,,
133646-91047,TE,Cole,Cole Kmet,Kmet,4.133333418104384,18,4500,CHI@CAR,CHI,CAR,,,,,,TE/FLEX,Cole Kmet,fd,4500,cole kmet,CHI,TE,classic,00-0036290,auto_exact,high
133646-91046,TE,Brock,Brock Wright,Wright,4.257142748151507,7,4500,NO@DET,DET,NO,,,,,,TE/FLEX,Brock Wright,fd,4500,brock wright,DET,TE,classic,00-0036754,auto_exact,high
133646-69558,WR,Greg,Greg Dortch,Dortch,5.049999872843425,12,4500,BUF@HOU,BUF,HOU,,,,,,WR/FLEX,Greg Dortch,fd,4500,greg dortch,BUF,WR,classic,00-0035500,auto_fallback_team_mismatch,medium
133646-152607,WR,Deion,Deion Burks,Burks,,0,4400,BAL@IND,IND,BAL,,,,,,WR/FLEX,Deion Burks,fd,4400,deion burks,IND,WR,classic,00-0041132,auto_exact,high
133646-57543,RB,D'Ernest,D'Ernest Johnson,Johnson,0.3125,8,4400,NYJ@TEN,TEN,NYJ,,,,,,RB/FLEX,D'Ernest Johnson,fd,4400,dernest johnson,TEN,RB,classic,00-0035628,auto_fallback_team_mismatch,medium
133646-12556,D,Houston,Houston Texans,Texans,10.842105263157896,19,4400,BUF@HOU,HOU,BUF,,,,,,DEF,Houston Texans,fd,4400,houston texans,HOU,D,classic,DST_HOU,team_defense,high
133646-60712,TE,Foster,Foster Moreau,Moreau,1.3428570883614677,7,4400,BUF@HOU,HOU,BUF,,,,,,TE/FLEX,Foster Moreau,fd,4400,foster moreau,HOU,TE,classic,00-0034981,auto_fallback_team_mismatch,medium
133646-87432,WR,Cedric,Cedric Tillman,Tillman,4.125,12,4400,NO@DET,NO,DET,,,,,,WR/FLEX,Cedric Tillman,fd,4400,cedric tillman,NO,WR,classic,00-0038979,auto_fallback_team_mismatch,medium
133646-25011,TE,Darren,Darren Waller,Waller,9.587499618530272,8,4400,CHI@CAR,CAR,CHI,,,,,,TE/FLEX,Darren Waller,fd,4400,darren waller,CAR,TE,classic,00-0031610,auto_fallback_team_mismatch,medium
133646-157150,RB,Audric,Audric Estime,Estime,8.419999694824218,5,4400,NO@DET,NO,DET,,,,,,RB/FLEX,Audric Estime,fd,4400,audric estime,NO,RB,classic,,,
133646-158402,WR,Skyler,Skyler Bell,Bell,,0,4400,BUF@HOU,BUF,HOU,,,,,,WR/FLEX,Skyler Bell,fd,4400,skyler bell,BUF,WR,classic,00-0041443,auto_exact,high
133646-71521,RB,Justice,Justice Hill,Hill,5.470000076293945,10,4400,BAL@IND,BAL,IND,,,,,,RB/FLEX,Justice Hill,fd,4400,justice hill,BAL,RB,classic,00-0034975,auto_exact,high
133646-60451,TE,Tyler,Tyler Conklin,Conklin,2.300000031789144,6,4300,NO@DET,DET,NO,,,,,,TE/FLEX,Tyler Conklin,fd,4300,tyler conklin,DET,TE,classic,00-0034270,auto_fallback_team_mismatch,medium
133646-173241,WR,Barion,Barion Brown,Brown,,0,4300,NO@DET,NO,DET,,,,,,WR/FLEX,Barion Brown,fd,4300,barion brown,NO,WR,classic,00-0041099,auto_exact,high
133646-151806,RB,Raheim,Raheim Sanders,Sanders,4.699999809265137,4,4300,CLE@JAC,CLE,JAC,,,,,,RB/FLEX,Raheim Sanders,fd,4300,raheim sanders,CLE,RB,classic,00-0040466,auto_exact,high
133646-12555,D,Baltimore,Baltimore Ravens,Ravens,5.705882352941177,17,4300,BAL@IND,BAL,IND,,,,,,DEF,Baltimore Ravens,fd,4300,baltimore ravens,BAL,D,classic,DST_BAL,team_defense,high
133646-33047,WR,Chris,Chris Moore,Moore,3.3099998474121093,10,4300,BAL@IND,BAL,IND,,,,,,WR/FLEX,Chris Moore,fd,4300,chris moore,BAL,WR,classic,00-0032398,auto_fallback_team_mismatch,medium
133646-167306,TE,Tanner,Tanner Koziol,Koziol,,0,4300,CLE@JAC,JAC,CLE,,,,,,TE/FLEX,Tanner Koziol,fd,4300,tanner koziol,JAX,TE,classic,00-0041084,auto_exact,high
133646-160213,RB,Isaiah,Isaiah Davis,Davis,3.793750047683716,16,4300,NYJ@TEN,NYJ,TEN,Q,Knee,,,,RB/FLEX,Isaiah Davis,fd,4300,isaiah davis,NYJ,RB,classic,00-0039798,auto_exact,high
133646-87515,WR,Tylan,Tylan Wallace,Wallace,1.3888888888888888,9,4300,CLE@JAC,CLE,JAC,,,,,,WR/FLEX,Tylan Wallace,fd,4300,tylan wallace,CLE,WR,classic,00-0036630,auto_fallback_team_mismatch,medium
133646-104012,WR,Ashton,Ashton Dulin,Dulin,1.5909090909090908,11,4300,BAL@IND,IND,BAL,,,,,,WR/FLEX,Ashton Dulin,fd,4300,ashton dulin,IND,WR,classic,00-0035021,auto_exact,high
133646-27229,RB,Ameer,Ameer Abdullah,Abdullah,2.146153816810021,13,4300,CLE@JAC,JAC,CLE,,,,,,RB/FLEX,Ameer Abdullah,fd,4300,ameer abdullah,JAX,RB,classic,00-0032104,auto_fallback_team_mismatch,medium
133646-62055,WR,Ray-Ray,Ray-Ray McCloud III,McCloud III,2.0799999237060547,5,4300,CHI@CAR,CHI,CAR,IR,Undisclosed,,,,WR/FLEX,Ray-Ray McCloud III,fd,4300,ray ray mccloud,CHI,WR,classic,00-0034407,auto_fallback_team_mismatch,medium
133646-147168,WR,Chris,Chris Blair,Blair,0.0,1,4300,ATL@PIT,ATL,PIT,,,,,,WR/FLEX,Chris Blair,fd,4300,chris blair,ATL,WR,classic,00-0036463,auto_exact,high
133646-57091,WR,Tim,Tim Patrick,Patrick,3.157142911638533,14,4300,NYJ@TEN,NYJ,TEN,,,,,,WR/FLEX,Tim Patrick,fd,4300,tim patrick,NYJ,WR,classic,00-0033375,auto_fallback_team_mismatch,medium
133646-27477,WR,Sterling,Sterling Shepard,Shepard,4.807692307692308,13,4300,BUF@HOU,HOU,BUF,,,,,,WR/FLEX,Sterling Shepard,fd,4300,sterling shepard,HOU,WR,classic,00-0032385,auto_fallback_team_mismatch,medium
133646-173994,WR,Zavion,Zavion Thomas,Thomas,,0,4300,CHI@CAR,CHI,CAR,,,,,,WR/FLEX,Zavion Thomas,fd,4300,zavion thomas,CHI,WR,classic,00-0041051,auto_exact,high
133646-111637,TE,Cade,Cade Stover,Stover,2.237499952316284,8,4200,BUF@HOU,HOU,BUF,,,,,,TE/FLEX,Cade Stover,fd,4200,cade stover,HOU,TE,classic,00-0039359,auto_exact,high
133646-83117,TE,Tanner,Tanner Hudson,Hudson,3.829999923706055,10,4200,TB@CIN,CIN,TB,,,,,,TE/FLEX,Tanner Hudson,fd,4200,tanner hudson,CIN,TE,classic,00-0034613,auto_exact,high
133646-40126,TE,Austin,Austin Hooper,Hooper,3.293750047683716,16,4200,ATL@PIT,ATL,PIT,,,,,,TE/FLEX,Austin Hooper,fd,4200,austin hooper,ATL,TE,classic,00-0032392,auto_fallback_team_mismatch,medium
133646-137488,RB,Rasheen,Rasheen Ali,Ali,1.5153846740722656,13,4200,BAL@IND,BAL,IND,,,,,,RB/FLEX,Rasheen Ali,fd,4200,rasheen ali,BAL,RB,classic,00-0039796,auto_exact,high
133646-93539,RB,Michael,Michael Carter,Carter,6.346153846153846,13,4200,NYJ@TEN,TEN,NYJ,,,,,,RB/FLEX,Michael Carter,fd,4200,michael carter,TEN,RB,classic,00-0036924,auto_fallback_team_mismatch,medium
133646-112041,WR,Isaiah,Isaiah Williams,Williams,3.1499998910086497,14,4200,NYJ@TEN,NYJ,TEN,,,,,,WR/FLEX,Isaiah Williams,fd,4200,isaiah williams,NYJ,WR,classic,00-0039451,auto_exact,high
133646-112101,WR,Jared,Jared Wayne,Wayne,3.0,1,4200,BUF@HOU,HOU,BUF,,,,,,WR/FLEX,Jared Wayne,fd,4200,jared wayne,HOU,WR,classic,00-0038728,auto_exact,high
133646-154124,TE,Mitchell,Mitchell Evans,Evans,2.7642857687813893,14,4200,CHI@CAR,CAR,CHI,,,,,,TE/FLEX,Mitchell Evans,fd,4200,mitchell evans,CAR,TE,classic,00-0040187,auto_exact,high
133646-87634,TE,Blake,Blake Whiteheart,Whiteheart,0.1749999970197677,8,4200,CLE@JAC,CLE,JAC,,,,,,TE/FLEX,Blake Whiteheart,fd,4200,blake whiteheart,CLE,TE,classic,00-0038710,auto_exact,high
133646-200291,TE,Jackson,Jackson Hawes,Hawes,3.4384615971491885,13,4200,BUF@HOU,BUF,HOU,,,,,,TE/FLEX,Jackson Hawes,fd,4200,jackson hawes,BUF,TE,classic,00-0040194,auto_exact,high
133646-172646,RB,Trevor,Trevor Etienne,Etienne,0.4777777989705403,18,4200,CHI@CAR,CAR,CHI,IR,Ankle,,,,RB/FLEX,Trevor Etienne,fd,4200,trevor etienne,CAR,RB,classic,00-0040644,auto_exact,high
133646-88685,WR,Austin,Austin Trammell,Trammell,1.0166666507720947,6,4200,CLE@JAC,JAC,CLE,,,,,,WR/FLEX,Austin Trammell,fd,4200,austin trammell,JAX,WR,classic,00-0036841,auto_exact,high
133646-87815,TE,Jeremy,Jeremy Ruckert,Ruckert,2.723077040452224,13,4200,NYJ@TEN,NYJ,TEN,,,,,,TE/FLEX,Jeremy Ruckert,fd,4200,jeremy ruckert,NYJ,TE,classic,00-0037805,auto_exact,high
133646-103187,RB,Roschon,Roschon Johnson,Johnson,0.5666666825612386,3,4200,CHI@CAR,CHI,CAR,,,,,,RB/FLEX,Roschon Johnson,fd,4200,roschon johnson,CHI,RB,classic,00-0039021,auto_exact,high
133646-201535,WR,Kameron,Kameron Johnson,Johnson,0.981249988079071,16,4200,TB@CIN,TB,CIN,,,,,,WR/FLEX,Kameron Johnson,fd,4200,kameron johnson,TB,WR,classic,00-0039589,auto_exact,high
133646-120657,RB,Kendre,Kendre Miller,Miller,4.399999891008649,7,4200,NO@DET,NO,DET,Q,Undisclosed,,,,RB/FLEX,Kendre Miller,fd,4200,kendre miller,NO,RB,classic,00-0038551,auto_exact,high
133646-42046,TE,Durham,Durham Smythe,Smythe,0.942857129233224,7,4100,BAL@IND,BAL,IND,,,,,,TE/FLEX,Durham Smythe,fd,4100,durham smythe,BAL,TE,classic,00-0034798,auto_fallback_team_mismatch,medium
133646-79987,WR,David,David Moore,Moore,0.7333333492279053,3,4100,CHI@CAR,CAR,CHI,,,,,,WR/FLEX,David Moore,fd,4100,david moore,CAR,WR,classic,00-0033589,auto_exact,high
133646-61555,WR,David,David Sills V,Sills V,3.3416665395100917,12,4100,TB@CIN,TB,CIN,IR,Undisclosed,,,,WR/FLEX,David Sills V,fd,4100,david sills,TB,WR,classic,00-0035359,auto_fallback_team_mismatch,medium
133646-83083,WR,Justin,Justin Watson,Watson,1.5,3,4100,BUF@HOU,HOU,BUF,,,,,,WR/FLEX,Justin Watson,fd,4100,justin watson,HOU,WR,classic,00-0034386,auto_exact,high
133646-168076,RB,Sione,Sione Vaki,Vaki,0.0666666676600774,6,4100,NO@DET,DET,NO,,,,,,RB/FLEX,Sione Vaki,fd,4100,sione vaki,DET,RB,classic,00-0039364,auto_exact,high
133646-93391,TE,Payne,Payne Durham,Durham,0.3200000047683716,5,4100,TB@CIN,TB,CIN,,,,,,TE/FLEX,Payne Durham,fd,4100,payne durham,TB,TE,classic,00-0039050,auto_exact,high
133646-12526,D,Buffalo,Buffalo Bills,Bills,6.105263157894737,19,4100,BUF@HOU,BUF,HOU,,,,,,DEF,Buffalo Bills,fd,4100,buffalo bills,BUF,D,classic,DST_BUF,team_defense,high
133646-87371,RB,Ty,Ty Chandler,Chandler,2.433333396911621,3,4100,NO@DET,NO,DET,IR,Knee,,,,RB/FLEX,Ty Chandler,fd,4100,ty chandler,NO,RB,classic,00-0037276,auto_fallback_team_mismatch,medium
133646-89437,WR,Tim,Tim Jones,Jones,1.0,2,4100,CLE@JAC,JAC,CLE,,,,,,WR/FLEX,Tim Jones,fd,4100,tim jones,JAX,WR,classic,00-0036497,auto_exact,high
133646-63855,WR,K.J.,K.J. Osborn,Osborn,2.171428544180734,7,4100,NYJ@TEN,TEN,NYJ,,,,,,WR/FLEX,K.J. Osborn,fd,4100,kj osborn,TEN,WR,classic,00-0036345,auto_exact,high
133646-56698,WR,Dante,Dante Pettis,Pettis,2.171428544180734,7,4100,BUF@HOU,BUF,HOU,,,,,,WR/FLEX,Dante Pettis,fd,4100,dante pettis,BUF,WR,classic,00-0034860,auto_fallback_team_mismatch,medium
133646-71105,WR,Ben,Ben Skowronek,Skowronek,1.2416666348775227,12,4100,ATL@PIT,PIT,ATL,Q,Concussion,,,,WR/FLEX,Ben Skowronek,fd,4100,ben skowronek,PIT,WR,classic,00-0036862,auto_exact,high
133646-147049,TE,Drew,Drew Ogletree,Ogletree,2.1399999618530274,5,4100,BAL@IND,IND,BAL,,,,,,TE/FLEX,Drew Ogletree,fd,4100,drew ogletree,IND,TE,classic,,,
133646-71351,TE,Charlie,Charlie Woerner,Woerner,1.100000023841858,8,4100,ATL@PIT,ATL,PIT,,,,,,TE/FLEX,Charlie Woerner,fd,4100,charlie woerner,ATL,TE,classic,00-0036429,auto_exact,high
133646-71352,WR,Mecole,Mecole Hardman Jr.,Hardman Jr.,1.6333333651224773,3,4100,BUF@HOU,BUF,HOU,,,,,,WR/FLEX,Mecole Hardman Jr.,fd,4100,mecole hardman,BUF,WR,classic,00-0035140,auto_exact,high
133646-110274,WR,Bub,Bub Means,Means,5.574999809265137,4,4100,NO@DET,NO,DET,,,,,,WR/FLEX,Bub Means,fd,4100,bub means,NO,WR,classic,00-0039386,auto_exact,high
133646-86747,WR,Dylan,Dylan Drummond,Drummond,1.5399999618530271,5,4100,ATL@PIT,ATL,PIT,,,,,,WR/FLEX,Dylan Drummond,fd,4100,dylan drummond,ATL,WR,classic,00-0038953,auto_exact,high
133646-157438,WR,Jimmy,Jimmy Horn Jr.,Horn Jr.,2.109090978449041,11,4100,CHI@CAR,CAR,CHI,,,,,,WR/FLEX,Jimmy Horn Jr.,fd,4100,jimmy horn,CAR,WR,classic,00-0040218,auto_exact,high
133646-61273,WR,Scotty,Scotty Miller,Miller,2.1399999618530274,5,4100,CHI@CAR,CHI,CAR,,,,,,WR/FLEX,Scotty Miller,fd,4100,scotty miller,CHI,WR,classic,,,
133646-128913,WR,Malachi,Malachi Corley,Corley,2.175000031789144,12,4100,CLE@JAC,CLE,JAC,,,,,,WR/FLEX,Malachi Corley,fd,4100,malachi corley,CLE,WR,classic,00-0039920,auto_exact,high
133646-137122,RB,Tahj,Tahj Brooks,Brooks,0.737500011920929,8,4100,TB@CIN,CIN,TB,,,,,,RB/FLEX,Tahj Brooks,fd,4100,tahj brooks,CIN,RB,classic,00-0040208,auto_exact,high
133646-91055,WR,Kevin,Kevin Austin Jr.,Austin Jr.,5.3,5,4100,NO@DET,NO,DET,,,,,,WR/FLEX,Kevin Austin Jr.,fd,4100,kevin austin,NO,WR,classic,00-0037231,auto_exact,high
133646-69581,WR,Cedrick,Cedrick Wilson Jr.,Wilson Jr.,1.150000015894572,6,4100,NO@DET,DET,NO,Q,Knee,,,,WR/FLEX,Cedrick Wilson Jr.,fd,4100,cedrick wilson,DET,WR,classic,00-0034418,auto_fallback_team_mismatch,medium
133646-24533,TE,Mo,Mo Alie-Cox,Alie-Cox,2.2000000693581323,11,4100,BAL@IND,IND,BAL,,,,,,TE/FLEX,Mo Alie-Cox,fd,4100,mo alie cox,IND,TE,classic,00-0033217,auto_exact,high
133646-178158,WR,Colbie,Colbie Young,Young,,0,4100,TB@CIN,CIN,TB,,,,,,WR/FLEX,Colbie Young,fd,4100,colbie young,CIN,WR,classic,00-0041069,auto_exact,high
133646-173066,RB,CJ,CJ Donaldson,Donaldson,,0,4000,NO@DET,NO,DET,,,,,,RB/FLEX,CJ Donaldson,fd,4000,cj donaldson,NO,RB,classic,00-0041326,auto_exact,high
133646-90123,TE,Quintin,Quintin Morris,Morris,1.8125,8,4000,CLE@JAC,JAC,CLE,,,,,,TE/FLEX,Quintin Morris,fd,4000,quintin morris,JAX,TE,classic,00-0036590,auto_exact,high
133646-96269,RB,Owen,Owen Wright,Wright,0.3000000119209289,2,4000,BUF@HOU,HOU,BUF,,,,,,RB/FLEX,Owen Wright,fd,4000,owen wright,HOU,RB,classic,00-0038458,auto_fallback_team_mismatch,medium
133646-167950,TE,Oscar,Oscar Delp,Delp,,0,4000,NO@DET,NO,DET,Q,Hamstring,,,,TE/FLEX,Oscar Delp,fd,4000,oscar delp,NO,TE,classic,00-0041041,auto_exact,high
133646-226319,WR,Junior,Junior Bergen,Bergen,,0,4000,NYJ@TEN,NYJ,TEN,,,,,,WR/FLEX,Junior Bergen,fd,4000,junior bergen,NYJ,WR,classic,00-0040247,auto_exact,high
133646-175126,WR,Chris,Chris Brazzell II,Brazzell II,,0,4000,CHI@CAR,CAR,CHI,IR,Knee,,,,WR/FLEX,Chris Brazzell II,fd,4000,chris brazzell,CAR,WR,classic,00-0041047,auto_exact,high
133646-139284,RB,Frank,Frank Gore Jr.,Gore Jr.,0.550000011920929,2,4000,BUF@HOU,BUF,HOU,,,,,,RB/FLEX,Frank Gore Jr.,fd,4000,frank gore,BUF,RB,classic,00-0039471,auto_exact,high
133646-110616,TE,Treyton,Treyton Welch,Welch,,0,4000,NO@DET,NO,DET,,,,,,TE/FLEX,Treyton Welch,fd,4000,treyton welch,NO,TE,classic,00-0039518,auto_exact,high
133646-152603,RB,Anthony,Anthony Tyus III,Tyus III,,0,4000,CHI@CAR,CAR,CHI,,,,,,RB/FLEX,Anthony Tyus III,fd,4000,anthony tyus,CAR,RB,classic,00-0040394,auto_exact,high
133646-137254,RB,Deuce,Deuce Vaughn,Vaughn,1.7166666984558103,6,4000,BUF@HOU,HOU,BUF,,,,,,RB/FLEX,Deuce Vaughn,fd,4000,deuce vaughn,HOU,RB,classic,00-0038622,auto_exact,high
133646-243751,WR,Treyvhon,Treyvhon Saunders,Saunders,,0,4000,BUF@HOU,HOU,BUF,,,,,,WR/FLEX,Treyvhon Saunders,fd,4000,treyvhon saunders,HOU,WR,classic,00-0041308,auto_exact,high
133646-243752,WR,Daniel,Daniel Sobkowicz,Sobkowicz,,0,4000,BUF@HOU,HOU,BUF,,,,,,WR/FLEX,Daniel Sobkowicz,fd,4000,daniel sobkowicz,HOU,WR,classic,00-0041309,auto_exact,high
133646-88109,RB,Gary,Gary Brightwell,Brightwell,0.0,2,4000,TB@CIN,CIN,TB,,,,,,RB/FLEX,Gary Brightwell,fd,4000,gary brightwell,CIN,RB,classic,00-0036569,auto_exact,high
133646-175154,TE,Jack,Jack Endries,Endries,,0,4000,TB@CIN,CIN,TB,,,,,,TE/FLEX,Jack Endries,fd,4000,jack endries,CIN,TE,classic,00-0041116,auto_exact,high
133646-129081,RB,Ahmani,Ahmani Marshall,Marshall,,0,4000,CHI@CAR,CAR,CHI,,,,,,RB/FLEX,Ahmani Marshall,fd,4000,ahmani marshall,CAR,RB,classic,00-0040260,auto_fallback_team_mismatch,medium
133646-173113,RB,Eli,Eli Heidenreich,Heidenreich,,0,4000,ATL@PIT,PIT,ATL,,,,,,RB/FLEX,Eli Heidenreich,fd,4000,eli heidenreich,PIT,RB,classic,00-0041490,auto_exact,high
133646-87109,WR,Bryce,Bryce Oliver,Oliver,1.2999999523162842,1,4000,CLE@JAC,CLE,JAC,,,,,,WR/FLEX,Bryce Oliver,fd,4000,bryce oliver,CLE,WR,classic,00-0039650,auto_fallback_team_mismatch,medium
133646-168005,WR,CJ,CJ Williams,Williams,,0,4000,CLE@JAC,JAC,CLE,,,,,,WR/FLEX,CJ Williams,fd,4000,cj williams,JAX,WR,classic,00-0041106,auto_exact,high
133646-165962,TE,Nikola,Nikola Kalinic,Kalinic,0.0,2,4000,CHI@CAR,CHI,CAR,IR,Knee,,,,TE/FLEX,Nikola Kalinic,fd,4000,nikola kalinic,CHI,TE,classic,00-0037031,auto_exact,high
133646-87117,TE,Brenden,Brenden Bates,Bates,1.3600000381469726,5,4000,CLE@JAC,CLE,JAC,Q,Undisclosed,,,,TE/FLEX,Brenden Bates,fd,4000,brenden bates,CLE,TE,classic,00-0039458,auto_exact,high
133646-141390,TE,Riley,Riley Nowakowski,Nowakowski,,0,4000,ATL@PIT,PIT,ATL,,,,,,TE/FLEX,Riley Nowakowski,fd,4000,riley nowakowski,PIT,TE,classic,00-0041398,auto_exact,high
133646-65627,WR,Maurice,Maurice Alexander,Alexander,0.0,1,4000,CHI@CAR,CHI,CAR,,,,,,WR/FLEX,Maurice Alexander,fd,4000,maurice alexander,CHI,WR,classic,00-0037708,auto_exact,high
133646-152675,WR,Brady,Brady Boyd,Boyd,,0,4000,CLE@JAC,JAC,CLE,,,,,,WR/FLEX,Brady Boyd,fd,4000,brady boyd,JAX,WR,classic,00-0041205,auto_exact,high
133646-154730,WR,Dean,Dean Patterson IV,Patterson IV,,0,4000,TB@CIN,TB,CIN,,,,,,WR/FLEX,Dean Patterson IV,fd,4000,dean patterson,TB,WR,classic,00-0041435,auto_exact,high
133646-175211,WR,Cortez,Cortez Braham Jr.,Braham Jr.,,0,4000,BAL@IND,BAL,IND,,,,,,WR/FLEX,Cortez Braham Jr.,fd,4000,cortez braham,BAL,WR,classic,00-0040977,auto_exact,high
133646-68714,TE,Ko,Ko Kieft,Kieft,0.0,1,4000,TB@CIN,TB,CIN,,,,,,TE/FLEX,Ko Kieft,fd,4000,ko kieft,TB,TE,classic,00-0037311,auto_exact,high
133646-86125,WR,Brandon,Brandon Smith,Smith,,0,4000,ATL@PIT,PIT,ATL,,,,,,WR/FLEX,Brandon Smith,fd,4000,brandon smith,PIT,WR,classic,00-0036775,auto_exact,high
133646-183404,TE,Josh,Josh Cuevas,Cuevas,,0,4000,BAL@IND,BAL,IND,,,,,,TE/FLEX,Josh Cuevas,fd,4000,josh cuevas,BAL,TE,classic,00-0040887,auto_exact,high
133646-140407,RB,Miles,Miles Davis,Davis,,0,4000,CHI@CAR,CAR,CHI,,,,,,RB/FLEX,Miles Davis,fd,4000,miles davis,CAR,RB,classic,00-0041485,auto_exact,high
133646-158836,RB,Lucas,Lucas Scott,Scott,,0,4000,BAL@IND,BAL,IND,,,,,,RB/FLEX,Lucas Scott,fd,4000,lucas scott,BAL,RB,classic,00-0040637,auto_exact,high
133646-110721,WR,Dayton,Dayton Wade,Wade,,0,4000,BAL@IND,BAL,IND,,,,,,WR/FLEX,Dayton Wade,fd,4000,dayton wade,BAL,WR,classic,00-0039259,auto_exact,high
133646-159883,RB,Cash,Cash Jones,Jones,,0,4000,ATL@PIT,ATL,PIT,,,,,,RB/FLEX,Cash Jones,fd,4000,cash jones,ATL,RB,classic,00-0041191,auto_exact,high
133646-152717,WR,Beaux,Beaux Collins,Collins,1.1666666666666667,3,4000,ATL@PIT,ATL,PIT,IR,Undisclosed,,,,WR/FLEX,Beaux Collins,fd,4000,beaux collins,ATL,WR,classic,00-0040432,auto_fallback_team_mismatch,medium
133646-54426,TE,Andrew,Andrew Beck,Beck,2.2222222222222223,9,4000,NYJ@TEN,NYJ,TEN,,,,,,TE/FLEX,Andrew Beck,fd,4000,andrew beck,NYJ,TE,classic,00-0034959,manual_override,high
133646-94363,WR,Elijah,Elijah Cooks,Cooks,,0,4000,CHI@CAR,CAR,CHI,,,,,,WR/FLEX,Elijah Cooks,fd,4000,elijah cooks,CAR,WR,classic,00-0038667,auto_exact,high
133646-135321,WR,Mac,Mac Dalena,Dalena,,0,4000,BUF@HOU,BUF,HOU,,,,,,WR/FLEX,Mac Dalena,fd,4000,mac dalena,BUF,WR,classic,,,
133646-139417,RB,Anderson,Anderson Castle,Castle,,0,4000,BAL@IND,IND,BAL,,,,,,RB/FLEX,Anderson Castle,fd,4000,anderson castle,IND,RB,classic,00-0041486,auto_exact,high
133646-173230,TE,Josh,Josh Kattus,Kattus,,0,4000,TB@CIN,CIN,TB,,,,,,TE/FLEX,Josh Kattus,fd,4000,josh kattus,CIN,TE,classic,00-0041246,auto_exact,high
133646-201903,WR,Coleman,Coleman Owen,Owen,0.0,2,4000,BAL@IND,IND,BAL,IR,Concussion,,,,WR/FLEX,Coleman Owen,fd,4000,coleman owen,IND,WR,classic,00-0040352,auto_exact,high
133646-105648,RB,Tyler,Tyler Goodson,Goodson,0.4199999809265137,10,4000,ATL@PIT,ATL,PIT,,,,,,RB/FLEX,Tyler Goodson,fd,4000,tyler goodson,ATL,RB,classic,00-0037120,auto_fallback_team_mismatch,medium
133646-178371,TE,Lance,Lance Mason,Mason,,0,4000,ATL@PIT,PIT,ATL,,,,,,TE/FLEX,Lance Mason,fd,4000,lance mason,PIT,TE,classic,00-0040974,auto_exact,high
133646-158916,TE,Bauer,Bauer Sharp,Sharp,,0,4000,TB@CIN,TB,CIN,,,,,,TE/FLEX,Bauer Sharp,fd,4000,bauer sharp,TB,TE,classic,00-0041094,auto_exact,high
133646-176325,TE,Jack,Jack Velling,Velling,,0,4000,ATL@PIT,ATL,PIT,,,,,,TE/FLEX,Jack Velling,fd,4000,jack velling,ATL,TE,classic,00-0041195,auto_exact,high
133646-170184,RB,Julius,Julius Chestnut,Chestnut,0.3076923076923077,13,4000,NYJ@TEN,TEN,NYJ,,,,,,RB/FLEX,Julius Chestnut,fd,4000,julius chestnut,TEN,RB,classic,00-0037594,auto_exact,high
133646-152784,WR,Raylen,Raylen Sharpe,Sharpe,,0,4000,BAL@IND,IND,BAL,,,,,,WR/FLEX,Raylen Sharpe,fd,4000,raylen sharpe,IND,WR,classic,00-0041233,auto_exact,high
133646-242901,WR,Ben,Ben Patterson,Patterson,,0,4000,CLE@JAC,CLE,JAC,,,,,,WR/FLEX,Ben Patterson,fd,4000,ben patterson,CLE,WR,classic,00-0041215,auto_exact,high
133646-95455,WR,D.J.,D.J. Montgomery,Montgomery,,0,4000,BAL@IND,IND,BAL,IR,Abdomen,,,,WR/FLEX,D.J. Montgomery,fd,4000,dj montgomery,IND,WR,classic,00-0035045,auto_exact,high
133646-226525,WR,Chandler,Chandler Brayboy,Brayboy,,0,4000,CLE@JAC,JAC,CLE,,,,,,WR/FLEX,Chandler Brayboy,fd,4000,chandler brayboy,JAX,WR,classic,00-0040323,auto_exact,high
133646-170208,WR,Kaden,Kaden Davis,Davis,0.0,1,4000,CHI@CAR,CHI,CAR,,,,,,WR/FLEX,Kaden Davis,fd,4000,kaden davis,CHI,WR,classic,00-0037380,auto_fallback_team_mismatch,medium
133646-169185,WR,Jamaal,Jamaal Pritchett,Pritchett,,0,4000,NYJ@TEN,NYJ,TEN,,,,,,WR/FLEX,Jamaal Pritchett,fd,4000,jamaal pritchett,NYJ,WR,classic,00-0040405,auto_exact,high
133646-170214,WR,Dennis,Dennis Houston,Houston,,0,4000,TB@CIN,TB,CIN,Q,Groin,,,,WR/FLEX,Dennis Houston,fd,4000,dennis houston,TB,WR,classic,00-0037570,auto_exact,high
133646-130276,WR,Mason,Mason Kinsey,Kinsey,1.4500000476837158,4,4000,NYJ@TEN,TEN,NYJ,,,,,,WR/FLEX,Mason Kinsey,fd,4000,mason kinsey,TEN,WR,classic,00-0036176,auto_exact,high
133646-168171,TE,Jaren,Jaren Kanak,Kanak,,0,4000,NYJ@TEN,TEN,NYJ,IR,Pectoral,,,,TE/FLEX,Jaren Kanak,fd,4000,jaren kanak,TEN,TE,classic,00-0040901,auto_exact,high
133646-139510,WR,Caullin,Caullin Lacy,Lacy,,0,4000,NYJ@TEN,NYJ,TEN,Q,Undisclosed,,,,WR/FLEX,Caullin Lacy,fd,4000,caullin lacy,NYJ,WR,classic,00-0041199,auto_exact,high
133646-151799,WR,Jackson,Jackson Meeks,Meeks,,0,4000,NO@DET,DET,NO,,,,,,WR/FLEX,Jackson Meeks,fd,4000,jackson meeks,DET,WR,classic,00-0040390,auto_fallback_name_only_position_mismatch,low
133646-173300,WR,Octavian,Octavian Smith Jr.,Smith Jr.,,0,4000,BAL@IND,BAL,IND,,,,,,WR/FLEX,Octavian Smith Jr.,fd,4000,octavian smith,BAL,WR,classic,00-0040989,auto_exact,high
133646-61693,TE,Danny,Danny Pinter,Pinter,0.0,1,4000,BAL@IND,BAL,IND,IR,Knee,,,,TE/FLEX,Danny Pinter,fd,4000,danny pinter,BAL,TE,classic,00-0036215,auto_fallback_name_only_position_mismatch,low
133646-71935,WR,Kendric,Kendric Pryor,Pryor,1.399999976158142,1,4000,TB@CIN,CIN,TB,,,,,,WR/FLEX,Kendric Pryor,fd,4000,kendric pryor,CIN,WR,classic,00-0037422,auto_exact,high
133646-91401,WR,Ronnie,Ronnie Bell,Bell,4.650000095367432,2,4000,NO@DET,NO,DET,,,,,,WR/FLEX,Ronnie Bell,fd,4000,ronnie bell,NO,WR,classic,00-0038647,auto_exact,high
133646-110868,RB,Josh,Josh Williams,Williams,0.550000011920929,2,4000,TB@CIN,TB,CIN,,,,,,RB/FLEX,Josh Williams,fd,4000,josh williams,TB,RB,classic,00-0040429,auto_exact,high
133646-137495,RB,Kentrel,Kentrel Bullock,Bullock,,0,4000,TB@CIN,CIN,TB,,,,,,RB/FLEX,Kentrel Bullock,fd,4000,kentrel bullock,CIN,RB,classic,00-0041241,auto_exact,high
133646-157975,TE,Keleki,Keleki Latu,Latu,1.8333333333333333,3,4000,BUF@HOU,BUF,HOU,,,,,,TE/FLEX,Keleki Latu,fd,4000,keleki latu,BUF,TE,classic,00-0040363,auto_exact,high
133646-129302,WR,Stephen,Stephen Gosnell,Gosnell,,0,4000,BUF@HOU,BUF,HOU,,,,,,WR/FLEX,Stephen Gosnell,fd,4000,stephen gosnell,BUF,WR,classic,00-0040361,auto_exact,high
133646-91428,WR,Tarik,Tarik Black,Black,,0,4000,NO@DET,DET,NO,,,,,,WR/FLEX,Tarik Black,fd,4000,tarik black,DET,WR,classic,00-0036491,auto_exact,high
133646-92479,TE,David,David Martin-Robinson,Martin-Robinson,1.5714285714285714,7,4000,NYJ@TEN,TEN,NYJ,,,,,,TE/FLEX,David Martin-Robinson,fd,4000,david martin robinson,TEN,TE,classic,00-0039648,auto_exact,high
133646-41305,WR,Zay,Zay Jones,Jones,4.049999872843425,6,4000,BUF@HOU,HOU,BUF,,,,,,WR/FLEX,Zay Jones,fd,4000,zay jones,HOU,WR,classic,00-0033891,auto_fallback_team_mismatch,medium
133646-152921,RB,Sam,Sam Scott,Scott,,0,4000,NYJ@TEN,NYJ,TEN,Q,Undisclosed,,,,RB/FLEX,Sam Scott,fd,4000,sam scott,NYJ,RB,classic,,,
133646-185699,WR,Eric,Eric Rivers Jr.,Rivers Jr.,,0,4000,TB@CIN,TB,CIN,,,,,,WR/FLEX,Eric Rivers Jr.,fd,4000,eric rivers,TB,WR,classic,00-0041257,auto_exact,high
133646-133478,WR,Arian,Arian Smith,Smith,0.7692307692307693,13,4000,NYJ@TEN,NYJ,TEN,,,,,,WR/FLEX,Arian Smith,fd,4000,arian smith,NYJ,WR,classic,00-0040582,auto_exact,high
133646-93540,RB,British,British Brooks,Brooks,0.975000023841858,8,4000,BUF@HOU,HOU,BUF,Q,Hand,,,,RB/FLEX,British Brooks,fd,4000,british brooks,HOU,RB,classic,00-0039603,auto_exact,high
133646-153957,TE,Zaire,Zaire Mitchell-Paden,Mitchell-Paden,0.9000000158945719,3,4000,BUF@HOU,HOU,BUF,,,,,,TE/FLEX,Zaire Mitchell-Paden,fd,4000,zaire mitchell paden,HOU,TE,classic,00-0037340,auto_fallback_team_mismatch,medium
133646-151914,TE,Moliki,Moliki Matavao,Matavao,2.0,1,4000,NO@DET,NO,DET,IR,Knee,,,,TE/FLEX,Moliki Matavao,fd,4000,moliki matavao,NO,TE,classic,00-0040244,auto_exact,high
133646-166253,TE,Sam,Sam Roush,Roush,,0,4000,CHI@CAR,CHI,CAR,,,,,,TE/FLEX,Sam Roush,fd,4000,sam roush,CHI,TE,classic,00-0041558,auto_exact,high
133646-90480,TE,Joel,Joel Wilson,Wilson,,0,4000,NYJ@TEN,TEN,NYJ,,,,,,TE/FLEX,Joel Wilson,fd,4000,joel wilson,TEN,TE,classic,00-0039023,auto_exact,high
133646-90483,TE,Bernhard,Bernhard Raimann,Raimann,0.0,2,4000,BAL@IND,IND,BAL,,,,,,TE/FLEX,Bernhard Raimann,fd,4000,bernhard raimann,IND,TE,classic,00-0037757,auto_fallback_name_only_position_mismatch,low
133646-151920,TE,Jermaine,Jermaine Terry,Terry,,0,4000,CLE@JAC,CLE,JAC,,,,,,TE/FLEX,Jermaine Terry,fd,4000,jermaine terry,CLE,TE,classic,00-0040457,auto_exact,high
133646-110977,TE,Thomas,Thomas Gordon,Gordon,,0,4000,NO@DET,DET,NO,,,,,,TE/FLEX,Thomas Gordon,fd,4000,thomas gordon,DET,TE,classic,00-0040697,auto_exact,high
133646-70023,WR,Cornell,Cornell Powell,Powell,,0,4000,ATL@PIT,PIT,ATL,,,,,,WR/FLEX,Cornell Powell,fd,4000,cornell powell,PIT,WR,classic,00-0036647,auto_exact,high
133646-138649,WR,LaJohntay,LaJohntay Wester,Wester,-0.1666666666666666,12,4000,BAL@IND,BAL,IND,,,,,,WR/FLEX,LaJohntay Wester,fd,4000,lajohntay wester,BAL,WR,classic,00-0040075,auto_exact,high
133646-133538,WR,Levi,Levi Wentz,Wentz,,0,4000,ATL@PIT,PIT,ATL,,,,,,WR/FLEX,Levi Wentz,fd,4000,levi wentz,PIT,WR,classic,00-0040976,auto_exact,high
133646-151968,TE,Lake,Lake McRee,McRee,,0,4000,ATL@PIT,PIT,ATL,,,,,,TE/FLEX,Lake McRee,fd,4000,lake mcree,PIT,TE,classic,00-0041263,auto_exact,high
133646-112037,WR,Casey,Casey Washington,Washington,2.4799999237060546,5,4000,CHI@CAR,CAR,CHI,,,,,,WR/FLEX,Casey Washington,fd,4000,casey washington,CAR,WR,classic,00-0039394,auto_fallback_team_mismatch,medium
133646-166313,RB,Adam,Adam Randall,Randall,,0,4000,BAL@IND,BAL,IND,IR,Undisclosed,,,,RB/FLEX,Adam Randall,fd,4000,adam randall,BAL,RB,classic,00-0040888,auto_exact,high
133646-241064,WR,Dohnte,Dohnte Meyers,Meyers,,0,4000,TB@CIN,CIN,TB,,,,,,WR/FLEX,Dohnte Meyers,fd,4000,dohnte meyers,CIN,WR,classic,00-0040785,auto_exact,high
133646-87469,TE,Jelani,Jelani Woods,Woods,0.449999988079071,2,4000,NYJ@TEN,NYJ,TEN,,,,,,TE/FLEX,Jelani Woods,fd,4000,jelani woods,NYJ,TE,classic,00-0037755,auto_exact,high
133646-92590,RB,Raheem,Raheem Blackshear,Blackshear,0.5333333333333333,15,4000,NO@DET,DET,NO,Q,Undisclosed,,,,RB/FLEX,Raheem Blackshear,fd,4000,raheem blackshear,DET,RB,classic,,,
133646-175539,WR,Vinny,Vinny Anthony II,Anthony II,,0,4000,ATL@PIT,ATL,PIT,,,,,,WR/FLEX,Vinny Anthony II,fd,4000,vinny anthony,ATL,WR,classic,00-0041185,auto_exact,high
133646-133558,WR,Luke,Luke Floriea,Floriea,,0,4000,CLE@JAC,CLE,JAC,,,,,,WR/FLEX,Luke Floriea,fd,4000,luke floriea,CLE,WR,classic,00-0040617,auto_exact,high
133646-184756,TE,Hayden,Hayden Large,Large,,0,4000,CHI@CAR,CHI,CAR,IR,Undisclosed,,,,TE/FLEX,Hayden Large,fd,4000,hayden large,CHI,TE,classic,00-0041170,auto_exact,high
133646-225739,TE,Cody,Cody Hardy,Hardy,,0,4000,NO@DET,NO,DET,,,,,,TE/FLEX,Cody Hardy,fd,4000,cody hardy,NO,TE,classic,00-0041327,auto_exact,high
133646-26057,RB,Michael,Michael Burton,Burton,2.209090839732777,11,4000,CLE@JAC,CLE,JAC,,,,,,RB/FLEX,Michael Burton,fd,4000,michael burton,CLE,RB,classic,00-0031595,auto_exact,high
133646-152008,TE,Tyler,Tyler Moore,Moore,,0,4000,BAL@IND,IND,BAL,,,,,,TE/FLEX,Tyler Moore,fd,4000,tyler moore,IND,TE,classic,00-0041570,auto_exact,high
133646-152014,WR,JP,JP Richardson,Richardson,,0,4000,CHI@CAR,CHI,CAR,,,,,,WR/FLEX,JP Richardson,fd,4000,jp richardson,CHI,WR,classic,00-0040275,auto_exact,high
133646-173518,WR,Qadir,Qadir Ismail,Ismail,,0,4000,CHI@CAR,CHI,CAR,,,,,,WR/FLEX,Qadir Ismail,fd,4000,qadir ismail,CHI,WR,classic,00-0039843,auto_fallback_name_only_position_mismatch,low
133646-177614,TE,Marlin,Marlin Klein,Klein,,0,4000,BUF@HOU,HOU,BUF,,,,,,TE/FLEX,Marlin Klein,fd,4000,marlin klein,HOU,TE,classic,00-0041472,auto_exact,high
133646-69068,RB,Jonathan,Jonathan Ward,Ward,0.7333333492279053,3,4000,BAL@IND,BAL,IND,,,,,,RB/FLEX,Jonathan Ward,fd,4000,jonathan ward,BAL,RB,classic,00-0035924,auto_exact,high
133646-109007,WR,Josh,Josh Kelly,Kelly,,0,4000,BUF@HOU,HOU,BUF,,,,,,WR/FLEX,Josh Kelly,fd,4000,josh kelly,HOU,WR,classic,00-0040049,auto_exact,high
133646-117201,WR,Isaiah,Isaiah Winstead,Winstead,,0,4000,ATL@PIT,PIT,ATL,,,,,,WR/FLEX,Isaiah Winstead,fd,4000,isaiah winstead,PIT,WR,classic,00-0038883,auto_exact,high
133646-109008,WR,Jalen,Jalen Moreno-Cropper,Moreno-Cropper,0.0,2,4000,NO@DET,NO,DET,,,,,,WR/FLEX,Jalen Moreno-Cropper,fd,4000,jalen moreno cropper,NO,WR,classic,00-0038740,auto_fallback_team_mismatch,medium
133646-243158,WR,Tyren,Tyren Montgomery,Montgomery,,0,4000,NYJ@TEN,TEN,NYJ,,,,,,WR/FLEX,Tyren Montgomery,fd,4000,tyren montgomery,TEN,WR,classic,00-0040919,auto_exact,high
133646-90583,WR,Tyrell,Tyrell Shavers,Shavers,3.627272865988992,11,4000,BUF@HOU,BUF,HOU,,Knee - acl,,,,WR/FLEX,Tyrell Shavers,fd,4000,tyrell shavers,BUF,WR,classic,00-0038679,auto_exact,high
133646-155096,WR,Quincy,Quincy Skinner Jr.,Skinner Jr.,,0,4000,NYJ@TEN,NYJ,TEN,,,,,,WR/FLEX,Quincy Skinner Jr.,fd,4000,quincy skinner,NYJ,WR,classic,00-0040553,auto_exact,high
133646-243161,TE,Ty,Ty Pezza,Pezza,,0,4000,BAL@IND,BAL,IND,,,,,,TE/FLEX,Ty Pezza,fd,4000,ty pezza,BAL,TE,classic,00-0040986,auto_fallback_name_only_position_mismatch,low
133646-63967,WR,Lucky,Lucky Jackson,Jackson,,0,4000,NO@DET,DET,NO,,,,,,WR/FLEX,Lucky Jackson,fd,4000,lucky jackson,DET,WR,classic,00-0038181,auto_exact,high
133646-80353,TE,Robert,Robert Tonyan,Tonyan,0.6000000238418579,1,4000,ATL@PIT,PIT,ATL,,,,,,TE/FLEX,Robert Tonyan,fd,4000,robert tonyan,PIT,TE,classic,00-0033757,auto_fallback_team_mismatch,medium
133646-185827,RB,Jacob,Jacob Saylors,Saylors,0.1100000023841858,10,4000,NO@DET,DET,NO,,,,,,RB/FLEX,Jacob Saylors,fd,4000,jacob saylors,DET,RB,classic,00-0038896,auto_exact,high
133646-169440,WR,Kaden,Kaden Wetjen,Wetjen,,0,4000,ATL@PIT,PIT,ATL,,,,,,WR/FLEX,Kaden Wetjen,fd,4000,kaden wetjen,PIT,WR,classic,00-0041397,auto_exact,high
133646-102882,WR,Anthony,Anthony Gould,Gould,0.1600000023841858,10,4000,BAL@IND,IND,BAL,,,,,,WR/FLEX,Anthony Gould,fd,4000,anthony gould,IND,WR,classic,00-0039816,auto_exact,high
133646-71143,TE,Kylen,Kylen Granson,Granson,0.8333333333333334,9,4000,NYJ@TEN,TEN,NYJ,,,,,,TE/FLEX,Kylen Granson,fd,4000,kylen granson,TEN,TE,classic,00-0036876,auto_fallback_team_mismatch,medium
133646-188900,WR,Michael,Michael Wortham,Wortham,,0,4000,CLE@JAC,JAC,CLE,,,,,,WR/FLEX,Michael Wortham,fd,4000,michael wortham,JAX,WR,classic,00-0041220,auto_exact,high
133646-102902,WR,Trey,Trey Palmer,Palmer,2.085714340209961,14,4000,NO@DET,NO,DET,,,,,,WR/FLEX,Trey Palmer,fd,4000,trey palmer,NO,WR,classic,00-0039052,auto_exact,high
133646-113160,WR,Jakobie,Jakobie Keeney-James,Keeney-James,2.5,1,4000,ATL@PIT,PIT,ATL,,,,,,WR/FLEX,Jakobie Keeney-James,fd,4000,jakobie keeney james,PIT,WR,classic,00-0040388,auto_fallback_team_mismatch,medium
133646-129560,WR,Xavier,Xavier Restrepo,Restrepo,2.799999952316284,2,4000,NYJ@TEN,TEN,NYJ,,,,,,WR/FLEX,Xavier Restrepo,fd,4000,xavier restrepo,TEN,WR,classic,00-0040522,auto_exact,high
133646-89627,WR,Brycen,Brycen Tremayne,Tremayne,1.7692307692307692,13,4000,CHI@CAR,CAR,CHI,,,,,,WR/FLEX,Brycen Tremayne,fd,4000,brycen tremayne,CAR,WR,classic,00-0038840,auto_exact,high
133646-73247,RB,Kene,Kene Nwangwu,Nwangwu,1.0899999618530274,10,4000,NYJ@TEN,NYJ,TEN,,,,,,RB/FLEX,Kene Nwangwu,fd,4000,kene nwangwu,NYJ,RB,classic,00-0036842,auto_exact,high
133646-226856,TE,JJ,JJ Galbreath,Galbreath,,0,4000,BAL@IND,IND,BAL,,,,,,TE/FLEX,JJ Galbreath,fd,4000,jj galbreath,IND,TE,classic,00-0040528,auto_exact,high
133646-208430,WR,Bryce,Bryce Lance,Lance,,0,4000,NO@DET,NO,DET,,,,,,WR/FLEX,Bryce Lance,fd,4000,bryce lance,NO,WR,classic,00-0041067,auto_exact,high
133646-201260,WR,Mason,Mason Tipton,Tipton,1.862499952316284,8,4000,NO@DET,NO,DET,,Leg,,,,WR/FLEX,Mason Tipton,fd,4000,mason tipton,NO,WR,classic,00-0039623,auto_exact,high
133646-226866,WR,Joaquin,Joaquin Davis,Davis,,0,4000,ATL@PIT,PIT,ATL,,,,,,WR/FLEX,Joaquin Davis,fd,4000,joaquin davis,PIT,WR,classic,,,
133646-238135,TE,Layne,Layne Pryor,Pryor,,0,4000,BUF@HOU,HOU,BUF,,,,,,TE/FLEX,Layne Pryor,fd,4000,layne pryor,HOU,TE,classic,00-0040792,auto_exact,high
133646-226875,WR,Ja'seem,Ja'seem Reed,Reed,,0,4000,CHI@CAR,CAR,CHI,,,,,,WR/FLEX,Ja'seem Reed,fd,4000,jaseem reed,CAR,WR,classic,00-0040265,auto_exact,high
133646-225850,RB,J'Mari,J'Mari Taylor,Taylor,,0,4000,CLE@JAC,JAC,CLE,,,,,,RB/FLEX,J'Mari Taylor,fd,4000,jmari taylor,JAX,RB,classic,00-0041217,auto_exact,high
133646-138808,TE,Chase,Chase Curtis,Curtis,,0,4000,NYJ@TEN,NYJ,TEN,Q,Knee,,,,TE/FLEX,Chase Curtis,fd,4000,chase curtis,NYJ,TE,classic,00-0041237,auto_exact,high
133646-208440,RB,Barika,Barika Kpeenu,Kpeenu,,0,4000,TB@CIN,TB,CIN,,,,,,RB/FLEX,Barika Kpeenu,fd,4000,barika kpeenu,TB,RB,classic,00-0041595,auto_exact,high
133646-152128,WR,Dominic,Dominic Lovett,Lovett,0.0,1,4000,NO@DET,DET,NO,,,,,,WR/FLEX,Dominic Lovett,fd,4000,dominic lovett,DET,WR,classic,00-0040241,auto_exact,high
133646-104008,TE,Stephen,Stephen Carlson,Carlson,,0,4000,CHI@CAR,CHI,CAR,,,,,,TE/FLEX,Stephen Carlson,fd,4000,stephen carlson,CHI,TE,classic,00-0035039,auto_exact,high
133646-138854,WR,Ke'Shawn,Ke'Shawn Williams,Williams,0.0,11,4000,TB@CIN,CIN,TB,,,,,,WR/FLEX,Ke'Shawn Williams,fd,4000,keshawn williams,CIN,WR,classic,00-0040534,auto_exact,high
133646-206447,RB,Max,Max Hurleman,Hurleman,,0,4000,ATL@PIT,PIT,ATL,,,,,,RB/FLEX,Max Hurleman,fd,4000,max hurleman,PIT,RB,classic,00-0040618,auto_exact,high
133646-86646,RB,Trey,Trey Sermon,Sermon,0.0,1,4000,ATL@PIT,ATL,PIT,IR,Undisclosed,,,,RB/FLEX,Trey Sermon,fd,4000,trey sermon,ATL,RB,classic,00-0036984,auto_fallback_team_mismatch,medium
133646-158338,WR,Max,Max Tomczak,Tomczak,,0,4000,BUF@HOU,BUF,HOU,,,,,,WR/FLEX,Max Tomczak,fd,4000,max tomczak,BUF,WR,classic,00-0041274,auto_exact,high
133646-135812,WR,Quentin,Quentin Skinner,Skinner,3.5,1,4000,BUF@HOU,BUF,HOU,,,,,,WR/FLEX,Quentin Skinner,fd,4000,quentin skinner,BUF,WR,classic,00-0040406,auto_fallback_team_mismatch,medium
133646-141956,TE,Beau,Beau Gardner,Gardner,,0,4000,CHI@CAR,CHI,CAR,,,,,,TE/FLEX,Beau Gardner,fd,4000,beau gardner,CHI,TE,classic,00-0041167,auto_fallback_name_only_position_mismatch,low
133646-167561,WR,Antwane,Antwane Wells Jr.,Wells Jr.,,0,4000,ATL@PIT,ATL,PIT,,,,,,WR/FLEX,Antwane Wells Jr.,fd,4000,antwane wells,ATL,WR,classic,00-0040438,auto_exact,high
133646-93845,WR,Tay,Tay Martin,Martin,1.649999976158142,2,4000,NO@DET,DET,NO,,,,,,WR/FLEX,Tay Martin,fd,4000,tay martin,DET,WR,classic,00-0037524,auto_fallback_team_mismatch,medium
133646-152219,WR,Lewis,Lewis Bond,Bond,,0,4000,BUF@HOU,HOU,BUF,,,,,,WR/FLEX,Lewis Bond,fd,4000,lewis bond,HOU,WR,classic,00-0041467,auto_exact,high
133646-128681,TE,Caden,Caden Prieskorn,Prieskorn,,0,4000,CHI@CAR,CAR,CHI,,,,,,TE/FLEX,Caden Prieskorn,fd,4000,caden prieskorn,CAR,TE,classic,00-0040392,auto_exact,high
133646-152232,WR,Jordan,Jordan Moore,Moore,,0,4000,TB@CIN,CIN,TB,,,,,,WR/FLEX,Jordan Moore,fd,4000,jordan moore,CIN,WR,classic,00-0040375,auto_exact,high
133646-87731,WR,Dominique,Dominique Robinson,Robinson,0.0,12,4000,BUF@HOU,HOU,BUF,Q,Calf,,,,WR/FLEX,Dominique Robinson,fd,4000,dominique robinson,HOU,WR,classic,00-0037082,auto_fallback_name_only_position_mismatch,low
133646-69302,TE,Feleipe,Feleipe Franks,Franks,0.0800000011920929,5,4000,CHI@CAR,CAR,CHI,,,,,,TE/FLEX,Feleipe Franks,fd,4000,feleipe franks,CAR,TE,classic,00-0036825,auto_fallback_team_mismatch,medium
133646-111325,RB,Ulysses,Ulysses Bentley IV,Bentley IV,0.0,1,4000,BAL@IND,IND,BAL,,,,,,RB/FLEX,Ulysses Bentley IV,fd,4000,ulysses bentley,IND,RB,classic,00-0040476,auto_exact,high
133646-29411,TE,Pharaoh,Pharaoh Brown,Brown,0.3666666746139526,3,4000,BAL@IND,IND,BAL,,,,,,TE/FLEX,Pharaoh Brown,fd,4000,pharaoh brown,IND,TE,classic,00-0033439,auto_fallback_team_mismatch,medium
133646-104165,RB,Lew,Lew Nichols,Nichols,0.0,1,4000,ATL@PIT,PIT,ATL,,,,,,RB/FLEX,Lew Nichols,fd,4000,lew nichols,PIT,RB,classic,00-0038409,auto_exact,high
133646-252646,TE,Connor,Connor Hulstein,Hulstein,,0,4000,NYJ@TEN,NYJ,TEN,Q,Undisclosed,,,,TE/FLEX,Connor Hulstein,fd,4000,connor hulstein,NYJ,TE,classic,00-0041577,auto_exact,high
133646-128759,WR,Keelan,Keelan Marion,Marion,,0,4000,ATL@PIT,ATL,PIT,,,,,,WR/FLEX,Keelan Marion,fd,4000,keelan marion,ATL,WR,classic,00-0041266,auto_exact,high
133646-56059,WR,Trent,Trent Sherfield Sr.,Sherfield Sr.,0.8999999761581421,4,4000,BUF@HOU,BUF,HOU,,,,,,WR/FLEX,Trent Sherfield Sr.,fd,4000,trent sherfield,BUF,WR,classic,00-0034487,auto_fallback_team_mismatch,medium
133646-86778,TE,Devin,Devin Culp,Culp,3.549999952316284,2,4000,TB@CIN,TB,CIN,,,,,,TE/FLEX,Devin Culp,fd,4000,devin culp,TB,TE,classic,00-0039754,auto_exact,high
133646-86780,RB,Salvon,Salvon Ahmed,Ahmed,,0,4000,CHI@CAR,CHI,CAR,,,,,,RB/FLEX,Salvon Ahmed,fd,4000,salvon ahmed,CHI,RB,classic,00-0036020,auto_exact,high
133646-226048,RB,Elijah,Elijah Tau-Tolliver,Tau-Tolliver,,0,4000,BAL@IND,BAL,IND,,,,,,RB/FLEX,Elijah Tau-Tolliver,fd,4000,elijah tau tolliver,BAL,RB,classic,00-0040991,auto_exact,high
133646-169733,TE,Carsen,Carsen Ryan,Ryan,,0,4000,CLE@JAC,CLE,JAC,,,,,,TE/FLEX,Carsen Ryan,fd,4000,carsen ryan,CLE,TE,classic,00-0041131,auto_exact,high
133646-174856,WR,Hank,Hank Beatty,Beatty,,0,4000,NYJ@TEN,TEN,NYJ,,,,,,WR/FLEX,Hank Beatty,fd,4000,hank beatty,TEN,WR,classic,00-0040912,auto_exact,high
133646-152333,WR,Malik,Malik McClain,McClain,,0,4000,NYJ@TEN,NYJ,TEN,,,,,,WR/FLEX,Malik McClain,fd,4000,malik mcclain,NYJ,WR,classic,00-0041267,auto_exact,high
133646-71444,RB,Travis,Travis Homer,Homer,-0.0400000005960464,5,4000,ATL@PIT,PIT,ATL,,,,,,RB/FLEX,Travis Homer,fd,4000,travis homer,PIT,RB,classic,00-0035594,auto_fallback_team_mismatch,medium
133646-152350,RB,Jamal,Jamal Haynes,Haynes,,0,4000,TB@CIN,CIN,TB,,,,,,RB/FLEX,Jamal Haynes,fd,4000,jamal haynes,CIN,RB,classic,00-0041244,auto_exact,high
133646-170783,WR,Omari,Omari Kelly,Kelly,,0,4000,CHI@CAR,CHI,CAR,,,,,,WR/FLEX,Omari Kelly,fd,4000,omari kelly,CHI,WR,classic,00-0041168,auto_exact,high
133646-167714,TE,Kenny,Kenny Fletcher Jr.,Fletcher Jr.,,0,4000,TB@CIN,TB,CIN,,,,,,TE/FLEX,Kenny Fletcher Jr.,fd,4000,kenny fletcher,TB,TE,classic,00-0041252,auto_exact,high
133646-119584,TE,Carson,Carson Towt,Towt,,0,4000,BAL@IND,IND,BAL,IR,Undisclosed,,,,TE/FLEX,Carson Towt,fd,4000,carson towt,IND,TE,classic,00-0040853,auto_exact,high
133646-71459,RB,Brittain,Brittain Brown,Brown,4.849999904632568,2,4000,CHI@CAR,CHI,CAR,IR,Undisclosed,,,,RB/FLEX,Brittain Brown,fd,4000,brittain brown,CHI,RB,classic,00-0037329,auto_exact,high
133646-158506,TE,Louis,Louis Hansen,Hansen,,0,4000,BUF@HOU,HOU,BUF,,,,,,TE/FLEX,Louis Hansen,fd,4000,louis hansen,HOU,TE,classic,00-0041535,auto_exact,high
133646-138028,RB,Kalel,Kalel Mullings,Mullings,0.2333333293596903,3,4000,NYJ@TEN,TEN,NYJ,,,,,,RB/FLEX,Kalel Mullings,fd,4000,kalel mullings,TEN,RB,classic,00-0040205,auto_exact,high
133646-103214,WR,Eli,Eli Pancol,Pancol,,0,4000,BAL@IND,IND,BAL,,,,,,WR/FLEX,Eli Pancol,fd,4000,eli pancol,IND,WR,classic,00-0040337,auto_exact,high
133646-138039,TE,Matt,Matt Hibner,Hibner,,0,4000,BAL@IND,BAL,IND,,,,,,TE/FLEX,Matt Hibner,fd,4000,matt hibner,BAL,TE,classic,,,
133646-201526,RB,Ian,Ian Wheeler,Wheeler,,0,4000,BUF@HOU,BUF,HOU,,,,,,RB/FLEX,Ian Wheeler,fd,4000,ian wheeler,BUF,RB,classic,00-0039466,auto_exact,high
133646-119615,RB,Roydell,Roydell Williams,Williams,,0,4000,NO@DET,DET,NO,,,,,,RB/FLEX,Roydell Williams,fd,4000,roydell williams,DET,RB,classic,00-0041572,auto_exact,high
133646-120641,RB,Dominic,Dominic Richardson,Richardson,,0,4000,NYJ@TEN,NYJ,TEN,IR,Undisclosed,,,,RB/FLEX,Dominic Richardson,fd,4000,dominic richardson,NYJ,RB,classic,00-0040937,auto_exact,high
133646-158529,WR,Josh,Josh Cameron,Cameron,,0,4000,CLE@JAC,JAC,CLE,,,,,,WR/FLEX,Josh Cameron,fd,4000,josh cameron,JAX,WR,classic,00-0041100,auto_exact,high
133646-185153,RB,Davon,Davon Booth,Booth,,0,4000,BAL@IND,IND,BAL,,,,,,RB/FLEX,Davon Booth,fd,4000,davon booth,IND,RB,classic,00-0041277,auto_fallback_team_mismatch,medium
133646-159559,WR,Roc,Roc Taylor,Taylor,,0,4000,CHI@CAR,CAR,CHI,,,,,,WR/FLEX,Roc Taylor,fd,4000,roc taylor,CAR,WR,classic,00-0040531,auto_exact,high
133646-69451,TE,Jack,Jack Stoll,Stoll,1.7000000476837158,8,4000,CLE@JAC,CLE,JAC,Q,Undisclosed,,,,TE/FLEX,Jack Stoll,fd,4000,jack stoll,CLE,TE,classic,00-0036741,auto_fallback_team_mismatch,medium
133646-41806,WR,Laquon,Laquon Treadwell,Treadwell,0.0,5,4000,BAL@IND,IND,BAL,,,,,,WR/FLEX,Laquon Treadwell,fd,4000,laquon treadwell,IND,WR,classic,00-0032951,auto_exact,high
133646-154445,WR,Sahmir,Sahmir Hagans,Hagans,,0,4000,BAL@IND,IND,BAL,,,,,,WR/FLEX,Sahmir Hagans,fd,4000,sahmir hagans,IND,WR,classic,00-0041228,auto_exact,high
133646-178011,WR,Xavier,Xavier Guillory,Guillory,,0,4000,BAL@IND,BAL,IND,,,,,,WR/FLEX,Xavier Guillory,fd,4000,xavier guillory,BAL,WR,classic,00-0040099,auto_exact,high
133646-201561,WR,Cole,Cole Burgess,Burgess,,0,4000,ATL@PIT,PIT,ATL,IR,Undisclosed,,,,WR/FLEX,Cole Burgess,fd,4000,cole burgess,PIT,WR,classic,00-0039626,auto_exact,high
133646-119642,WR,Ja'Mori,Ja'Mori Maclin,Maclin,,0,4000,BUF@HOU,BUF,HOU,,,,,,WR/FLEX,Ja'Mori Maclin,fd,4000,jamori maclin,BUF,WR,classic,00-0041272,auto_exact,high
133646-137058,WR,Trebor,Trebor Pena,Pena,,0,4000,CLE@JAC,JAC,CLE,,,,,,WR/FLEX,Trebor Pena,fd,4000,trebor pena,JAX,WR,classic,00-0041216,auto_exact,high
133646-66402,TE,Jack,Jack Driscoll,Driscoll,0.0,1,4000,ATL@PIT,PIT,ATL,IR,Undisclosed,,,,TE/FLEX,Jack Driscoll,fd,4000,jack driscoll,PIT,TE,classic,00-0036396,auto_fallback_name_only_position_mismatch,low
133646-139114,RB,Jabari,Jabari Small,Small,,0,4000,NO@DET,DET,NO,,,,,,RB/FLEX,Jabari Small,fd,4000,jabari small,DET,RB,classic,00-0039652,auto_exact,high
133646-120684,WR,Garrett,Garrett Greene,Greene,,0,4000,TB@CIN,TB,CIN,,,,,,WR/FLEX,Garrett Greene,fd,4000,garrett greene,TB,WR,classic,00-0040419,auto_exact,high
133646-166764,WR,Cam,Cam Camper,Camper,,0,4000,NYJ@TEN,NYJ,TEN,,,,,,WR/FLEX,Cam Camper,fd,4000,cam camper,NYJ,WR,classic,00-0040324,auto_exact,high
133646-166770,WR,Kendrick,Kendrick Law,Law,,0,4000,NO@DET,DET,NO,IR,Knee - acl,,,,WR/FLEX,Kendrick Law,fd,4000,kendrick law,DET,WR,classic,00-0041446,auto_exact,high
133646-119672,RB,Kendall,Kendall Milton,Milton,0.2000000029802322,1,4000,TB@CIN,CIN,TB,,,,,,RB/FLEX,Kendall Milton,fd,4000,kendall milton,CIN,RB,classic,00-0039266,auto_exact,high
133646-114557,WR,Cornelius,Cornelius Johnson,Johnson,,0,4000,BAL@IND,BAL,IND,,,,,,WR/FLEX,Cornelius Johnson,fd,4000,cornelius johnson,BAL,WR,classic,00-0039437,auto_exact,high
133646-185215,RB,Kadarius,Kadarius Calloway,Calloway,,0,4000,TB@CIN,TB,CIN,Q,Undisclosed,,,,RB/FLEX,Kadarius Calloway,fd,4000,kadarius calloway,TB,RB,classic,,,
133646-103302,WR,Courtney,Courtney Jackson,Jackson,,0,4000,NYJ@TEN,TEN,NYJ,,,,,,WR/FLEX,Courtney Jackson,fd,4000,courtney jackson,TEN,WR,classic,00-0040445,auto_exact,high
133646-160655,WR,Brock,Brock Rechsteiner,Rechsteiner,,0,4000,NO@DET,NO,DET,IR,Suspension,,,,WR/FLEX,Brock Rechsteiner,fd,4000,brock rechsteiner,NO,WR,classic,00-0041451,auto_exact,high
133646-94094,TE,Brevin,Brevin Jordan,Jordan,0.8500000238418579,2,4000,BUF@HOU,HOU,BUF,Q,Knee,,,,TE/FLEX,Brevin Jordan,fd,4000,brevin jordan,HOU,TE,classic,,,
133646-158610,TE,Drew,Drew Biber,Biber,,0,4000,CLE@JAC,CLE,JAC,,,,,,TE/FLEX,Drew Biber,fd,4000,drew biber,CLE,TE,classic,00-0041576,auto_exact,high
133646-64405,WR,Dan,Dan Chisena,Chisena,1.2999999523162842,4,4000,CHI@CAR,CAR,CHI,Q,Undisclosed,,,,WR/FLEX,Dan Chisena,fd,4000,dan chisena,CAR,WR,classic,,,
133646-128920,RB,Noah,Noah Whittington,Whittington,,0,4000,BUF@HOU,HOU,BUF,,,,,,RB/FLEX,Noah Whittington,fd,4000,noah whittington,HOU,RB,classic,00-0041312,auto_exact,high
133646-176025,WR,Noah,Noah Thomas,Thomas,,0,4000,TB@CIN,CIN,TB,,,,,,WR/FLEX,Noah Thomas,fd,4000,noah thomas,CIN,WR,classic,00-0041248,auto_exact,high
133646-114591,TE,William,William Wagner,Wagner,,0,4000,TB@CIN,CIN,TB,,,,,,TE/FLEX,William Wagner,fd,4000,william wagner,CIN,TE,classic,00-0040379,auto_fallback_name_only_position_mismatch,low
133646-94116,TE,Will,Will Mallory,Mallory,2.0999999046325684,1,4000,BAL@IND,IND,BAL,IR,Thumb,,,,TE/FLEX,Will Mallory,fd,4000,will mallory,IND,TE,classic,00-0038394,auto_exact,high
133646-173988,RB,Alex,Alex Tecza,Tecza,,0,4000,ATL@PIT,PIT,ATL,,,,,,RB/FLEX,Alex Tecza,fd,4000,alex tecza,PIT,RB,classic,00-0041598,auto_exact,high
133646-119718,RB,Chip,Chip Trayanum,Trayanum,,0,4000,NYJ@TEN,NYJ,TEN,IR,Neck,,,,RB/FLEX,Chip Trayanum,fd,4000,chip trayanum,NYJ,RB,classic,00-0041239,auto_exact,high
133646-184229,WR,Kole,Kole Wilson,Wilson,,0,4000,CLE@JAC,CLE,JAC,,,,,,WR/FLEX,Kole Wilson,fd,4000,kole wilson,CLE,WR,classic,00-0041287,auto_exact,high
133646-157609,WR,Gage,Gage Larvadain,Larvadain,0.7416666348775228,12,4000,CLE@JAC,CLE,JAC,,,,,,WR/FLEX,Gage Larvadain,fd,4000,gage larvadain,CLE,WR,classic,00-0040259,auto_exact,high
133646-167849,TE,Zach,Zach Horton,Horton,,0,4000,NO@DET,DET,NO,,,,,,TE/FLEX,Zach Horton,fd,4000,zach horton,DET,TE,classic,00-0040387,auto_exact,high
133646-138156,TE,Joe,Joe Royer,Royer,,0,4000,CLE@JAC,CLE,JAC,IR,Personal,,,,TE/FLEX,Joe Royer,fd,4000,joe royer,CLE,TE,classic,00-0041087,auto_exact,high
133646-93107,RB,AJ,AJ Dillon,Dillon,1.2666666507720947,6,4000,CHI@CAR,CAR,CHI,,,,,,RB/FLEX,AJ Dillon,fd,4000,aj dillon,CAR,RB,classic,00-0036265,auto_fallback_team_mismatch,medium
133646-187313,RB,Dontae,Dontae McMillan,McMillan,,0,4000,BAL@IND,BAL,IND,,,,,,RB/FLEX,Dontae McMillan,fd,4000,dontae mcmillan,BAL,RB,classic,00-0040984,auto_exact,high
133646-138169,TE,Jaheim,Jaheim Bell,Bell,0.75,4,4000,ATL@PIT,PIT,ATL,,,,,,TE/FLEX,Jaheim Bell,fd,4000,jaheim bell,PIT,TE,classic,00-0039420,auto_exact,high
133646-104388,WR,Tom,Tom Kennedy,Kennedy,0.9333333174387614,6,4000,NO@DET,DET,NO,,,,,,WR/FLEX,Tom Kennedy,fd,4000,tom kennedy,DET,WR,classic,00-0035544,auto_exact,high
133646-95184,WR,Xavier,Xavier Johnson,Johnson,,0,4000,TB@CIN,CIN,TB,,,,,,WR/FLEX,Xavier Johnson,fd,4000,xavier johnson,CIN,WR,classic,00-0039473,auto_exact,high
133646-169937,WR,Lance,Lance McCutcheon,McCutcheon,,0,4000,NYJ@TEN,TEN,NYJ,,,,,,WR/FLEX,Lance McCutcheon,fd,4000,lance mccutcheon,TEN,WR,classic,00-0037055,auto_exact,high
133646-85986,TE,James,James Mitchell,Mitchell,1.433333396911621,3,4000,CHI@CAR,CAR,CHI,,,,,,TE/FLEX,James Mitchell,fd,4000,james mitchell,CAR,TE,classic,00-0037282,auto_exact,high
133646-96254,TE,Nick,Nick Muse,Muse,0.0,2,4000,ATL@PIT,ATL,PIT,,,,,,TE/FLEX,Nick Muse,fd,4000,nick muse,ATL,TE,classic,00-0037317,auto_exact,high
133646-12551,D,Tampa Bay,Tampa Bay Buccaneers,Buccaneers,5.823529411764706,17,3900,TB@CIN,TB,CIN,,,,,,DEF,Tampa Bay Buccaneers,fd,3900,tampa bay buccaneers,TB,D,classic,DST_TB,team_defense,high
133646-12525,D,Atlanta,Atlanta Falcons,Falcons,7.352941176470588,17,3700,ATL@PIT,ATL,PIT,,,,,,DEF,Atlanta Falcons,fd,3700,atlanta falcons,ATL,D,classic,DST_ATL,team_defense,high
133646-12528,D,Cincinnati,Cincinnati Bengals,Bengals,4.764705882352941,17,3600,TB@CIN,CIN,TB,,,,,,DEF,Cincinnati Bengals,fd,3600,cincinnati bengals,CIN,D,classic,DST_CIN,team_defense,high
133646-12529,D,Cleveland,Cleveland Browns,Browns,7.882352941176471,17,3500,CLE@JAC,CLE,JAC,,,,,,DEF,Cleveland Browns,fd,3500,cleveland browns,CLE,D,classic,DST_CLE,team_defense,high
133646-12544,D,New York,New York Jets,Jets,2.764705882352941,17,3400,NYJ@TEN,NYJ,TEN,,,,,,DEF,New York Jets,fd,3400,new york jets,NYJ,D,classic,DST_NYJ,team_defense,high
133646-12553,D,Carolina,Carolina Panthers,Panthers,5.944444444444445,18,3300,CHI@CAR,CAR,CHI,,,,,,DEF,Carolina Panthers,fd,3300,carolina panthers,CAR,D,classic,DST_CAR,team_defense,high
133646-12534,D,Tennessee,Tennessee Titans,Titans,5.117647058823529,17,3200,NYJ@TEN,TEN,NYJ,,,,,,DEF,Tennessee Titans,fd,3200,tennessee titans,TEN,D,classic,DST_TEN,team_defense,high
133646-12535,D,Indianapolis,Indianapolis Colts,Colts,5.823529411764706,17,3200,BAL@IND,IND,BAL,,,,,,DEF,Indianapolis Colts,fd,3200,indianapolis colts,IND,D,classic,DST_IND,team_defense,high
133646-12542,D,New Orleans,New Orleans Saints,Saints,7.0,17,3100,NO@DET,NO,DET,,,,,,DEF,New Orleans Saints,fd,3100,new orleans saints,NO,D,classic,DST_NO,team_defense,high
