Id,Position,First Name,Nickname,Last Name,FPPG,Played,Salary,Game,Team,Opponent,Injury Indicator,Injury Details,Tier,,,Roster Position
134516-39280,RB,Derrick,Derrick Henry,Henry,27,2,9000,BAL@DAL,BAL,DAL,,,,,,RB/FLEX
134516-55050,RB,Christian,Christian McCaffrey,McCaffrey,15.949999809265137,2,8900,ARI@SF,SF,ARI,,,,,,RB/FLEX
134516-86631,WR,CeeDee,CeeDee Lamb,Lamb,23.600000381469727,2,8600,BAL@DAL,DAL,BAL,,,,,,WR/FLEX
134516-63115,QB,Lamar,Lamar Jackson,Jackson,21.8799991607666,2,8600,BAL@DAL,BAL,DAL,,,,,,QB
134516-85671,WR,Justin,Justin Jefferson,Jefferson,17.100000381469727,2,8400,MIN@TB,MIN,TB,,,,,,WR/FLEX
134516-31716,QB,Dak,Dak Prescott,Prescott,22.579999923706055,2,8300,BAL@DAL,DAL,BAL,,,,,,QB
134516-85607,QB,Brock,Brock Purdy,Purdy,25.290000915527344,2,8200,ARI@SF,SF,ARI,,,,,,QB
134516-87770,WR,Chris,Chris Olave,Olave,22.399999618530273,2,8100,LV@NO,NO,LV,,,,,,WR/FLEX
134516-167031,RB,Ashton,Ashton Jeanty,Jeanty,20.5,2,7800,LV@NO,LV,NO,,,,,,RB/FLEX
134516-32384,WR,Mike,Mike Evans,Evans,10.399999618530273,2,7800,ARI@SF,SF,ARI,Q,Hip,,,,WR/FLEX
134516-110246,WR,George,George Pickens,Pickens,5.650000095367432,2,7700,BAL@DAL,DAL,BAL,,,,,,WR/FLEX
134516-152664,RB,Bucky,Bucky Irving,Irving,13.899999618530273,2,7600,MIN@TB,TB,MIN,,,,,,RB/FLEX
134516-88431,QB,Tyler,Tyler Shough,Shough,25.290000915527344,2,7600,LV@NO,NO,LV,,,,,,QB
134516-112295,WR,Zay,Zay Flowers,Flowers,26.5,1,7500,BAL@DAL,BAL,DAL,Q,Hamstring,,,,WR/FLEX
134516-93541,RB,Javonte,Javonte Williams,Williams,14.100000381469727,2,7400,BAL@DAL,DAL,BAL,,,,,,RB/FLEX
134516-41535,QB,Baker,Baker Mayfield,Mayfield,12.40999984741211,2,7300,MIN@TB,TB,MIN,,,,,,QB
134516-91750,TE,Trey,Trey McBride,McBride,17.049999237060547,2,7300,ARI@SF,ARI,SF,,,,,,TE/FLEX
134516-70324,QB,Carson,Carson Wentz,Wentz,12.770000457763672,2,7100,MIN@TB,MIN,TB,,,,,,QB
134516-63484,QB,Kyler,Kyler Murray,Murray,0.6200000047683716,1,7100,MIN@TB,MIN,TB,,,,,,QB
134516-22038,QB,Kirk,Kirk Cousins,Cousins,18.510000228881836,2,6900,LV@NO,LV,NO,,,,,,QB
134516-89956,RB,Travis,Travis Etienne Jr.,Etienne Jr.,8.699999809265137,2,6900,LV@NO,NO,LV,,,,,,RB/FLEX
134516-30231,QB,Jacoby,Jacoby Brissett,Brissett,11.989999771118164,2,6800,ARI@SF,ARI,SF,,,,,,QB
134516-56018,WR,Deebo,Deebo Samuel Sr.,Samuel Sr.,10,2,6600,ARI@SF,SF,ARI,,,,,,WR/FLEX
134516-151794,TE,Brock,Brock Bowers,Bowers,12.516666412353516,12,6500,LV@NO,LV,NO,Q,Knee - meniscus,,,,TE/FLEX
134516-152575,QB,J.J.,J.J. McCarthy,McCarthy,13.73800048828125,10,6300,MIN@TB,MIN,TB,,,,,,QB
134516-152655,WR,Emeka,Emeka Egbuka,Egbuka,8.800000190734863,2,6200,MIN@TB,TB,MIN,,,,,,WR/FLEX
134516-40442,RB,Aaron,Aaron Jones Sr.,Jones Sr.,11.75,2,6200,MIN@TB,MIN,TB,,,,,,RB/FLEX
134516-39793,TE,George,George Kittle,Kittle,9.100000381469727,2,6100,ARI@SF,SF,ARI,,,,,,TE/FLEX
134516-175137,QB,Fernando,Fernando Mendoza,Mendoza,,0,6000,LV@NO,LV,NO,,,,,,QB
134516-104576,QB,Sam,Sam Howell,Howell,,0,6000,BAL@DAL,DAL,BAL,,,,,,QB
134516-135811,QB,Jalon,Jalon Daniels,Daniels,,0,6000,MIN@TB,TB,MIN,,,,,,QB
134516-184983,QB,Joe,Joe Fagnano,Fagnano,,0,6000,BAL@DAL,BAL,DAL,,,,,,QB
134516-69294,QB,Skylar,Skylar Thompson,Thompson,,0,6000,BAL@DAL,BAL,DAL,IR,Undisclosed,,,,QB
134516-93382,QB,Aidan,Aidan O'Connell,O'Connell,4.78000020980835,1,6000,LV@NO,LV,NO,Q,Personal,,,,QB
134516-91390,QB,Joe,Joe Milton III,Milton III,3.0799999237060547,4,6000,BAL@DAL,DAL,BAL,,,,,,QB
134516-90406,QB,Zach,Zach Wilson,Wilson,0.3449999988079071,4,6000,LV@NO,NO,LV,,,,,,QB
134516-61798,QB,Gardner,Gardner Minshew II,Minshew II,0.17000000178813934,4,6000,ARI@SF,ARI,SF,,,,,,QB
134516-104306,QB,Kurtis,Kurtis Rourke,Rourke,,0,6000,ARI@SF,SF,ARI,,,,,,QB
134516-119670,QB,Carson,Carson Beck,Beck,,0,6000,ARI@SF,ARI,SF,,,,,,QB
134516-103824,QB,Easton,Easton Stick,Stick,,0,6000,MIN@TB,TB,MIN,,,,,,QB
134516-70051,QB,Tyler,Tyler Huntley,Huntley,8.027999877929688,5,6000,BAL@DAL,BAL,DAL,,,,,,QB
134516-111557,QB,Spencer,Spencer Rattler,Rattler,11.515555487738716,9,6000,LV@NO,NO,LV,,,,,,QB
134516-200653,QB,Max,Max Brosmer,Brosmer,1.1742857524326868,7,6000,MIN@TB,MIN,TB,,,,,,QB
134516-90584,QB,Mac,Mac Jones,Jones,-0.20000000298023224,1,6000,ARI@SF,SF,ARI,,,,,,QB
134516-103619,WR,Tre,Tre Tucker,Tucker,13.550000190734863,2,5900,LV@NO,LV,NO,,,,,,WR/FLEX
134516-89612,WR,Michael,Michael Wilson,Wilson,5.449999809265137,2,5800,ARI@SF,ARI,SF,,,,,,WR/FLEX
134516-188171,RB,Jeremiyah,Jeremiyah Love,Love,9,2,5800,ARI@SF,ARI,SF,,,,,,RB/FLEX
134516-103511,WR,Devaughn,Devaughn Vele,Vele,12.649999618530273,2,5700,LV@NO,NO,LV,,,,,,WR/FLEX
134516-129210,WR,Jordan,Jordan Addison,Addison,1.5499999523162842,2,5700,MIN@TB,MIN,TB,,,,,,WR/FLEX
134516-152651,WR,Marvin,Marvin Harrison Jr.,Harrison Jr.,1.899999976158142,2,5600,ARI@SF,ARI,SF,,,,,,WR/FLEX
134516-89680,TE,Jake,Jake Ferguson,Ferguson,9.949999809265137,2,5600,BAL@DAL,DAL,BAL,,,,,,TE/FLEX
134516-90428,RB,Tyler,Tyler Allgeier,Allgeier,5.449999809265137,2,5600,ARI@SF,ARI,SF,,,,,,RB/FLEX
134516-55635,WR,Chris,Chris Godwin Jr.,Godwin Jr.,6.800000190734863,2,5600,MIN@TB,TB,MIN,,,,,,WR/FLEX
134516-85845,WR,Rashod,Rashod Bateman,Bateman,9.149999618530273,2,5600,BAL@DAL,BAL,DAL,,,,,,WR/FLEX
134516-42104,RB,Alvin,Alvin Kamara,Kamara,4.699999809265137,1,5500,LV@NO,NO,LV,,,,,,RB/FLEX
134516-61593,WR,Jauan,Jauan Jennings,Jennings,0,1,5400,MIN@TB,MIN,TB,Q,Personal,,,,WR/FLEX
134516-52436,TE,Mark,Mark Andrews,Andrews,7.400000095367432,2,5400,BAL@DAL,BAL,DAL,,,,,,TE/FLEX
134516-206341,WR,Ted,Ted Hurst III,Hurst III,4.400000095367432,2,5300,MIN@TB,TB,MIN,,,,,,WR/FLEX
134516-38264,WR,Demarcus,Demarcus Robinson,Robinson,8.449999809265137,2,5300,ARI@SF,SF,ARI,O,Ankle,,,,WR/FLEX
134516-167881,RB,Kaelon,Kaelon Black,Black,5,2,5300,ARI@SF,SF,ARI,,,,,,RB/FLEX
134516-64808,TE,Juwan,Juwan Johnson,Johnson,10.75,2,5200,LV@NO,NO,LV,,,,,,TE/FLEX
134516-201233,WR,Ryan,Ryan Flournoy,Flournoy,4,2,5100,BAL@DAL,DAL,BAL,,,,,,WR/FLEX
134516-71706,TE,T.J.,T.J. Hockenson,Hockenson,8,2,5100,MIN@TB,MIN,TB,,,,,,TE/FLEX
134516-128624,WR,Tez,Tez Johnson,Johnson,2.5,2,5100,MIN@TB,TB,MIN,,,,,,WR/FLEX
134516-92859,WR,Jalen,Jalen Nailor,Nailor,2.799999952316284,2,5100,LV@NO,LV,NO,,,,,,WR/FLEX
134516-90912,RB,Kenny,Kenny Gainwell,Gainwell,2.6500000953674316,2,5100,MIN@TB,TB,MIN,,,,,,RB/FLEX
134516-151741,WR,Jack,Jack Bech,Bech,6.650000095367432,2,5000,LV@NO,LV,NO,,,,,,WR/FLEX
134516-138998,TE,Michael,Michael Mayer,Mayer,5,2,5000,LV@NO,LV,NO,,,,,,TE/FLEX
134516-120657,RB,Kendre,Kendre Miller,Miller,9,1,5000,LV@NO,NO,LV,,,,,,RB/FLEX
134516-94087,RB,DeeJay,DeeJay Dallas,Dallas,1.5499999523162842,2,5000,MIN@TB,MIN,TB,,,,,,RB/FLEX
134516-80289,WR,Kendrick,Kendrick Bourne,Bourne,6.800000190734863,2,5000,ARI@SF,ARI,SF,,,,,,WR/FLEX
134516-120042,WR,Jalen,Jalen McMillan,McMillan,6.724999904632568,4,4900,MIN@TB,TB,MIN,,,,,,WR/FLEX
134516-12549,D,San Francisco,San Francisco 49ers,49ers,8,2,4900,ARI@SF,SF,ARI,,,,,,DEF
134516-33047,WR,Chris,Chris Moore,Moore,3.450000047683716,2,4900,BAL@DAL,BAL,DAL,,,,,,WR/FLEX
134516-86811,TE,Cade,Cade Otton,Otton,5.199999809265137,2,4900,MIN@TB,TB,MIN,,,,,,TE/FLEX
134516-92890,WR,Cody,Cody White,White,7.699999809265137,2,4800,LV@NO,LV,NO,,,,,,WR/FLEX
134516-156527,WR,Devontez,Devontez Walker,Walker,5.199999809265137,1,4800,BAL@DAL,BAL,DAL,,,,,,WR/FLEX
134516-94579,RB,Emari,Emari Demercado,Demercado,0.75,2,4800,BAL@DAL,DAL,BAL,,,,,,RB/FLEX
134516-154008,RB,Mike,Mike Washington Jr.,Washington Jr.,2.4000000953674316,2,4800,LV@NO,LV,NO,,,,,,RB/FLEX
134516-60957,WR,KaVontae,KaVontae Turpin,Turpin,0.699999988079071,2,4700,BAL@DAL,DAL,BAL,,,,,,WR/FLEX
134516-208430,WR,Bryce,Bryce Lance,Lance,3.5,2,4700,LV@NO,NO,LV,,,,,,WR/FLEX
134516-114530,WR,Jacob,Jacob Cowing,Cowing,0,2,4700,ARI@SF,SF,ARI,,,,,,WR/FLEX
134516-71705,TE,Noah,Noah Fant,Fant,11.300000190734863,1,4600,LV@NO,NO,LV,,,,,,TE/FLEX
134516-171217,RB,Demond,Demond Claiborne,Claiborne,0.699999988079071,1,4600,MIN@TB,MIN,TB,,,,,,RB/FLEX
134516-71521,RB,Justice,Justice Hill,Hill,3.049999952316284,2,4600,BAL@DAL,BAL,DAL,,,,,,RB/FLEX
134516-138649,WR,LaJohntay,LaJohntay Wester,Wester,2.200000047683716,2,4600,BAL@DAL,BAL,DAL,,,,,,WR/FLEX
134516-184917,WR,Elijah,Elijah Sarratt,Sarratt,,0,4500,BAL@DAL,BAL,DAL,,,,,,WR/FLEX
134516-137059,RB,Sean,Sean Tucker,Tucker,5.317647148581112,17,4500,MIN@TB,TB,MIN,,,,,,RB/FLEX
134516-185863,RB,Hunter,Hunter Luepke,Luepke,0.4000000059604645,2,4400,BAL@DAL,DAL,BAL,,,,,,RB/FLEX
134516-173066,RB,CJ,CJ Donaldson,Donaldson,0.44999998807907104,2,4300,LV@NO,NO,LV,,,,,,RB/FLEX
134516-183410,WR,Malik,Malik Benson,Benson,0.15000000596046448,2,4300,LV@NO,LV,NO,,,,,,WR/FLEX
134516-173241,WR,Barion,Barion Brown,Brown,0.15000000596046448,2,4300,LV@NO,NO,LV,,,,,,WR/FLEX
134516-12540,D,Minnesota,Minnesota Vikings,Vikings,12.5,2,4300,MIN@TB,MIN,TB,,,,,,DEF
134516-85842,TE,Brevyn,Brevyn Spann-Ford,Spann-Ford,1.2000000476837158,2,4300,BAL@DAL,DAL,BAL,,,,,,TE/FLEX
134516-134014,WR,Jordan,Jordan Watkins,Watkins,1.7999999523162842,2,4300,ARI@SF,SF,ARI,,,,,,WR/FLEX
134516-63907,TE,Josh,Josh Oliver,Oliver,3.049999952316284,2,4300,MIN@TB,MIN,TB,,,,,,TE/FLEX
134516-175021,RB,Jordan,Jordan James,James,1.5,1,4300,ARI@SF,SF,ARI,,,,,,RB/FLEX
134516-73176,TE,Luke,Luke Farrell,Farrell,1.4500000476837158,2,4300,ARI@SF,SF,ARI,,,,,,TE/FLEX
134516-39428,RB,Kyle,Kyle Juszczyk,Juszczyk,9.699999809265137,1,4200,ARI@SF,SF,ARI,,,,,,RB/FLEX
134516-167950,TE,Oscar,Oscar Delp,Delp,1.2999999523162842,1,4200,LV@NO,NO,LV,,,,,,TE/FLEX
134516-201230,RB,Dylan,Dylan Laube,Laube,0,2,4200,LV@NO,LV,NO,,,,,,RB/FLEX
134516-42046,TE,Durham,Durham Smythe,Smythe,0.44999998807907104,2,4200,BAL@DAL,BAL,DAL,,,,,,TE/FLEX
134516-112192,WR,Jonathan,Jonathan Mingo,Mingo,1.5,1,4200,BAL@DAL,DAL,BAL,,,,,,WR/FLEX
134516-91417,TE,Luke,Luke Schoonmaker,Schoonmaker,1.7000000476837158,1,4200,BAL@DAL,DAL,BAL,,,,,,TE/FLEX
134516-85306,WR,KhaDarel,KhaDarel Hodge,Hodge,1.149999976158142,2,4200,ARI@SF,SF,ARI,,,,,,WR/FLEX
134516-72515,TE,Ian,Ian Thomas,Thomas,1.600000023841858,1,4200,LV@NO,LV,NO,,,,,,TE/FLEX
134516-169834,WR,Dareke,Dareke Young,Young,3.200000047683716,1,4200,LV@NO,LV,NO,Q,Hamstring,,,,WR/FLEX
134516-87432,WR,Cedric,Cedric Tillman,Tillman,4.125,12,4200,LV@NO,NO,LV,,,,,,WR/FLEX
134516-137139,WR,Myles,Myles Price,Price,0,2,4200,MIN@TB,MIN,TB,,,,,,WR/FLEX
134516-102986,TE,Elijah,Elijah Higgins,Higgins,0,1,4100,ARI@SF,ARI,SF,,,,,,TE/FLEX
134516-158916,TE,Bauer,Bauer Sharp,Sharp,0,1,4100,MIN@TB,TB,MIN,,,,,,TE/FLEX
134516-137488,RB,Rasheen,Rasheen Ali,Ali,0,2,4100,BAL@DAL,BAL,DAL,,,,,,RB/FLEX
134516-138039,TE,Matt,Matt Hibner,Hibner,1.7999999523162842,1,4100,BAL@DAL,BAL,DAL,,,,,,TE/FLEX
134516-201535,WR,Kameron,Kameron Johnson,Johnson,0,2,4100,MIN@TB,TB,MIN,,,,,,WR/FLEX
134516-91578,RB,Zamir,Zamir White,White,1.5199999809265137,5,4100,LV@NO,NO,LV,,,,,,RB/FLEX
134516-152537,WR,Tai,Tai Felton,Felton,0.4444444444444444,9,4100,MIN@TB,MIN,TB,,,,,,WR/FLEX
134516-89613,WR,Simi,Simi Fehoko,Fehoko,0,1,4000,ARI@SF,ARI,SF,,,,,,WR/FLEX
134516-152593,WR,Harrison,Harrison Wallace III,Wallace III,,0,4000,ARI@SF,ARI,SF,,,,,,WR/FLEX
134516-110616,TE,Treyton,Treyton Welch,Welch,0,1,4000,LV@NO,NO,LV,,,,,,TE/FLEX
134516-86047,RB,Malik,Malik Davis,Davis,4.733333163791233,9,4000,BAL@DAL,DAL,BAL,IR,Hip,,,,RB/FLEX
134516-103966,TE,Stone,Stone Smartt,Smartt,1.7399999618530273,5,4000,LV@NO,NO,LV,,,,,,TE/FLEX
134516-173606,WR,Dillon,Dillon Bell,Bell,,0,4000,MIN@TB,MIN,TB,,,,,,WR/FLEX
134516-138277,WR,Jalen,Jalen Brooks,Brooks,0,1,4000,ARI@SF,ARI,SF,,,,,,WR/FLEX
134516-114224,WR,Kyrese,Kyrese Rowan,Rowan,,0,4000,LV@NO,NO,LV,,,,,,WR/FLEX
134516-226878,TE,Carter,Carter Runyon,Runyon,0.26666667064030963,3,4000,LV@NO,LV,NO,IR,Undisclosed,,,,TE/FLEX
134516-133180,TE,Ben,Ben Yurosek,Yurosek,0.8000000317891439,3,4000,MIN@TB,MIN,TB,IR,Undisclosed,,,,TE/FLEX
134516-166977,WR,Jordan,Jordan Hudson,Hudson,,0,4000,BAL@DAL,DAL,BAL,,,,,,WR/FLEX
134516-86612,TE,Brayden,Brayden Willis,Willis,0,1,4000,ARI@SF,SF,ARI,,,,,,TE/FLEX
134516-152669,TE,Jameson,Jameson Geers,Geers,,0,4000,ARI@SF,ARI,SF,IR,Undisclosed,,,,TE/FLEX
134516-154730,WR,Dean,Dean Patterson IV,Patterson IV,,0,4000,MIN@TB,TB,MIN,,,,,,WR/FLEX
134516-68714,TE,Ko,Ko Kieft,Kieft,,0,4000,MIN@TB,TB,MIN,,,,,,TE/FLEX
134516-183404,TE,Josh,Josh Cuevas,Cuevas,,0,4000,BAL@DAL,BAL,DAL,,,,,,TE/FLEX
134516-56947,TE,Chris,Chris Myarick,Myarick,,0,4000,LV@NO,LV,NO,,,,,,TE/FLEX
134516-61555,WR,David,David Sills V,Sills V,3.3416665395100913,12,4000,MIN@TB,TB,MIN,IR,Undisclosed,,,,WR/FLEX
134516-104054,RB,Sincere,Sincere McCormick,McCormick,,0,4000,ARI@SF,SF,ARI,,,,,,RB/FLEX
134516-201342,RB,Chris,Chris Collier,Collier,,0,4000,LV@NO,LV,NO,IR,Undisclosed,,,,RB/FLEX
134516-172675,WR,Jordyn,Jordyn Tyson,Tyson,,0,4000,LV@NO,NO,LV,IR,Hamstring,,,,WR/FLEX
134516-28827,RB,Dare,Dare Ogunbowale,Ogunbowale,1.7363636710427024,11,4000,LV@NO,LV,NO,,,,,,RB/FLEX
134516-157858,TE,Michael,Michael Trigg,Trigg,,0,4000,BAL@DAL,DAL,BAL,,,,,,TE/FLEX
134516-105648,RB,Tyler,Tyler Goodson,Goodson,0.4199999809265137,10,4000,BAL@DAL,DAL,BAL,,,,,,RB/FLEX
134516-152756,WR,Will,Will Pauling,Pauling,,0,4000,ARI@SF,SF,ARI,,,,,,WR/FLEX
134516-86203,WR,Justin,Justin Shorter,Shorter,,0,4000,LV@NO,LV,NO,IR,Undisclosed,,,,WR/FLEX
134516-129219,RB,Israel,Israel Abanikanda,Abanikanda,,0,4000,BAL@DAL,DAL,BAL,,,,,,RB/FLEX
134516-128717,WR,Corey,Corey Rucker,Rucker,,0,4000,LV@NO,LV,NO,IR,Undisclosed,,,,WR/FLEX
134516-93391,TE,Payne,Payne Durham,Durham,0.3200000047683716,5,4000,MIN@TB,TB,MIN,,,,,,TE/FLEX
134516-171212,WR,Wesley,Wesley Grimes,Grimes,,0,4000,ARI@SF,SF,ARI,,,,,,WR/FLEX
134516-152272,WR,De'Zhaun,De'Zhaun Stribling,Stribling,,0,4000,ARI@SF,SF,ARI,IR,Ankle,,,,WR/FLEX
134516-92882,TE,Connor,Connor Heyward,Heyward,0.10000000149011612,2,4000,LV@NO,LV,NO,,,,,,TE/FLEX
134516-142042,RB,Trey,Trey Benson,Benson,7.224999904632568,4,4000,ARI@SF,ARI,SF,IR,Knee,,,,RB/FLEX
134516-40687,RB,James,James Conner,Conner,9.766666412353516,3,4000,ARI@SF,ARI,SF,IR,Foot,,,,RB/FLEX
134516-156400,RB,Roman,Roman Hemby,Hemby,,0,4000,LV@NO,LV,NO,,,,,,RB/FLEX
134516-61693,TE,Danny,Danny Pinter,Pinter,0,1,4000,BAL@DAL,BAL,DAL,IR,Knee,,,,TE/FLEX
134516-91401,WR,Ronnie,Ronnie Bell,Bell,4.650000095367432,2,4000,LV@NO,LV,NO,,,,,,WR/FLEX
134516-133900,WR,Anthony,Anthony Smith,Smith,,0,4000,BAL@DAL,DAL,BAL,,,,,,WR/FLEX
134516-94481,WR,Deven,Deven Thompkins,Thompkins,0.6714285441807338,7,4000,LV@NO,LV,NO,,,,,,WR/FLEX
134516-170769,WR,Camden,Camden Brown,Brown,,0,4000,BAL@DAL,DAL,BAL,,,,,,WR/FLEX
134516-110868,RB,Josh,Josh Williams,Williams,0,1,4000,MIN@TB,TB,MIN,,,,,,RB/FLEX
134516-152363,TE,Gavin,Gavin Bartholomew,Bartholomew,,0,4000,MIN@TB,MIN,TB,,,,,,TE/FLEX
134516-158511,RB,Max,Max Bredeson,Bredeson,,0,4000,MIN@TB,MIN,TB,,,,,,RB/FLEX
134516-171332,WR,Reggie,Reggie Virgil,Virgil,,0,4000,ARI@SF,ARI,SF,,,,,,WR/FLEX
134516-69451,TE,Jack,Jack Stoll,Stoll,1.7000000476837158,8,4000,ARI@SF,SF,ARI,,,,,,TE/FLEX
134516-87371,RB,Ty,Ty Chandler,Chandler,2.433333396911621,3,4000,LV@NO,NO,LV,IR,Knee,,,,RB/FLEX
134516-91467,TE,Jake,Jake Tonges,Tonges,7.049999872843425,12,4000,ARI@SF,SF,ARI,IR,Knee - mcl,,,,TE/FLEX
134516-103252,RB,Bam,Bam Knight,Knight,2.4000000953674316,1,4000,ARI@SF,ARI,SF,,,,,,RB/FLEX
134516-178011,WR,Xavier,Xavier Guillory,Guillory,,0,4000,BAL@DAL,BAL,DAL,,,,,,WR/FLEX
134516-86875,RB,Jordan,Jordan Mason,Mason,11.899999618530273,1,4000,MIN@TB,MIN,TB,IR,Thumb,,,,RB/FLEX
134516-201564,TE,Cam,Cam Grandy,Grandy,0.8500000238418579,2,4000,MIN@TB,MIN,TB,,,,,,TE/FLEX
134516-185699,WR,Eric,Eric Rivers Jr.,Rivers Jr.,,0,4000,MIN@TB,TB,MIN,,,,,,WR/FLEX
134516-93026,TE,Teagan,Teagan Quitoriano,Quitoriano,0,1,4000,ARI@SF,ARI,SF,,,,,,TE/FLEX
134516-192358,TE,Shawn,Shawn Bowman,Bowman,,0,4000,ARI@SF,ARI,SF,,,,,,TE/FLEX
134516-151909,WR,Dont'e,Dont'e Thornton Jr.,Thornton Jr.,1.6818181818181819,11,4000,LV@NO,LV,NO,IR,Undisclosed,,,,WR/FLEX
134516-151914,TE,Moliki,Moliki Matavao,Matavao,2,1,4000,LV@NO,NO,LV,IR,Knee,,,,TE/FLEX
134516-120684,WR,Garrett,Garrett Greene,Greene,,0,4000,MIN@TB,TB,MIN,,,,,,WR/FLEX
134516-71032,WR,Devin,Devin Duvernay,Duvernay,0,2,4000,ARI@SF,ARI,SF,,,,,,WR/FLEX
134516-110978,RB,Evan,Evan Hull,Hull,0.9833333492279053,6,4000,ARI@SF,ARI,SF,,,,,,RB/FLEX
134516-23435,TE,Andrew,Andrew DePaola,DePaola,0,2,4000,MIN@TB,MIN,TB,,,,,,TE/FLEX
134516-102796,WR,Ricky,Ricky Pearsall,Pearsall,7.659999847412109,10,4000,ARI@SF,SF,ARI,IR,Knee - pcl,,,,WR/FLEX
134516-93075,TE,Hunter,Hunter Long,Long,0,1,4000,ARI@SF,ARI,SF,,,,,,TE/FLEX
134516-87442,TE,Princeton,Princeton Fant,Fant,,0,4000,BAL@DAL,DAL,BAL,IR,Knee - acl + mcl,,,,TE/FLEX
134516-28570,TE,Nick,Nick Vannett,Vannett,,0,4000,BAL@DAL,BAL,DAL,,,,,,TE/FLEX
134516-90533,RB,Jerome,Jerome Ford,Ford,2.353846183189979,13,4000,MIN@TB,MIN,TB,,,,,,RB/FLEX
134516-157609,WR,Gage,Gage Larvadain,Larvadain,0.7416666348775228,12,4000,BAL@DAL,BAL,DAL,,,,,,WR/FLEX
134516-166313,RB,Adam,Adam Randall,Randall,,0,4000,BAL@DAL,BAL,DAL,IR,Undisclosed,,,,RB/FLEX
134516-91055,WR,Kevin,Kevin Austin Jr.,Austin Jr.,1.2000000476837158,1,4000,LV@NO,NO,LV,,,,,,WR/FLEX
134516-138164,TE,Patrick,Patrick Gurd,Gurd,,0,4000,LV@NO,LV,NO,,,,,,TE/FLEX
134516-60858,WR,Christian,Christian Kirk,Kirk,6.1769233116736775,13,4000,ARI@SF,SF,ARI,IR,Calf,,,,WR/FLEX
134516-151993,TE,DJ,DJ Rogers,Rogers,,0,4000,BAL@DAL,DAL,BAL,IR,Knee,,,,TE/FLEX
134516-69068,RB,Jonathan,Jonathan Ward,Ward,,0,4000,BAL@DAL,BAL,DAL,,,,,,RB/FLEX
134516-190930,WR,Ja'Kobi,Ja'Kobi Lane,Lane,1.600000023841858,1,4000,BAL@DAL,BAL,DAL,IR,Wrist,,,,WR/FLEX
134516-109008,WR,Jalen,Jalen Moreno-Cropper,Moreno-Cropper,0,2,4000,LV@NO,NO,LV,,,,,,WR/FLEX
134516-136155,WR,Trayvon,Trayvon Rudolph,Rudolph,,0,4000,MIN@TB,MIN,TB,,,,,,WR/FLEX
134516-243161,TE,Ty,Ty Pezza,Pezza,,0,4000,BAL@DAL,BAL,DAL,,,,,,TE/FLEX
134516-243160,WR,Michael,Michael Briscoe,Briscoe,,0,4000,MIN@TB,MIN,TB,,,,,,WR/FLEX
134516-157150,RB,Audric,Audric Estime,Estime,8.419999694824218,5,4000,LV@NO,NO,LV,Q,Thigh,,,,RB/FLEX
134516-152540,TE,CJ,CJ Dippre,Dippre,,0,4000,MIN@TB,TB,MIN,,,,,,TE/FLEX
134516-85986,TE,James,James Mitchell,Mitchell,1.433333396911621,3,4000,BAL@DAL,DAL,BAL,,,,,,TE/FLEX
134516-155629,TE,Khalil,Khalil Dinkins,Dinkins,,0,4000,ARI@SF,SF,ARI,,,,,,TE/FLEX
134516-102902,WR,Trey,Trey Palmer,Palmer,,0,4000,LV@NO,NO,LV,,,,,,WR/FLEX
134516-12555,D,Baltimore,Baltimore Ravens,Ravens,4.5,2,3900,BAL@DAL,BAL,DAL,,,,,,DEF
134516-12551,D,Tampa Bay,Tampa Bay Buccaneers,Buccaneers,5.5,2,3700,MIN@TB,TB,MIN,,,,,,DEF
134516-12537,D,Las Vegas,Las Vegas Raiders,Raiders,12.5,2,3500,LV@NO,LV,NO,,,,,,DEF
134516-12542,D,New Orleans,New Orleans Saints,Saints,5,2,3400,LV@NO,NO,LV,,,,,,DEF
134516-12530,D,Dallas,Dallas Cowboys,Cowboys,3,2,3300,BAL@DAL,DAL,BAL,,,,,,DEF
134516-12546,D,Arizona,Arizona Cardinals,Cardinals,6,2,3000,ARI@SF,ARI,SF,,,,,,DEF